{"type": "FeatureCollection", "features": [{"type": "Feature", "id": "wms_tg_manzanas.515", "geometry": {"type": "Polygon", "coordinates": [[[-77.0272426774584, -12.117433109699004], [-77.02738512745378, -12.11743206811496], [-77.0273842398838, -12.11731453393064], [-77.02738365329415, -12.117236855628395], [-77.0273830871826, -12.117161888610173], [-77.02738205523563, -12.1170163283126], [-77.02738119533223, -12.116902454329203], [-77.02719714609832, -12.116855898032101], [-77.02707274516743, -12.116823330312426], [-77.02694888699047, -12.116791697652351], [-77.0267558410855, -12.11674669987169], [-77.02675653905501, -12.11686057414876], [-77.02675827463985, -12.117135500998362], [-77.02675904123984, -12.117243862422901], [-77.02676049550152, -12.117436499263835], [-77.02691672214043, -12.11743535721367], [-77.02707460195512, -12.117434202989113], [-77.02720134664636, -12.117433276321439], [-77.0272426774584, -12.117433109699004]]]}, "geometry_name": "geometria", "properties": {"cod_manzana": "0264", "mz_urbana": "K", "observacion": "mz sec 1 al 14", "ruta_da": "5", "tipo_mz": "0", "cod_manzana_inei": null, "zon_vec": "5", "delimitado": "SI"}}, {"type": "Feature", "id": "wms_tg_manzanas.710", "geometry": {"type": "Polygon", "coordinates": [[[-77.0256475401577, -12.127290263699344], [-77.02568453488288, -12.127445494015896], [-77.02581502850002, -12.127393022589226], [-77.02596640081649, -12.12733212855442], [-77.02596215690919, -12.127188943413355], [-77.02595819571894, -12.127050230974099], [-77.02595139725295, -12.126841468573973], [-77.02594875895292, -12.12674753664894], [-77.02594513022645, -12.126631920486329], [-77.02594107547255, -12.126496378390945], [-77.02593702175773, -12.126360971857862], [-77.02593340637793, -12.126247118025752], [-77.02592822099119, -12.126071319382532], [-77.02562545749649, -12.126117458222854], [-77.02537636399387, -12.126155205695895], [-77.025401406872, -12.126260361914618], [-77.02542587515245, -12.126362404176728], [-77.02544978213929, -12.126463094818606], [-77.02547311759547, -12.126561078197502], [-77.02549810987635, -12.126665034418293], [-77.02554402227689, -12.126857181977716], [-77.0255681548677, -12.12695855770877], [-77.02559291216635, -12.127062360252197], [-77.02562563035742, -12.127198641808365], [-77.0256475401577, -12.127290263699344]]]}, "geometry_name": "geometria", "properties": {"cod_manzana": "0396", "mz_urbana": "XIA", "observacion": "mz sec 1 al 14", "ruta_da": "10", "tipo_mz": "0", "cod_manzana_inei": null, "zon_vec": "10", "delimitado": "SI"}}, {"type": "Feature", "id": "wms_tg_manzanas.533", "geometry": {"type": "Polygon", "coordinates": [[[-77.02919364624313, -12.119216383045869], [-77.02919241185077, -12.119211169512615], [-77.02919108668885, -12.11920597759874], [-77.02918967114806, -12.119200808834325], [-77.02918816564566, -12.119195664742682], [-77.02918657062517, -12.119190546839835], [-77.02918488655664, -12.119185456633911], [-77.02918311393643, -12.119180395625033], [-77.02918125328705, -12.119175365304812], [-77.02917930515667, -12.119170367155638], [-77.02917727011955, -12.1191654026505], [-77.02917514877531, -12.119160473252458], [-77.02917294174921, -12.119155580414219], [-77.02917064969165, -12.119150725577764], [-77.02916827327816, -12.119145910173758], [-77.02916581320898, -12.119141135621344], [-77.02916327020921, -12.11913640332755], [-77.02916064502823, -12.119131714687118], [-77.02915793843967, -12.11912707108178], [-77.02915515124123, -12.119122473880008], [-77.02915228425435, -12.119117924436576], [-77.02914933832379, -12.119113424092289], [-77.02914631431794, -12.119108974173377], [-77.02914321312778, -12.119104575991226], [-77.02914003566733, -12.119100230842019], [-77.02913678287308, -12.119095940006321], [-77.02913345570362, -12.119091704748612], [-77.02913234324738, -12.119090337379602], [-77.0291312075337, -12.11908898865055], [-77.02913004888512, -12.119087658944656], [-77.02912886763053, -12.119086348639318], [-77.02912766410543, -12.119085058106768], [-77.02912643865157, -12.119083787713333], [-77.02912519161694, -12.119082537819821], [-77.02912392335567, -12.11908130878124], [-77.02912263422785, -12.119080100946448], [-77.02912132459961, -12.119078914658507], [-77.0291199948428, -12.119077750254245], [-77.02911864533503, -12.119076608064338], [-77.02911727645954, -12.119075488413143], [-77.02911588860502, -12.1190743916186], [-77.0291144821656, -12.119073317992154], [-77.0291130575405, -12.119072267838574], [-77.02911161513451, -12.11907124145622], [-77.02911015535709, -12.119070239136505], [-77.02910867862279, -12.119069261163999], [-77.02910718535088, -12.119068307816422], [-77.0291056759655, -12.119067379364544], [-77.0291041508952, -12.119066476071957], [-77.02910261057312, -12.119065598195283], [-77.02910105543656, -12.119064745983614], [-77.02909948592713, -12.119063919679096], [-77.02909790249059, -12.119063119516323], [-77.02909630557653, -12.119062345722417], [-77.02909469563852, -12.11906159851731], [-77.02909307313351, -12.119060878113016], [-77.02909180889948, -12.119060339016642], [-77.029090126275, -12.119059651105836], [-77.02908843184254, -12.119058991856335], [-77.02908672610619, -12.119058361464267], [-77.02908500957363, -12.119057760117153], [-77.02908328275545, -12.119057187993981], [-77.02908154616559, -12.119056645264969], [-77.02907980032055, -12.119056132091549], [-77.02907804573995, -12.11905564862645], [-77.02907628294577, -12.119055195013543], [-77.02907451246257, -12.119054771387734], [-77.02907273481698, -12.119054377875146], [-77.02907095053808, -12.119054014592853], [-77.02906916015672, -12.119053681648802], [-77.02906736420555, -12.119053379142237], [-77.02906556321895, -12.119053107163095], [-77.0290637577328, -12.119052865792272], [-77.02906194828435, -12.119052655101607], [-77.0290601354118, -12.119052475153813], [-77.02905831965475, -12.119052326002466], [-77.02905650155337, -12.11905220769183], [-77.0290546816486, -12.119052120257125], [-77.02905286048201, -12.119052063724443], [-77.0290510385953, -12.119052038110638], [-77.02904921653065, -12.119052043423181], [-77.02904739483024, -12.119052079660579], [-77.02904557403598, -12.119052146812024], [-77.02904375468974, -12.11905224485767], [-77.02904193733278, -12.119052373768099], [-77.02904012250585, -12.119052533505181], [-77.02903831074882, -12.119052724021238], [-77.02903650260095, -12.119052945259696], [-77.02903469860014, -12.119053197154603], [-77.02903289928308, -12.119053479631125], [-77.02903110518523, -12.11905379260512], [-77.02902931684027, -12.119054135983582], [-77.02902753478045, -12.11905450966427], [-77.029025759536, -12.119054913535997], [-77.02902399163499, -12.119055347478609], [-77.02902223160348, -12.119055811363], [-77.02902047996523, -12.119056305051098], [-77.02901873724139, -12.11905682839614], [-77.0290170039504, -12.11905738124232], [-77.02901528060798, -12.11905796342513], [-77.02901356772699, -12.119058574771284], [-77.02901186581703, -12.119059215099057], [-77.0290101753845, -12.11905988421787], [-77.02900849693233, -12.119060581928517], [-77.02900683095991, -12.119061308023545], [-77.02900517796287, -12.119062062286897], [-77.02900353843326, -12.119062844494074], [-77.02900191285865, -12.119063654412333], [-77.0290003017229, -12.119064491800849], [-77.0289987055053, -12.119065356410353], [-77.02899712468069, -12.119066247983508], [-77.02899555971962, -12.119067166255158], [-77.02899401108759, -12.11906811095215], [-77.02899247924542, -12.119069081793256], [-77.02899096464894, -12.119070078489694], [-77.02898946774863, -12.119071100744769], [-77.02898798898997, -12.119072148254599], [-77.02898652881305, -12.119073220707294], [-77.02898508765223, -12.119074317783774], [-77.02898366593624, -12.119075439157664], [-77.0289822640882, -12.119076584495298], [-77.02898091417266, -12.119077726218826], [-77.02897958400021, -12.119078890163479], [-77.0289782739485, -12.119080075998834], [-77.02897698438952, -12.119081283388066], [-77.0289757156895, -12.119082511988378], [-77.02897446820867, -12.11908376145091], [-77.02897324230133, -12.119085031420742], [-77.0289720383155, -12.119086321537424], [-77.02897085659325, -12.11908763143453], [-77.0289696974699, -12.119088960740099], [-77.02896856127472, -12.119090309076553], [-77.02896744833043, -12.119091676061219], [-77.02896635895293, -12.119093061305717], [-77.02896529345173, -12.119094464416833], [-77.02896425212924, -12.119095884995996], [-77.02896323528117, -12.11909732263998], [-77.02896224319632, -12.119098776940376], [-77.02896127615641, -12.119100247484303], [-77.02896033443605, -12.119101733854214], [-77.02895941830269, -12.119103235628002], [-77.02895852801637, -12.119104752379167], [-77.02895766382996, -12.119106283676993], [-77.02895682598881, -12.119107829086813], [-77.02895601473098, -12.119109388169564], [-77.02895523028675, -12.119110960482677], [-77.0289544728788, -12.119112545579537], [-77.02895374272228, -12.119114143010188], [-77.02895304002459, -12.119115752320912], [-77.02895236498522, -12.119117373054724], [-77.0289503677675, -12.119122412122799], [-77.02894845967072, -12.119127484519868], [-77.02894664126903, -12.119132588719891], [-77.02894491310931, -12.119137723187256], [-77.0289432757116, -12.119142886377306], [-77.02894172956853, -12.119148076736508], [-77.02894027514533, -12.119153292703258], [-77.02893891287948, -12.119158532708564], [-77.02893764318081, -12.11916379517571], [-77.02893646643135, -12.119169078521487], [-77.02893538298524, -12.119174381156439], [-77.02893439316837, -12.119179701485232], [-77.02893349727853, -12.119185037907084], [-77.02893269558531, -12.119190388816648], [-77.02893198832984, -12.119195752603925], [-77.0289313757249, -12.119201127655305], [-77.02893085795493, -12.11920651235359], [-77.0289304351755, -12.119211905078762], [-77.02893010751411, -12.119217304208437], [-77.028929875069, -12.119222708118206], [-77.02892973791036, -12.11922811518226], [-77.02892969607942, -12.119233523773822], [-77.02892974958863, -12.119238932265764], [-77.02893014253492, -12.11924974244245], [-77.02893048185366, -12.119255140874872], [-77.02893091627634, -12.119260532703903], [-77.02893144567213, -12.119265916307512], [-77.02893206988186, -12.119271290065946], [-77.02893278871771, -12.119276652362364], [-77.02893360196335, -12.119282001583677], [-77.02893450937425, -12.119287336120331], [-77.02893551067734, -12.119292654367602], [-77.02893660557142, -12.119297954725228], [-77.02893779372695, -12.119303235598759], [-77.02893907478662, -12.119308495399274], [-77.02894044836495, -12.119313732544441], [-77.0289419140487, -12.119318945458517], [-77.02894347139701, -12.119324132573214], [-77.0289451199412, -12.119329292327896], [-77.02894685918542, -12.11933442317027], [-77.02894868860628, -12.119339523556734], [-77.02895060765341, -12.119344591952647], [-77.02895261574965, -12.11934962683329], [-77.0289547122906, -12.11935462668379], [-77.02895689664562, -12.119359589999974], [-77.02895916815764, -12.119364515288575], [-77.028961526143, -12.119369401067738], [-77.02896396989259, -12.119374245867547], [-77.02896649867097, -12.119379048230478], [-77.0289691117174, -12.119383806711566], [-77.02897180824573, -12.119388519879374], [-77.02897458744474, -12.119393186315804], [-77.02897744847824, -12.119397804616906], [-77.0289803904855, -12.119402373393312], [-77.02898341258141, -12.11940689127032], [-77.02898651385674, -12.119411356888858], [-77.02898836297416, -12.119413920289716], [-77.02899025588356, -12.119416452551967], [-77.0289921920436, -12.1194189529511], [-77.02899417090049, -12.11942142077201], [-77.02899619188808, -12.119423855308726], [-77.02899825442832, -12.119426255865028], [-77.0290003579313, -12.119428621754174], [-77.0290025017954, -12.119430952299446], [-77.02900468540736, -12.119433246834214], [-77.02900690814262, -12.119435504702308], [-77.02900916936532, -12.119437725257745], [-77.02901146842868, -12.119439907865342], [-77.02901380467526, -12.119442051900899], [-77.02901617743655, -12.11944415675119], [-77.02901728064606, -12.119444968954756], [-77.02901876639801, -12.119446043021751], [-77.02902027097325, -12.119447091409807], [-77.02902179391364, -12.119448113799573], [-77.02902333475515, -12.119449109879612], [-77.02902489302843, -12.119450079346562], [-77.02902646825888, -12.11945102190496], [-77.02902805996656, -12.119451937267868], [-77.02902966766679, -12.119452825156431], [-77.02903129086968, -12.119453685300048], [-77.02903292908083, -12.119454517436807], [-77.02903458180128, -12.119455321313328], [-77.02903624852765, -12.119456096684562], [-77.02903792875209, -12.119456843314424], [-77.02903962196285, -12.119457560975528], [-77.02904132764412, -12.119458249449085], [-77.0290430452764, -12.11945890852554], [-77.0290447743365, -12.119459538004111], [-77.02904651429765, -12.11946013769307], [-77.02904826462995, -12.119460707409644], [-77.02905002480006, -12.11946124698037], [-77.02905179427195, -12.119461756240918], [-77.02905357250654, -12.11946223503609], [-77.02905535896235, -12.119462683220014], [-77.02905715309497, -12.11946310065628], [-77.02905895435796, -12.119463487217626], [-77.02906076220266, -12.119463842786448], [-77.02906257607846, -12.119464167254279], [-77.02906439543273, -12.11946446052231], [-77.02906621971128, -12.11946472250131], [-77.02906804835844, -12.119464953111347], [-77.02906988081713, -12.119465152282249], [-77.02907171652927, -12.119465319953418], [-77.02907355493562, -12.119465456073646], [-77.02907539547628, -12.11946556060156], [-77.02907723759046, -12.1194656335052], [-77.0290790807171, -12.119465674762514], [-77.0290809242948, -12.119465684360769], [-77.02908276776189, -12.119465662297245], [-77.0290846105569, -12.119465608578523], [-77.02908645211849, -12.119465523220946], [-77.02908829188573, -12.119465406250596], [-77.0290901292981, -12.11946525770304], [-77.02909196379606, -12.119465077623603], [-77.02909379482071, -12.119464866067002], [-77.02909562181434, -12.119464623097882], [-77.02909744422034, -12.119464348790101], [-77.0290992614837, -12.119464043227277], [-77.02910107305073, -12.119463706502506], [-77.0291028783698, -12.119463338718198], [-77.02910467689088, -12.119462939986603], [-77.02910646806606, -12.119462510429095], [-77.02910825134983, -12.119462050176455], [-77.02911002619894, -12.119461559368943], [-77.02911179207281, -12.11946103815605], [-77.02911354843343, -12.119460486696566], [-77.02911529474585, -12.11945990515851], [-77.0291170304782, -12.119459293718862], [-77.02911875510169, -12.119458652564076], [-77.02912046809104, -12.119457981889317], [-77.02912216892426, -12.119457281898868], [-77.02912385708343, -12.119456552806069], [-77.02912553205445, -12.119455794832959], [-77.02912719332677, -12.119455008210343], [-77.02912884039459, -12.119454193177912], [-77.02913047275617, -12.119453349983958], [-77.02913208991414, -12.119452478885295], [-77.02913369137609, -12.11945158014726], [-77.02913527665407, -12.119450654043607], [-77.02913684526528, -12.11944970085645], [-77.02913839673178, -12.11944872087615], [-77.02913993058115, -12.119447714401243], [-77.02914144634599, -12.119446681738157], [-77.02914294356466, -12.119445623201683], [-77.02914442178108, -12.119444539114147], [-77.02914588054503, -12.119443429805697], [-77.0291473194121, -12.119442295614396], [-77.02914873794401, -12.119441136885671], [-77.02915013570859, -12.119439953972423], [-77.0291515122802, -12.119438747235014], [-77.0291528672395, -12.119437517041012], [-77.02915420017365, -12.119436263765264], [-77.02915551067667, -12.1194349877894], [-77.02915679834936, -12.11943368950206], [-77.02915806279955, -12.119432369298824], [-77.0291593036421, -12.119431027581864], [-77.02916052049889, -12.119429664759762], [-77.02916171299941, -12.119428281247693], [-77.02916288078028, -12.119426877467053], [-77.0291640234859, -12.119425453845574], [-77.02916514076806, -12.11942401081678], [-77.02916623228663, -12.119422548820264], [-77.02916729770884, -12.119421068301486], [-77.02916833671036, -12.119419569711194], [-77.02916934897469, -12.11941805350601], [-77.02917033419337, -12.119416520147828], [-77.02917129206641, -12.119414970103632], [-77.02917222230198, -12.119413403845604], [-77.02917312461675, -12.119411821850909], [-77.02917399873581, -12.119410224601298], [-77.02917484439293, -12.119408612583427], [-77.02917566133056, -12.119406986288357], [-77.02917644929975, -12.119405346211353], [-77.0291772080606, -12.119403692852078], [-77.02917793738183, -12.119402026714143], [-77.02917863704153, -12.119400348305032], [-77.02918061418147, -12.119395361197503], [-77.02918250402867, -12.119390341427184], [-77.02918430602614, -12.119385290473476], [-77.02918601964285, -12.119380209824996], [-77.02918764437378, -12.119375100979056], [-77.02918917974013, -12.11936996544114], [-77.02919062528932, -12.119364804724722], [-77.02919198059547, -12.119359620350739], [-77.02919324525917, -12.119354413847073], [-77.02919441890765, -12.119349186748105], [-77.02919550119512, -12.119343940594181], [-77.02919649180251, -12.119338676931537], [-77.02919739043803, -12.119333397311154], [-77.0291981968367, -12.11932810328928], [-77.02919891076111, -12.11932279642585], [-77.02919953200056, -12.119317478284842], [-77.02920006037218, -12.119312150433663], [-77.0292004957203, -12.119306814442256], [-77.02920083791643, -12.119301471883388], [-77.0292010868599, -12.119296124331397], [-77.0292012424773, -12.119290773362208], [-77.02920130472275, -12.119285420552885], [-77.02920127357788, -12.119280067480844], [-77.02920114905196, -12.119274715723682], [-77.02920093118169, -12.119269366858632], [-77.02920062003123, -12.119264022461884], [-77.02920021569233, -12.11925868410866], [-77.02919971828412, -12.119253353371986], [-77.02919912795318, -12.119248031823041], [-77.02919844487342, -12.119242721030027], [-77.02919766924634, -12.119237422557966], [-77.02919680130042, -12.119232137968474], [-77.02919584129145, -12.11922686881894], [-77.02919478950241, -12.119221616662104], [-77.02919364624313, -12.119216383045869]]]}, "geometry_name": "geometria", "properties": {"cod_manzana": "0310", "mz_urbana": null, "observacion": "mz sec 1 al 14", "ruta_da": null, "tipo_mz": "1", "cod_manzana_inei": null, "zon_vec": "8", "delimitado": "SI"}}, {"type": "Feature", "id": "wms_tg_manzanas.554", "geometry": {"type": "Polygon", "coordinates": [[[-77.03628839599479, -12.123218609555932], [-77.03632642428822, -12.123255205440598], [-77.03649476771942, -12.123252748301239], [-77.03658668742564, -12.123251451909978], [-77.03667627599984, -12.123250160870336], [-77.03687718720829, -12.1232471478234], [-77.03687375857044, -12.123024881885515], [-77.03687055105594, -12.122808025406414], [-77.03686903811612, -12.122717610711954], [-77.03686779454424, -12.122626380611564], [-77.03686633615156, -12.122543150774586], [-77.03686515432851, -12.122460054475408], [-77.03686340166767, -12.122338053511292], [-77.03667880329391, -12.12234076580835], [-77.03649503150226, -12.122343471909085], [-77.03617377574304, -12.12234827254474], [-77.0361316208789, -12.122348853383004], [-77.03594399151956, -12.122351587459113], [-77.03594823737242, -12.12262166610625], [-77.03594960863202, -12.122713118839266], [-77.03595125609232, -12.12282156050562], [-77.03595227248834, -12.122897019634534], [-77.03618499815674, -12.123119797788265], [-77.03628839599479, -12.123218609555932]]]}, "geometry_name": "geometria", "properties": {"cod_manzana": "0381", "mz_urbana": "028", "observacion": "mz sec 1 al 14", "ruta_da": "4", "tipo_mz": "0", "cod_manzana_inei": null, "zon_vec": "4", "delimitado": "SI"}}, {"type": "Feature", "id": "wms_tg_manzanas.790", "geometry": {"type": "Polygon", "coordinates": [[[-77.02771856318085, -12.120718191814204], [-77.02772174766821, -12.120774973043305], [-77.02772971252256, -12.120924795214618], [-77.02773522952057, -12.12101464845784], [-77.02774060702227, -12.121104509888323], [-77.02774574214888, -12.121194747127435], [-77.0277506718786, -12.121281374875956], [-77.0277554989074, -12.121366197878961], [-77.02776009517616, -12.121446965533774], [-77.02791531989251, -12.12144176354879], [-77.02804075410542, -12.121431931653913], [-77.02818052459304, -12.121410575390648], [-77.02832570550147, -12.121388354074016], [-77.0283023264701, -12.12110233349128], [-77.02829286486528, -12.120980659420589], [-77.02828281839972, -12.120854515763693], [-77.02827308846703, -12.120733792652457], [-77.02836812969724, -12.120730656864431], [-77.02837340342806, -12.120798241858221], [-77.02838092729664, -12.120894663114374], [-77.02838768694093, -12.120984981695758], [-77.02840234702471, -12.12117467465848], [-77.02841735850696, -12.121374397341745], [-77.02862076116097, -12.121344031989723], [-77.02891912309958, -12.12129968540377], [-77.0289128076069, -12.121120370456389], [-77.02860451930891, -12.121127371896316], [-77.02859921435868, -12.121081723096825], [-77.02875156802341, -12.121078303317054], [-77.02891136010065, -12.121074693435247], [-77.028907908899, -12.120982665605414], [-77.02889983660947, -12.120753202031358], [-77.02888748135874, -12.120394570093927], [-77.02822586205303, -12.120427881927018], [-77.02799063109417, -12.1204396352941], [-77.02770333934191, -12.120453802871193], [-77.02771856318085, -12.120718191814204]]]}, "geometry_name": "geometria", "properties": {"cod_manzana": "0317", "mz_urbana": "004", "observacion": "mz sec 1 al 14", "ruta_da": "8", "tipo_mz": "0", "cod_manzana_inei": null, "zon_vec": "8", "delimitado": "SI"}}, {"type": "Feature", "id": "wms_tg_manzanas.702", "geometry": {"type": "Polygon", "coordinates": [[[-77.02603017413165, -12.125815155657055], [-77.02603222441275, -12.125944381404144], [-77.02632206151667, -12.125906035978952], [-77.02647007560704, -12.12588644753841], [-77.02685497038956, -12.125835482246979], [-77.02688243659992, -12.125831845949723], [-77.02687510165647, -12.1255608061621], [-77.02686958838214, -12.125357078970103], [-77.02685744358224, -12.125026392495654], [-77.02683000886871, -12.125030150409097], [-77.02660772559294, -12.125060597911565], [-77.02635300404349, -12.125095488460023], [-77.02618652526033, -12.125118291804975], [-77.0260045811841, -12.125143213383792], [-77.02600614796496, -12.125188623834699], [-77.02601480336342, -12.125439484731178], [-77.02603017413165, -12.125815155657055]]]}, "geometry_name": "geometria", "properties": {"cod_manzana": "0391", "mz_urbana": "IV", "observacion": "mz sec 1 al 14", "ruta_da": "10", "tipo_mz": "0", "cod_manzana_inei": null, "zon_vec": "10", "delimitado": "SI"}}, {"type": "Feature", "id": "wms_tg_manzanas.158", "geometry": {"type": "Polygon", "coordinates": [[[-77.02509339305246, -12.127240199697162], [-77.02509345651089, -12.12723605121377], [-77.02509345108155, -12.127231902263864], [-77.02509337676581, -12.127227753955031], [-77.02509331189542, -12.127225875306747], [-77.0250932335837, -12.127223607394505], [-77.02509302157313, -12.127219463689157], [-77.02509274079104, -12.127215323945176], [-77.02509239131217, -12.12721118926742], [-77.02509197322985, -12.127207060759783], [-77.02509148665567, -12.127202939524059], [-77.02509093171959, -12.127198826660534], [-77.0250903085697, -12.12719472326705], [-77.02508961737232, -12.127190630438802], [-77.02508647932822, -12.127177366856714], [-77.025083933949, -12.127168708866442], [-77.02508028640088, -12.127160058932155], [-77.02507636638096, -12.127151817704835], [-77.02507189732368, -12.127143851634154], [-77.02506687820559, -12.127136025155735], [-77.02506354611346, -12.127132660215816], [-77.02505993950264, -12.127129432854224], [-77.02505633391527, -12.12712634105683], [-77.02505245585604, -12.127123657966424], [-77.0250485777968, -12.12712097487599], [-77.02504415172336, -12.12711870250634], [-77.02502383717213, -12.1271114632292], [-77.02500495820624, -12.12711017680976], [-77.02500082814278, -12.12711061371203], [-77.02499670012614, -12.127111321742966], [-77.02499257313278, -12.12711216533823], [-77.02498872372836, -12.127113278048112], [-77.02498460082835, -12.127114663900523], [-77.02498103105951, -12.127116316853666], [-77.02497718779507, -12.127118242949415], [-77.02497362109621, -12.127120302595522], [-77.02497005644398, -12.127122633370266], [-77.02496676835726, -12.12712509769536], [-77.0249637578595, -12.127127831135208], [-77.02496074838507, -12.127130700139352], [-77.02495801649941, -12.127133838258239], [-77.02495528461375, -12.127136976377088], [-77.02495310585928, -12.127140381596794], [-77.02495092812805, -12.127143922380775], [-77.02494412660664, -12.127159274535046], [-77.02472579509922, -12.12712934614103], [-77.02461217460275, -12.127114613180519], [-77.0244340370247, -12.127090306452248], [-77.02441649667291, -12.127069759395841], [-77.02442523129929, -12.126829060704582], [-77.02445338123303, -12.126295675513248], [-77.02499940913098, -12.126216764756135], [-77.02512915948591, -12.1261966854495], [-77.02525621667725, -12.126177210536888], [-77.0253006612085, -12.126361904113788], [-77.02532254514063, -12.126453049038979], [-77.02534367593374, -12.126541055343289], [-77.02536760020622, -12.126628366290774], [-77.02538583214526, -12.126716946580203], [-77.02540692266035, -12.126806766583023], [-77.02545241372685, -12.126994110245544], [-77.02548427347664, -12.127126195381967], [-77.02551187115479, -12.127241229625533], [-77.02553406874986, -12.127334476287805], [-77.02554999764916, -12.12740038328026], [-77.0255719074524, -12.127492005177537], [-77.02554993161274, -12.12750111358601], [-77.0254315371823, -12.127550242725185], [-77.02534598931264, -12.127585674602383], [-77.02525946332872, -12.12762172333053], [-77.02517488236016, -12.12765696168667], [-77.02513631917336, -12.127562742510998], [-77.02510267873488, -12.127480550726546], [-77.02504854970692, -12.127336263111381], [-77.025054569681, -12.127330660665123], [-77.02506003447623, -12.127324519989585], [-77.02506522168194, -12.127318110199408], [-77.02507013232155, -12.127311566858888], [-77.02507421224004, -12.127304487303139], [-77.0250780166158, -12.127297409761422], [-77.02508154237877, -12.127289927540836], [-77.02508558442987, -12.127277832105108], [-77.02508907334908, -12.127265469568853], [-77.02509173461755, -12.127252977510423], [-77.02509339305246, -12.127240199697162]]]}, "geometry_name": "geometria", "properties": {"cod_manzana": "0397", "mz_urbana": "XIB", "observacion": "mz sec 1 al 14", "ruta_da": "10", "tipo_mz": "0", "cod_manzana_inei": null, "zon_vec": "10", "delimitado": "SI"}}, {"type": "Feature", "id": "wms_tg_manzanas.653", "geometry": {"type": "Polygon", "coordinates": [[[-77.02803254164151, -12.125474729577455], [-77.02804318481695, -12.125643302738844], [-77.02821024738603, -12.12561275910861], [-77.02834191952444, -12.12559214430384], [-77.02844858008761, -12.125574831641389], [-77.0286689369559, -12.125539164756953], [-77.02877801484921, -12.125523907725603], [-77.02902634285567, -12.125481820146765], [-77.02920955021797, -12.12545242515926], [-77.02932548665774, -12.125434981240854], [-77.02932092023325, -12.125312148949725], [-77.0293184959805, -12.125247993484646], [-77.02931748171608, -12.125223191328912], [-77.029315212218, -12.125158608131535], [-77.02929916887511, -12.124836724333244], [-77.02929085715313, -12.124628562739145], [-77.02903248089606, -12.124669727104427], [-77.02834178710765, -12.124779861402018], [-77.02817133362151, -12.124806972615703], [-77.02802082749793, -12.124830970737195], [-77.0279932329458, -12.124867656475457], [-77.02800560705415, -12.125022207918825], [-77.02800970860632, -12.125115225248281], [-77.02801877009496, -12.125256831247354], [-77.02802564971329, -12.125364967028759], [-77.02803254164151, -12.125474729577455]]]}, "geometry_name": "geometria", "properties": {"cod_manzana": "0389", "mz_urbana": "X", "observacion": "mz sec 1 al 14", "ruta_da": "9", "tipo_mz": "0", "cod_manzana_inei": null, "zon_vec": "9", "delimitado": "SI"}}, {"type": "Feature", "id": "wms_tg_manzanas.90", "geometry": {"type": "Polygon", "coordinates": [[[-77.03271084011045, -12.121642876222507], [-77.03291904134353, -12.121848860013797], [-77.03297246955162, -12.12184507884929], [-77.03322854036956, -12.121616545399709], [-77.03330983185919, -12.121543979031024], [-77.03339234777742, -12.121470319594929], [-77.0334739793083, -12.121397449566434], [-77.0335543182959, -12.121325733296455], [-77.03360936817509, -12.121276565946495], [-77.03363238058435, -12.121258908422686], [-77.03363849709218, -12.121237682479169], [-77.03363950748157, -12.121124505034906], [-77.03363963749914, -12.12110464620963], [-77.03364086004946, -12.121014245449622], [-77.03364197808494, -12.120898647946992], [-77.03364303389269, -12.120792905270667], [-77.03364416367967, -12.12068319233701], [-77.03364519030059, -12.12057772089732], [-77.0336234630484, -12.120578767942062], [-77.03332184788728, -12.120845068331382], [-77.03306070299737, -12.121075636122809], [-77.03299244906668, -12.121136030260729], [-77.03292566013738, -12.12119481575694], [-77.03286074245047, -12.121252183902952], [-77.03257482252204, -12.121506887074384], [-77.03271084011045, -12.121642876222507]]]}, "geometry_name": "geometria", "properties": {"cod_manzana": "0335", "mz_urbana": "022", "observacion": "mz sec 1 al 14", "ruta_da": "8", "tipo_mz": "0", "cod_manzana_inei": null, "zon_vec": "8", "delimitado": "SI"}}, {"type": "Feature", "id": "wms_tg_manzanas.133", "geometry": {"type": "Polygon", "coordinates": [[[-77.02446472416516, -12.12602231319455], [-77.02445530268531, -12.126184730581505], [-77.02470376233171, -12.126145314621347], [-77.02479477766828, -12.126133160807589], [-77.02489937061858, -12.126115698603655], [-77.02515352617841, -12.126077219525467], [-77.0252669276136, -12.12605932035134], [-77.025466751415, -12.126028847320784], [-77.02564736199591, -12.126002449813326], [-77.02576645975564, -12.12598378846163], [-77.0259191208521, -12.125957020893747], [-77.02591593059873, -12.125686979245922], [-77.02591034864588, -12.125513810585769], [-77.02589636482742, -12.125155878071478], [-77.02564364289616, -12.125197877881924], [-77.02541492468474, -12.125232834815778], [-77.02525268798566, -12.125255927401765], [-77.02503041767231, -12.125290502147864], [-77.02473103218985, -12.125337071648055], [-77.02455185465499, -12.125364942590076], [-77.02449993866249, -12.125431347572432], [-77.02447145005769, -12.125906365228781], [-77.02446472416516, -12.12602231319455]]]}, "geometry_name": "geometria", "properties": {"cod_manzana": "0392", "mz_urbana": "III", "observacion": "mz sec 1 al 14", "ruta_da": "10", "tipo_mz": "0", "cod_manzana_inei": null, "zon_vec": "10", "delimitado": "SI"}}, {"type": "Feature", "id": "wms_tg_manzanas.79", "geometry": {"type": "Polygon", "coordinates": [[[-77.03592588054784, -12.121126565221513], [-77.03592583125412, -12.121156391208405], [-77.03616139759146, -12.121152627276986], [-77.03629486275874, -12.121151243494111], [-77.0364050755859, -12.121150187958747], [-77.03650317859692, -12.1211496916841], [-77.03663228341699, -12.121148896616207], [-77.0367612344083, -12.121148084666471], [-77.03685310973093, -12.121147488958107], [-77.03684906659862, -12.120966481066677], [-77.03684540949915, -12.120786664622553], [-77.03684473901745, -12.12060518723739], [-77.03684226552734, -12.120424489328101], [-77.03683951652752, -12.120243793440602], [-77.03647127827215, -12.120245516173604], [-77.03638081002279, -12.120245937886713], [-77.03628896407913, -12.120246365991669], [-77.0361969597058, -12.120246751725059], [-77.03608701987099, -12.120247288134804], [-77.03592169577598, -12.120247960139686], [-77.0359220506337, -12.120367395610106], [-77.03592265224148, -12.120483033278518], [-77.03592333612342, -12.120609516023876], [-77.03592456618259, -12.120880649039844], [-77.03592511435487, -12.120989237403437], [-77.03592588054784, -12.121126565221513]]]}, "geometry_name": "geometria", "properties": {"cod_manzana": "0332", "mz_urbana": "022", "observacion": "mz sec 1 al 14", "ruta_da": "4", "tipo_mz": "0", "cod_manzana_inei": null, "zon_vec": "4", "delimitado": "SI"}}, {"type": "Feature", "id": "wms_tg_manzanas.147", "geometry": {"type": "Polygon", "coordinates": [[[-77.03278998550284, -12.128363700483268], [-77.03285985348585, -12.128530873090778], [-77.03294464748994, -12.128496134800173], [-77.03302944238689, -12.128461396480278], [-77.03311423614316, -12.128426658240786], [-77.03336861845355, -12.128322443342325], [-77.03331633663463, -12.12819701601005], [-77.03326266545102, -12.128068731899033], [-77.03319260778883, -12.127900658800273], [-77.03312289917578, -12.127733421840764], [-77.03307410265865, -12.127616356314768], [-77.03301833645314, -12.127482567242632], [-77.03284514902349, -12.127546788307296], [-77.03275920010178, -12.127578659986202], [-77.03267324748869, -12.127610532572328], [-77.03250178184442, -12.127674114474548], [-77.03256623481872, -12.12782833108829], [-77.03257968427829, -12.1278605110164], [-77.03260763097126, -12.127927380287085], [-77.03267260796584, -12.128082851111092], [-77.03275505154939, -12.128280114166992], [-77.03277251898214, -12.128321907322874], [-77.03278998550284, -12.128363700483268]]]}, "geometry_name": "geometria", "properties": {"cod_manzana": "0447", "mz_urbana": "024", "observacion": "mz sec 1 al 14", "ruta_da": "9", "tipo_mz": "0", "cod_manzana_inei": null, "zon_vec": "9", "delimitado": "SI"}}, {"type": "Feature", "id": "wms_tg_manzanas.148", "geometry": {"type": "Polygon", "coordinates": [[[-77.02705501899983, -12.127568139460841], [-77.02706218187127, -12.127782492037264], [-77.02738674620642, -12.127652293795755], [-77.02760822317282, -12.127563448541707], [-77.0277357384628, -12.12751223828327], [-77.0278634863771, -12.127461141758157], [-77.02804094335251, -12.127387989852934], [-77.02802765504218, -12.127197609058657], [-77.02801444861201, -12.126981604630352], [-77.02800681176834, -12.12684622451978], [-77.02799529043617, -12.126634410465478], [-77.02785848490434, -12.126690182718788], [-77.02772634506518, -12.126743480477199], [-77.02763183958258, -12.126781318739678], [-77.02746212901855, -12.126850302470688], [-77.02729157579249, -12.126919848878451], [-77.02703728120552, -12.127024270274925], [-77.0270448498343, -12.12721789883537], [-77.02704888465315, -12.12730819019517], [-77.02705501899983, -12.127568139460841]]]}, "geometry_name": "geometria", "properties": {"cod_manzana": "0416", "mz_urbana": "XVIII", "observacion": "mz sec 1 al 14", "ruta_da": "10", "tipo_mz": "0", "cod_manzana_inei": null, "zon_vec": "10", "delimitado": "SI"}}, {"type": "Feature", "id": "wms_tg_manzanas.22", "geometry": {"type": "Polygon", "coordinates": [[[-77.03274761409737, -12.121007541914032], [-77.03272962991478, -12.121252515512602], [-77.03291709904109, -12.121083167833442], [-77.03303724340866, -12.12097464307211], [-77.03320281932916, -12.120825249230702], [-77.03287974514626, -12.120808096566913], [-77.03276258859832, -12.12080177048366], [-77.03275483864722, -12.120906352766243], [-77.03274761409737, -12.121007541914032]]]}, "geometry_name": "geometria", "properties": {"cod_manzana": "0336", "mz_urbana": "020", "observacion": "mz sec 1 al 14", "ruta_da": "8", "tipo_mz": "0", "cod_manzana_inei": null, "zon_vec": "8", "delimitado": "SI"}}, {"type": "Feature", "id": "wms_tg_manzanas.149", "geometry": {"type": "Polygon", "coordinates": [[[-77.02343985506302, -12.128433676940276], [-77.0237618224422, -12.128521887076664], [-77.02380549125081, -12.128356577062966], [-77.023828800727, -12.128268556190166], [-77.02385157342567, -12.128182437245073], [-77.02387460835972, -12.128094553949477], [-77.02389764635194, -12.128007077347196], [-77.02392792351351, -12.12789297576813], [-77.02394426418445, -12.12783090003663], [-77.02399140850963, -12.1276514651539], [-77.02371667560308, -12.127578229729933], [-77.02366091459362, -12.127747830784653], [-77.02360544952728, -12.127920141113488], [-77.02354970886259, -12.128092453453208], [-77.02352197628129, -12.128178608616095], [-77.02349424368623, -12.128264763778544], [-77.02343985506302, -12.128433676940276]]]}, "geometry_name": "geometria", "properties": {"cod_manzana": "0419", "mz_urbana": "1", "observacion": "mz sec 1 al 14", "ruta_da": "10", "tipo_mz": "0", "cod_manzana_inei": null, "zon_vec": "10", "delimitado": "SI"}}, {"type": "Feature", "id": "wms_tg_manzanas.150", "geometry": {"type": "Polygon", "coordinates": [[[-77.02664191241595, -12.129682058879217], [-77.02660149964416, -12.129812231306634], [-77.02679994009472, -12.129737069065575], [-77.02689253168148, -12.129702040410267], [-77.0270401019582, -12.129646345965924], [-77.02718902796524, -12.12958980731284], [-77.02729399182401, -12.12955013007561], [-77.02741599122648, -12.129503956252803], [-77.02752095500594, -12.129464278940091], [-77.02784793521228, -12.129340548859343], [-77.02801444847726, -12.129277644770992], [-77.02815457812474, -12.129224017060631], [-77.02812576607863, -12.128729934117645], [-77.0281197260662, -12.128623554664262], [-77.02811090480935, -12.128477337532054], [-77.02793289097683, -12.128549815802442], [-77.02788618904877, -12.128568730984467], [-77.02774416158955, -12.128626439556433], [-77.0275823902413, -12.128696900734878], [-77.02741756014905, -12.128763723783944], [-77.02708979262314, -12.128892610766831], [-77.0269260767167, -12.128961052265561], [-77.02683899978526, -12.128997480315737], [-77.02679844067131, -12.129136466879642], [-77.02676863078909, -12.129239312733405], [-77.02673774563802, -12.129344878791049], [-77.02672465588168, -12.129389762016965], [-77.0266780816009, -12.129549463651887], [-77.02664191241595, -12.129682058879217]]]}, "geometry_name": "geometria", "properties": {"cod_manzana": "0440", "mz_urbana": "004", "observacion": "mz sec 1 al 14", "ruta_da": "10", "tipo_mz": "0", "cod_manzana_inei": null, "zon_vec": "10", "delimitado": "SI"}}, {"type": "Feature", "id": "wms_tg_manzanas.453", "geometry": {"type": "Polygon", "coordinates": [[[-77.03252964425943, -12.1180499478873], [-77.03253663142611, -12.118959669602068], [-77.03287825572576, -12.118955799067836], [-77.03308943207847, -12.118951943937706], [-77.0332732122278, -12.118950596099424], [-77.03345670347272, -12.118947487832463], [-77.03345179928921, -12.118045432805076], [-77.03332863671183, -12.118046336105339], [-77.03322283261062, -12.118047112051208], [-77.03320712731376, -12.118047227227207], [-77.03308265337823, -12.1180481653418], [-77.03289896566852, -12.118049512281576], [-77.03276109040858, -12.118049166592511], [-77.03252964425943, -12.1180499478873]]]}, "geometry_name": "geometria", "properties": {"cod_manzana": "0280", "mz_urbana": "008", "observacion": "mz sec 1 al 14", "ruta_da": "5", "tipo_mz": "0", "cod_manzana_inei": null, "zon_vec": "5", "delimitado": "SI"}}, {"type": "Feature", "id": "wms_tg_manzanas.464", "geometry": {"type": "Polygon", "coordinates": [[[-77.03100057666437, -12.121765584378846], [-77.03128862712113, -12.12214280218343], [-77.03128097373128, -12.122078190730273], [-77.03123312627086, -12.121727140385058], [-77.03100057666437, -12.121765584378846]]]}, "geometry_name": "geometria", "properties": {"cod_manzana": "0341", "mz_urbana": "025", "observacion": "mz sec 1 al 14", "ruta_da": "8", "tipo_mz": "0", "cod_manzana_inei": null, "zon_vec": "8", "delimitado": "SI"}}, {"type": "Feature", "id": "wms_tg_manzanas.155", "geometry": {"type": "Polygon", "coordinates": [[[-77.02866832063822, -12.12235003170644], [-77.02898750794814, -12.122363014782294], [-77.02896668562842, -12.122052173322208], [-77.02895526302837, -12.121921607350904], [-77.02894073971984, -12.121753420743625], [-77.02893164860694, -12.121644352189973], [-77.02892798050581, -12.121377845357996], [-77.02875179295187, -12.12140368881283], [-77.02860485510517, -12.121426982641331], [-77.02842348398313, -12.12145569547313], [-77.02845538977012, -12.121849026312812], [-77.02846295893661, -12.121943165209853], [-77.02848119720736, -12.122168397733116], [-77.02849549659723, -12.122343026789595], [-77.02866832063822, -12.12235003170644]]]}, "geometry_name": "geometria", "properties": {"cod_manzana": "0345", "mz_urbana": "006", "observacion": "mz sec 1 al 14", "ruta_da": "8", "tipo_mz": "0", "cod_manzana_inei": null, "zon_vec": "8", "delimitado": "SI"}}, {"type": "Feature", "id": "wms_tg_manzanas.514", "geometry": {"type": "Polygon", "coordinates": [[[-77.03038774255127, -12.117903169653049], [-77.03041494870868, -12.117929949136489], [-77.03052571047162, -12.117928866818275], [-77.03066347024523, -12.11792704442988], [-77.03082878318683, -12.117925020150473], [-77.03096654498273, -12.117923468739765], [-77.03107317167671, -12.117922145351287], [-77.03126242916343, -12.117916420543677], [-77.03130781764808, -12.117869858153997], [-77.03130230580659, -12.117469149454937], [-77.03129644582991, -12.117168088282394], [-77.03129702345579, -12.117062338348351], [-77.03125398899225, -12.117019406337535], [-77.03110051729965, -12.117020395044428], [-77.03106607491951, -12.117020511773791], [-77.030970465715, -12.11702121211747], [-77.03087513203539, -12.117021910410141], [-77.0307822939625, -12.117022498203152], [-77.03065371221173, -12.117023352264194], [-77.03042215716091, -12.117024956734383], [-77.03037837874462, -12.117065813190429], [-77.03037947624532, -12.117138064754574], [-77.03038087209045, -12.117249765435062], [-77.03038219296884, -12.11737669224466], [-77.0303831486279, -12.117477915567335], [-77.03038504585254, -12.11765590702645], [-77.0303858955343, -12.117731820831999], [-77.03038774255127, -12.117903169653049]]]}, "geometry_name": "geometria", "properties": {"cod_manzana": "0259", "mz_urbana": "003", "observacion": "mz sec 1 al 14", "ruta_da": "5", "tipo_mz": "0", "cod_manzana_inei": null, "zon_vec": "5", "delimitado": "SI"}}, {"type": "Feature", "id": "wms_tg_manzanas.538", "geometry": {"type": "Polygon", "coordinates": [[[-77.02599766680085, -12.119987288654], [-77.02591649022536, -12.120192331688873], [-77.02591089420909, -12.120190883170256], [-77.02586562942325, -12.120304910739577], [-77.02586241931039, -12.120369906698258], [-77.02604181996276, -12.120369202975624], [-77.02617553167411, -12.120368778333525], [-77.02631008791958, -12.120368349704949], [-77.02635123485682, -12.12036821883578], [-77.02638946101199, -12.12036809485118], [-77.02646661231486, -12.12036784898654], [-77.02657398156579, -12.120367506907185], [-77.02671726337877, -12.120367050030584], [-77.02671465464576, -12.120249462683256], [-77.02671160125288, -12.120111791101072], [-77.02671004621803, -12.120041738891404], [-77.02670841738502, -12.119968319262792], [-77.02656151814075, -12.119972335521533], [-77.0264487723673, -12.119975395221767], [-77.02630829929814, -12.119979222991576], [-77.02616466815137, -12.119983137944367], [-77.02599766680085, -12.119987288654]]]}, "geometry_name": "geometria", "properties": {"cod_manzana": "0316", "mz_urbana": "002", "observacion": "mz sec 1 al 14", "ruta_da": "8", "tipo_mz": "0", "cod_manzana_inei": null, "zon_vec": "8", "delimitado": "SI"}}, {"type": "Feature", "id": "wms_tg_manzanas.553", "geometry": {"type": "Polygon", "coordinates": [[[-77.03513805421701, -12.122212716700252], [-77.03524606720121, -12.12221233026497], [-77.03535400809461, -12.122211905702478], [-77.03543262608028, -12.122210268835719], [-77.03553812529245, -12.122208072313553], [-77.03564013635, -12.122206332472121], [-77.03579470571657, -12.122203671594361], [-77.03579265238263, -12.12193074114368], [-77.03579265048997, -12.121840362977604], [-77.03579263913902, -12.121751340656822], [-77.03578923401487, -12.121570615369055], [-77.03578815645378, -12.121435603207981], [-77.03578663689868, -12.121328515966136], [-77.03575769234999, -12.121300318288739], [-77.03571636281636, -12.121300704985138], [-77.03563829591776, -12.12130143559576], [-77.03555573971573, -12.121302209095266], [-77.03541613771361, -12.121303515364527], [-77.03534633671107, -12.12130416892473], [-77.03527791427574, -12.121304809633386], [-77.03522097869345, -12.1213053424821], [-77.03516219154429, -12.121305892529438], [-77.03491788797996, -12.121308179690136], [-77.03488711743623, -12.121337389790332], [-77.03488883982598, -12.12144680561807], [-77.03488939579708, -12.121582387959089], [-77.03489642170703, -12.121763578886638], [-77.03489885834269, -12.12189957696589], [-77.03489633588237, -12.121986732069761], [-77.0349014247876, -12.122185441929556], [-77.03492864210703, -12.122213576455902], [-77.03502783694174, -12.12221311927849], [-77.03513805421701, -12.122212716700252]]]}, "geometry_name": "geometria", "properties": {"cod_manzana": "0362", "mz_urbana": "025", "observacion": "mz sec 1 al 14", "ruta_da": "4", "tipo_mz": "0", "cod_manzana_inei": null, "zon_vec": "4", "delimitado": "SI"}}, {"type": "Feature", "id": "wms_tg_manzanas.56", "geometry": {"type": "Polygon", "coordinates": [[[-77.02871884737877, -12.123092322851123], [-77.0287657546758, -12.123392270471832], [-77.02911664704659, -12.123334388342094], [-77.02906617790332, -12.123037178346447], [-77.02871884737877, -12.123092322851123]]]}, "geometry_name": "geometria", "properties": {"cod_manzana": "0371", "mz_urbana": null, "observacion": "mz sec 1 al 14", "ruta_da": "8", "tipo_mz": "0", "cod_manzana_inei": null, "zon_vec": "8", "delimitado": "SI"}}, {"type": "Feature", "id": "wms_tg_manzanas.643", "geometry": {"type": "Polygon", "coordinates": [[[-77.03104906666456, -12.118974073568873], [-77.03127639396043, -12.118972646923554], [-77.03132178181644, -12.118925816725666], [-77.03131262703788, -12.118100448931235], [-77.03127502516301, -12.118064219566506], [-77.03103669575637, -12.118066601208414], [-77.03062340767778, -12.118070730738541], [-77.03042182114957, -12.118072744795127], [-77.03039364321067, -12.118105714261425], [-77.03039437251198, -12.118206785388578], [-77.03039532789231, -12.118339186522455], [-77.03039625393768, -12.118467520725908], [-77.03040293723416, -12.118978127432033], [-77.03083966014073, -12.11897538756562], [-77.03104906666456, -12.118974073568873]]]}, "geometry_name": "geometria", "properties": {"cod_manzana": "0282", "mz_urbana": "004", "observacion": "mz sec 1 al 14", "ruta_da": "5", "tipo_mz": "0", "cod_manzana_inei": null, "zon_vec": "5", "delimitado": "SI"}}, {"type": "Feature", "id": "wms_tg_manzanas.666", "geometry": {"type": "Polygon", "coordinates": [[[-77.02829779196057, -12.116636637213112], [-77.02825188755925, -12.116906760585652], [-77.02841307228209, -12.116905445898473], [-77.02850509969245, -12.116904772647823], [-77.02859685054189, -12.116903965818322], [-77.02874921823259, -12.116902715443393], [-77.02890103587033, -12.11690160458129], [-77.02917381060021, -12.116899472885756], [-77.02928021336702, -12.11627985423816], [-77.02937086025489, -12.115752117616973], [-77.02940285787422, -12.1155658305889], [-77.02945596590668, -12.115256640486185], [-77.02950926441288, -12.114946007384582], [-77.02953992939747, -12.114767809128079], [-77.02957275620878, -12.114576695868264], [-77.02954521060865, -12.11454018467727], [-77.02896510382942, -12.114542164540316], [-77.02865374906789, -12.114543226688879], [-77.02861722841861, -12.114758054036793], [-77.02860213700302, -12.114846826476978], [-77.0285840367985, -12.114952641494519], [-77.02856504564326, -12.115064898163581], [-77.02854842773542, -12.115163038021818], [-77.0285242610396, -12.11530491167163], [-77.0283575664522, -12.116285450745984], [-77.02829779196057, -12.116636637213112]]]}, "geometry_name": "geometria", "properties": {"cod_manzana": "0228", "mz_urbana": "195, 60c, 69", "observacion": "mz sec 1 al 14", "ruta_da": "5", "tipo_mz": "0", "cod_manzana_inei": null, "zon_vec": "5", "delimitado": "SI"}}, {"type": "Feature", "id": "wms_tg_manzanas.62", "geometry": {"type": "Polygon", "coordinates": [[[-77.03482300202724, -12.116820248306169], [-77.03486658593833, -12.116862904505577], [-77.03501096160997, -12.116861573771867], [-77.03506606658131, -12.116861033758491], [-77.03512640662026, -12.116860455309908], [-77.03527794604557, -12.116859071856624], [-77.03536988089397, -12.116858246708588], [-77.03546172262804, -12.116857389611164], [-77.03555356435662, -12.116856532483615], [-77.03564816130756, -12.116855647217541], [-77.03574091940389, -12.116854782749925], [-77.03573997267382, -12.116745430163702], [-77.0357394952459, -12.116690284236117], [-77.0357392276218, -12.116583636599504], [-77.03573750031155, -12.116440846332956], [-77.03573716387719, -12.116401985137903], [-77.03573621689334, -12.116311607381931], [-77.03573554563066, -12.116234069595839], [-77.03573425675485, -12.116096930686682], [-77.0357333553541, -12.11597804146702], [-77.03570945121835, -12.115950696028236], [-77.03562459138418, -12.115951725717732], [-77.0355416602479, -12.115952741223118], [-77.03545916101633, -12.115953784408381], [-77.03537228227343, -12.115954875593808], [-77.03528044372605, -12.11595601381396], [-77.03518401435574, -12.115957271800854], [-77.03505509552124, -12.115958888415541], [-77.03483660917526, -12.115961576377336], [-77.03481637926122, -12.115982738357186], [-77.03481711176862, -12.116079395212493], [-77.03481790078767, -12.116183508065697], [-77.03481868262254, -12.116286671972805], [-77.03481991876052, -12.116413421925], [-77.03482300202724, -12.116820248306169]]]}, "geometry_name": "geometria", "properties": {"cod_manzana": "0241", "mz_urbana": "084", "observacion": "mz sec 1 al 14", "ruta_da": "3", "tipo_mz": "0", "cod_manzana_inei": "", "zon_vec": "3", "delimitado": "SI"}}, {"type": "Feature", "id": "wms_tg_manzanas.700", "geometry": {"type": "Polygon", "coordinates": [[[-77.03455473339245, -12.118035447739018], [-77.03437105529902, -12.118037798809727], [-77.03425165839066, -12.118038674888304], [-77.03403059819811, -12.118041159731717], [-77.03392653095493, -12.11804213720991], [-77.03382037350356, -12.118043335749451], [-77.03371622560334, -12.118044413716374], [-77.03359040329998, -12.118045715864888], [-77.0335954408488, -12.11873980358696], [-77.03359692555826, -12.11894766856851], [-77.03382652826437, -12.118945224127307], [-77.03403777627013, -12.118944782337296], [-77.03440514892281, -12.11894087013388], [-77.03457038964417, -12.118937283182234], [-77.03469906009576, -12.118935932129405], [-77.03469647069916, -12.118594311868943], [-77.03469605969109, -12.118540086429979], [-77.03469564868499, -12.118485860990802], [-77.03469523886825, -12.11839543804822], [-77.03469455455277, -12.118305152690853], [-77.03469421136965, -12.118259874448308], [-77.03469338937974, -12.118151423567395], [-77.03469249958451, -12.118034025487727], [-77.03455473339245, -12.118035447739018]]]}, "geometry_name": "geometria", "properties": {"cod_manzana": "0279", "mz_urbana": "010", "observacion": "mz sec 1 al 14", "ruta_da": "3", "tipo_mz": "0", "cod_manzana_inei": null, "zon_vec": "3", "delimitado": "SI"}}, {"type": "Feature", "id": "wms_tg_manzanas.75", "geometry": {"type": "Polygon", "coordinates": [[[-77.03543186000813, -12.121158835066105], [-77.03552264235962, -12.121158681766904], [-77.03561807381071, -12.121157780419686], [-77.03577742111622, -12.121156229322882], [-77.0357760203308, -12.121058178694742], [-77.03577458082125, -12.120957416988427], [-77.03577367725065, -12.120864331715978], [-77.0357731580492, -12.12081002502901], [-77.03577292294338, -12.120702740356188], [-77.03577040986156, -12.120485244119864], [-77.03576851408779, -12.120388246118075], [-77.03576863753284, -12.12029674470083], [-77.03576837461875, -12.120252150989513], [-77.0357236449387, -12.120252290587281], [-77.03563097276657, -12.120252581605232], [-77.03554987244313, -12.12025283642275], [-77.03543460484957, -12.120253193879373], [-77.0353205120688, -12.12025355983434], [-77.03518274903637, -12.120254936454224], [-77.034992448693, -12.120256523361823], [-77.03489468089491, -12.120257814096515], [-77.03486390173885, -12.12028684438363], [-77.03486398326778, -12.120368835385262], [-77.03486522291368, -12.120438972767948], [-77.0348667340098, -12.120635539816572], [-77.03487024040491, -12.120812041901436], [-77.03487581745594, -12.120976427018514], [-77.03487984346313, -12.121114197354892], [-77.0349251850595, -12.121160942903263], [-77.03534354471222, -12.121158984680802], [-77.03543186000813, -12.121158835066105]]]}, "geometry_name": "geometria", "properties": {"cod_manzana": "0333", "mz_urbana": "020", "observacion": "mz sec 1 al 14", "ruta_da": "4", "tipo_mz": "0", "cod_manzana_inei": null, "zon_vec": "4", "delimitado": "SI"}}, {"type": "Feature", "id": "wms_tg_manzanas.91", "geometry": {"type": "Polygon", "coordinates": [[[-77.02288504386026, -12.122717773488425], [-77.022928711423, -12.122780361501686], [-77.0230669921813, -12.122978556808775], [-77.02318814602779, -12.122896711273306], [-77.02330172773455, -12.12281998111232], [-77.02341539930896, -12.122743223103681], [-77.02346772245083, -12.122702440648647], [-77.0235268174892, -12.122646153539277], [-77.02357272042079, -12.122594436615897], [-77.0236213153319, -12.122534294570576], [-77.02364579273375, -12.12249154625418], [-77.02366778211119, -12.122447731527634], [-77.02368487825426, -12.122412764705963], [-77.0237000364295, -12.12237659188667], [-77.02371243309193, -12.12233962579905], [-77.0237220702873, -12.122302137572461], [-77.0237436750022, -12.122214251818606], [-77.02376509550442, -12.122126365207746], [-77.02380615016966, -12.121950170429843], [-77.02371862096115, -12.121929514186846], [-77.02359357886411, -12.121900004940228], [-77.02350873321775, -12.121879982199124], [-77.02334198088562, -12.121840629190768], [-77.02325418528181, -12.121819910272892], [-77.02303440038193, -12.121768394737176], [-77.02301111090925, -12.121822522384496], [-77.02298477825663, -12.121875045378609], [-77.02295485032599, -12.121925832176384], [-77.02290555032415, -12.122002112328987], [-77.02286298647638, -12.122058143082171], [-77.02282121243819, -12.122109287474178], [-77.02276023761077, -12.122172095615493], [-77.02272411597106, -12.122205438810095], [-77.02264743647405, -12.122268497118617], [-77.02259593271683, -12.122308324441859], [-77.02268147038134, -12.122425994031643], [-77.02272908876716, -12.122494245048525], [-77.0228070660765, -12.122606009079918], [-77.02288504386026, -12.122717773488425]]]}, "geometry_name": "geometria", "properties": {"cod_manzana": "0520", "mz_urbana": "J", "observacion": "mz sec 1 al 14", "ruta_da": "11", "tipo_mz": "0", "cod_manzana_inei": null, "zon_vec": "11", "delimitado": "SI"}}, {"type": "Feature", "id": "wms_tg_manzanas.92", "geometry": {"type": "Polygon", "coordinates": [[[-77.02612656544832, -12.128800012407256], [-77.02613704882972, -12.129166386059701], [-77.02655181238093, -12.128990227003861], [-77.02682367012844, -12.128062825883816], [-77.02650993624032, -12.128189033562059], [-77.02611378479456, -12.12834838093444], [-77.02612656544832, -12.128800012407256]]]}, "geometry_name": "geometria", "properties": {"cod_manzana": "0431", "mz_urbana": "XVI", "observacion": "mz sec 1 al 14", "ruta_da": "10", "tipo_mz": "0", "cod_manzana_inei": null, "zon_vec": "10", "delimitado": "SI"}}, {"type": "Feature", "id": "wms_tg_manzanas.93", "geometry": {"type": "Polygon", "coordinates": [[[-77.02961049005026, -12.12651122835507], [-77.02963319899658, -12.126758816134448], [-77.02980002376533, -12.126690378575066], [-77.02992721147504, -12.126638200745894], [-77.03026774445969, -12.126498479306427], [-77.03043729569315, -12.126428916976991], [-77.03053842541892, -12.126387388743568], [-77.03060642286653, -12.126359528484544], [-77.03060567221218, -12.126352460774843], [-77.03060561987938, -12.126345547017598], [-77.030605843087, -12.12633863124094], [-77.03060634183524, -12.126331713444959], [-77.03060766617871, -12.126324654026805], [-77.0306092681148, -12.12631786371712], [-77.03061114661757, -12.126311206951806], [-77.03061357620099, -12.12630454614768], [-77.0306165599437, -12.126298287996441], [-77.03061954368624, -12.126292029845054], [-77.0306233550761, -12.12628590119943], [-77.03062716954425, -12.126280179245295], [-77.0306315361192, -12.126274588816187], [-77.03063618131273, -12.126269403059203], [-77.03064110307268, -12.126264350846677], [-77.03064657899164, -12.126259701286815], [-77.03065205798895, -12.126255458418361], [-77.03065781355254, -12.126251349094412], [-77.03066412430132, -12.126247777986803], [-77.03067037518682, -12.12624454986156], [-77.0306418248328, -12.12614783279633], [-77.03061761357374, -12.12606581672503], [-77.03060677606234, -12.126029104080263], [-77.0305714366693, -12.12590942836051], [-77.03054081890114, -12.125805233960245], [-77.03048715302792, -12.125623215758944], [-77.03024317516271, -12.125719993756856], [-77.03015376499806, -12.125757304719983], [-77.03011723429073, -12.125772077868753], [-77.03000084684764, -12.12581914418141], [-77.02991504244058, -12.125853842812205], [-77.02983008779461, -12.125888198073568], [-77.02974513312338, -12.125922553312238], [-77.02965915922879, -12.125957319996996], [-77.02956852270809, -12.125993881433303], [-77.02958379032376, -12.12618085370621], [-77.02958925142734, -12.126248424097513], [-77.02959996902997, -12.126381042939594], [-77.02961049005026, -12.12651122835507]]]}, "geometry_name": "geometria", "properties": {"cod_manzana": "0414", "mz_urbana": "013", "observacion": "mz sec 1 al 14", "ruta_da": "9", "tipo_mz": "0", "cod_manzana_inei": null, "zon_vec": "9", "delimitado": "SI"}}, {"type": "Feature", "id": "wms_tg_manzanas.240", "geometry": {"type": "Polygon", "coordinates": [[[-77.0296115716976, -12.115983176238196], [-77.02958854737146, -12.11613395307926], [-77.02954689781976, -12.11639785735112], [-77.02952960171673, -12.116506558357248], [-77.02951171001354, -12.116618400274769], [-77.02946311201715, -12.116896542099662], [-77.02982104620223, -12.11689649787083], [-77.03007702876224, -12.116896521789014], [-77.03014867089033, -12.116896539530892], [-77.03021617185162, -12.116895503004297], [-77.03028340548003, -12.116895552990838], [-77.03035723441765, -12.116893249950907], [-77.0303936276143, -12.11667742479352], [-77.03040550979729, -12.116609009755736], [-77.03042169076951, -12.116526057090677], [-77.03044255288356, -12.11638548570731], [-77.03046093943766, -12.116287028301906], [-77.03047895686997, -12.116191645467692], [-77.03051549943893, -12.115977738456776], [-77.03019495897423, -12.115978709041329], [-77.02990865737732, -12.115980901428951], [-77.0296115716976, -12.115983176238196]]]}, "geometry_name": "geometria", "properties": {"cod_manzana": "0246", "mz_urbana": "064", "observacion": "mz sec 1 al 14", "ruta_da": "5", "tipo_mz": "0", "cod_manzana_inei": null, "zon_vec": "5", "delimitado": "SI"}}, {"type": "Feature", "id": "wms_tg_manzanas.96", "geometry": {"type": "Polygon", "coordinates": [[[-77.03171592969449, -12.11923695580863], [-77.03155061293873, -12.119238516033903], [-77.0313694070635, -12.119240226223887], [-77.03117617613037, -12.119242061441867], [-77.03105274936878, -12.11924322604672], [-77.0308836841638, -12.119245083752793], [-77.03071946844659, -12.119246557865562], [-77.03058170389968, -12.119247838134026], [-77.0303036939435, -12.11925028106364], [-77.03028340846173, -12.119446330405937], [-77.03026915917117, -12.119584799008518], [-77.03028279848752, -12.119586816742677], [-77.03027046364012, -12.119709900300423], [-77.03026775965309, -12.11973688297315], [-77.03025712482435, -12.119841369140042], [-77.03027831017747, -12.119865159821046], [-77.03031309358649, -12.1198679877006], [-77.03031218393625, -12.119897799161855], [-77.03032215685683, -12.11989860278295], [-77.03029704934644, -12.120210615184993], [-77.0302926855567, -12.120264672003291], [-77.03028185519896, -12.12040253996305], [-77.03026426608098, -12.120621777860839], [-77.0302538808377, -12.120751964323768], [-77.03030956105253, -12.120827340937637], [-77.03048159947359, -12.121058450213727], [-77.03057431882719, -12.1211854792814], [-77.03064830947808, -12.121286458536945], [-77.03086032234818, -12.121576151469773], [-77.03092698322281, -12.12165851433184], [-77.03121355751713, -12.121610518012863], [-77.03121239542207, -12.121586700468416], [-77.03127968344906, -12.121592679662195], [-77.03140678248985, -12.121589347364475], [-77.03146808252096, -12.121579374954443], [-77.03151168937681, -12.121572990579677], [-77.0315575481149, -12.121566047982428], [-77.03193882219573, -12.12150832624229], [-77.03193876180424, -12.121462711567256], [-77.03193860731224, -12.12134476835661], [-77.03193840816148, -12.121229535500243], [-77.03193587401039, -12.121106575066046], [-77.03193549368086, -12.120984391241217], [-77.0319358681434, -12.120862380984994], [-77.03193433740346, -12.1207403794693], [-77.03192533442956, -12.120021909338659], [-77.03192221354051, -12.119687825331908], [-77.03191798348226, -12.11923504873305], [-77.03171592969449, -12.11923695580863]]]}, "geometry_name": "geometria", "properties": {"cod_manzana": "0307", "mz_urbana": "49b, 015", "observacion": "mz sec 1 al 14", "ruta_da": "8", "tipo_mz": "0", "cod_manzana_inei": "", "zon_vec": "8", "delimitado": "SI"}}, {"type": "Feature", "id": "wms_tg_manzanas.80", "geometry": {"type": "Polygon", "coordinates": [[[-77.02450584578733, -12.12516203522702], [-77.02452381130564, -12.125185556738852], [-77.02471754283349, -12.125155666613896], [-77.0248450335055, -12.125135996279877], [-77.02502680963991, -12.12510795032202], [-77.02524964523953, -12.125073569404618], [-77.02539954989479, -12.125050446832049], [-77.02544784606691, -12.12504298920529], [-77.02561027153232, -12.125017928524466], [-77.02588340028473, -12.124975787175572], [-77.02587465726621, -12.124645384321292], [-77.02586988773217, -12.124465139937588], [-77.02586664350794, -12.124342537615451], [-77.02586112572469, -12.124134014281681], [-77.02585551234888, -12.123921877020702], [-77.02584625814384, -12.123573466580048], [-77.02561455356889, -12.123614747232592], [-77.02550145355899, -12.123634960658565], [-77.02538593964353, -12.123655542352582], [-77.02495161085683, -12.12373286503927], [-77.02487921529507, -12.123745753407931], [-77.02483266882992, -12.123754039927727], [-77.02482741666864, -12.123773987077897], [-77.02481389412922, -12.123825344235], [-77.02480375809132, -12.123863839812481], [-77.02476051130618, -12.12402322193556], [-77.02469609207708, -12.124273812286056], [-77.02466798061593, -12.124397308333903], [-77.02464181807387, -12.124504521959057], [-77.0245958385848, -12.12468512646147], [-77.02456724575333, -12.12484049119047], [-77.02450584578733, -12.12516203522702]]]}, "geometry_name": "geometria", "properties": {"cod_manzana": "0375", "mz_urbana": "II", "observacion": "mz sec 1 al 14", "ruta_da": "8", "tipo_mz": "0", "cod_manzana_inei": "", "zon_vec": "8", "delimitado": "SI"}}, {"type": "Feature", "id": "wms_tg_manzanas.241", "geometry": {"type": "Polygon", "coordinates": [[[-77.02749470591891, -12.118588577085747], [-77.02749884084152, -12.118963353567448], [-77.02754070077124, -12.11900013260617], [-77.02781575993134, -12.118996612326791], [-77.0279718889266, -12.11899483545095], [-77.02812939595708, -12.118993039665753], [-77.0281214323389, -12.118581891717904], [-77.0281162696969, -12.118363144108828], [-77.02809178659335, -12.118336799360774], [-77.02780523919573, -12.118339641381654], [-77.02764910784563, -12.118341208468864], [-77.02749065102388, -12.118342745022586], [-77.02749470591891, -12.118588577085747]]]}, "geometry_name": "geometria", "properties": {"cod_manzana": "0285", "mz_urbana": "C", "observacion": "mz sec 1 al 14", "ruta_da": "5", "tipo_mz": "0", "cod_manzana_inei": "", "zon_vec": "5", "delimitado": "SI"}}, {"type": "Feature", "id": "wms_tg_manzanas.101", "geometry": {"type": "Polygon", "coordinates": [[[-77.02987819694002, -12.129607165611858], [-77.02988305104353, -12.129711125065356], [-77.03005940426056, -12.129641207323788], [-77.03014426093546, -12.129607479785294], [-77.03023064638694, -12.129573315324798], [-77.03044177764663, -12.129487981970536], [-77.03051609924981, -12.129457886884605], [-77.03055729341828, -12.129441202303651], [-77.03056678290898, -12.12943735885752], [-77.03061804642374, -12.129416661823454], [-77.03070276817526, -12.12938240324154], [-77.03079679642023, -12.129344380813857], [-77.03089050106563, -12.129306489200836], [-77.03099440236716, -12.129264474290059], [-77.03107935843185, -12.129230120290428], [-77.031169239001, -12.129193794102163], [-77.03126099325407, -12.129156517042418], [-77.03132912468672, -12.12912917431878], [-77.03151593136272, -12.129053511321722], [-77.0314677717655, -12.128897283270355], [-77.03143612300951, -12.12879481196679], [-77.03141225861084, -12.128717783630433], [-77.03138759673257, -12.128637693313827], [-77.03134091116428, -12.128486534825994], [-77.03130859131485, -12.128382733670222], [-77.03127525701495, -12.128274656610133], [-77.03123260297392, -12.128136686612693], [-77.0310293961865, -12.128213155565827], [-77.03093345538096, -12.128249682307793], [-77.03080335590748, -12.128299220072133], [-77.03058834866167, -12.128381087096294], [-77.03037419786462, -12.12846262781138], [-77.03031570217449, -12.128484776717938], [-77.03025427365141, -12.128508290328886], [-77.03019945047743, -12.128529165202048], [-77.03014419956904, -12.128550202270697], [-77.03005768299802, -12.1285831447646], [-77.02997202183758, -12.12861576101775], [-77.02979641858175, -12.12868262366029], [-77.02981534443441, -12.128879674530166], [-77.02983007857556, -12.129033086743942], [-77.02983512987731, -12.129085679460594], [-77.02985493726113, -12.129292634125212], [-77.02987322231944, -12.12950063118339], [-77.02987819694002, -12.129607165611858]]]}, "geometry_name": "geometria", "properties": {"cod_manzana": "0449", "mz_urbana": "001", "observacion": "mz sec 1 al 14", "ruta_da": "9", "tipo_mz": "0", "cod_manzana_inei": null, "zon_vec": "9", "delimitado": "SI"}}, {"type": "Feature", "id": "wms_tg_manzanas.105", "geometry": {"type": "Polygon", "coordinates": [[[-77.02609244810918, -12.127950288277098], [-77.026098293099, -12.128167120775478], [-77.02622314240107, -12.128117172846625], [-77.02631246664157, -12.128081433125006], [-77.02643160681232, -12.128033744226764], [-77.02656732279405, -12.127979516999691], [-77.02676319821133, -12.127902978853442], [-77.02694744630331, -12.127827390361787], [-77.0269351652732, -12.127464993233092], [-77.02692894451603, -12.12728271203304], [-77.02692167339185, -12.127068634305267], [-77.02673874849089, -12.127143037518506], [-77.02665386491584, -12.12717756312946], [-77.026499718802, -12.12724026101309], [-77.02635931833585, -12.127297366727268], [-77.02629141140486, -12.127324987687432], [-77.02607920174397, -12.127411301776382], [-77.02608636174637, -12.127676921600694], [-77.02608855359532, -12.127758233790365], [-77.02609064803393, -12.12783593210428], [-77.02609244810918, -12.127950288277098]]]}, "geometry_name": "geometria", "properties": {"cod_manzana": "0417", "mz_urbana": "XV", "observacion": "mz sec 1 al 14", "ruta_da": "10", "tipo_mz": "0", "cod_manzana_inei": null, "zon_vec": "10", "delimitado": "SI"}}, {"type": "Feature", "id": "wms_tg_manzanas.110", "geometry": {"type": "Polygon", "coordinates": [[[-77.03315897926149, -12.120711809762282], [-77.0333190491651, -12.120719757442572], [-77.03343045956575, -12.120621143523936], [-77.03343859665578, -12.12061403552662], [-77.03349239842453, -12.12057108988038], [-77.0335428822002, -12.12052767205232], [-77.03359198148013, -12.120485442032647], [-77.03366113945387, -12.120425968049247], [-77.03366116685228, -12.120372644865], [-77.03366125858653, -12.120194147764185], [-77.0336613257569, -12.120063460771279], [-77.03366136464246, -12.11998781415035], [-77.0336613926124, -12.119933406425242], [-77.03366417750387, -12.11986937447834], [-77.03366516445061, -12.119721409030134], [-77.03366397356312, -12.11942441111461], [-77.03366450939804, -12.11922407353479], [-77.03350653567614, -12.119224987588328], [-77.03341193862971, -12.119225389447974], [-77.03328335530554, -12.119226126150771], [-77.0331487986118, -12.11922705716267], [-77.03289668348236, -12.119228515417145], [-77.03286417651657, -12.11966431110362], [-77.03284766125768, -12.119839525690962], [-77.03282483000179, -12.120068393039139], [-77.03280986536839, -12.120248542456386], [-77.03278919947212, -12.120504537035808], [-77.03277481147008, -12.120692734932192], [-77.03299945843587, -12.120703889359755], [-77.03315897926149, -12.120711809762282]]]}, "geometry_name": "geometria", "properties": {"cod_manzana": "0305", "mz_urbana": "48, 019", "observacion": "mz sec 1 al 14", "ruta_da": "8", "tipo_mz": "0", "cod_manzana_inei": null, "zon_vec": "8", "delimitado": "SI"}}, {"type": "Feature", "id": "wms_tg_manzanas.111", "geometry": {"type": "Polygon", "coordinates": [[[-77.03185706199707, -12.122794258535722], [-77.03188710370114, -12.122795122857713], [-77.03210686387698, -12.122595984214305], [-77.03230883501752, -12.122412973299356], [-77.03197392909257, -12.122070806602693], [-77.03170627569541, -12.122313272297287], [-77.03156505756758, -12.122440931107162], [-77.0315633720412, -12.122473073871546], [-77.03185706199707, -12.122794258535722]]]}, "geometry_name": "geometria", "properties": {"cod_manzana": "0339", "mz_urbana": "024", "observacion": "mz sec 1 al 14", "ruta_da": "8", "tipo_mz": "0", "cod_manzana_inei": null, "zon_vec": "8", "delimitado": "SI"}}, {"type": "Feature", "id": "wms_tg_manzanas.113", "geometry": {"type": "Polygon", "coordinates": [[[-77.03225187178059, -12.122239368063248], [-77.03238450946851, -12.122377163523796], [-77.03251489678458, -12.122259659444138], [-77.03261818614081, -12.122171482893265], [-77.03268164723427, -12.122113495493776], [-77.03284644565204, -12.121962720095278], [-77.03259586836111, -12.121701439300491], [-77.03248340055633, -12.121584167002874], [-77.0324325467709, -12.12162989030952], [-77.03232071133003, -12.121730379657555], [-77.03221258606315, -12.121823040996388], [-77.03201407136996, -12.121992320189179], [-77.0321997638278, -12.122185234207771], [-77.03225187178059, -12.122239368063248]]]}, "geometry_name": "geometria", "properties": {"cod_manzana": "0338", "mz_urbana": "023", "observacion": "mz sec 1 al 14", "ruta_da": "8", "tipo_mz": "0", "cod_manzana_inei": null, "zon_vec": "8", "delimitado": "SI"}}, {"type": "Feature", "id": "wms_tg_manzanas.118", "geometry": {"type": "Polygon", "coordinates": [[[-77.03408079473449, -12.125062030158812], [-77.03406674292033, -12.125061371398678], [-77.03403733741273, -12.125058599751647], [-77.03402518832203, -12.125054809303073], [-77.03401206294149, -12.125049545213946], [-77.03399646351053, -12.125042188799426], [-77.03393491178099, -12.124985441332857], [-77.0339296680874, -12.124963160292959], [-77.03392716342819, -12.124933451787157], [-77.03392088334186, -12.124870963398708], [-77.03389422190064, -12.124903444698823], [-77.03378544339462, -12.125021105437131], [-77.03395206281408, -12.125208280616484], [-77.03408079473449, -12.125062030158812]]]}, "geometry_name": "geometria", "properties": {"cod_manzana": "0787", "mz_urbana": null, "observacion": "mz sec 1 al 14", "ruta_da": null, "tipo_mz": "1", "cod_manzana_inei": null, "zon_vec": "4", "delimitado": "SI"}}, {"type": "Feature", "id": "wms_tg_manzanas.120", "geometry": {"type": "Polygon", "coordinates": [[[-77.02947995129972, -12.121536397198156], [-77.0296913282543, -12.121423773737021], [-77.02995436410329, -12.121772842017535], [-77.0300118661103, -12.121870573690806], [-77.03009820822973, -12.122028831202213], [-77.030131244846, -12.12208954818539], [-77.0302290642543, -12.122293964778752], [-77.03029843649671, -12.122439638875722], [-77.03030309204836, -12.122456188666797], [-77.03033293095093, -12.122595320370813], [-77.03059272455522, -12.122524924701533], [-77.03101922582091, -12.122409410887094], [-77.03108130764656, -12.122238271474144], [-77.03075194878696, -12.12179140159377], [-77.0307271692488, -12.12175769029339], [-77.03027252343223, -12.121140239305277], [-77.03008459811251, -12.120885249621102], [-77.02992729562465, -12.12067152116591], [-77.02968396786059, -12.120341288505138], [-77.02963719282458, -12.120277505381441], [-77.0292978156714, -12.119816877769612], [-77.02909472954245, -12.119888997179842], [-77.02910951901748, -12.120314448237252], [-77.02911270718388, -12.120408104754883], [-77.02912826696365, -12.12086242741864], [-77.02913110464165, -12.120946189862064], [-77.02914420002665, -12.121329761468319], [-77.02918066756348, -12.121690240116587], [-77.02947995129972, -12.121536397198156]]]}, "geometry_name": "geometria", "properties": {"cod_manzana": "0806", "mz_urbana": null, "observacion": "mz sec 1 al 14", "ruta_da": null, "tipo_mz": "1", "cod_manzana_inei": null, "zon_vec": "8", "delimitado": "SI"}}, {"type": "Feature", "id": "wms_tg_manzanas.121", "geometry": {"type": "Polygon", "coordinates": [[[-77.03260449689978, -12.122921637601394], [-77.03271043641897, -12.122829350008223], [-77.03254712511571, -12.122659456821589], [-77.0323821474569, -12.122487813297848], [-77.03194399482467, -12.122884725067214], [-77.03194235392245, -12.122886363953572], [-77.03192073228492, -12.122905773603756], [-77.03193796132618, -12.122924898412254], [-77.03221198029286, -12.123231856215275], [-77.03222782039812, -12.123249499899755], [-77.03224889917267, -12.123231178776432], [-77.03260449689978, -12.122921637601394]]]}, "geometry_name": "geometria", "properties": {"cod_manzana": "0366", "mz_urbana": "030", "observacion": "mz sec 1 al 14", "ruta_da": "8", "tipo_mz": "0", "cod_manzana_inei": null, "zon_vec": "8", "delimitado": "SI"}}, {"type": "Feature", "id": "wms_tg_manzanas.122", "geometry": {"type": "Polygon", "coordinates": [[[-77.03149617319329, -12.1236061294744], [-77.03159955960783, -12.123831640133512], [-77.03160944817373, -12.123827500499953], [-77.03171368090985, -12.12405558073634], [-77.03189718281364, -12.123980620098138], [-77.03200761433872, -12.123935614127342], [-77.0323009963868, -12.123815651288675], [-77.0323076158128, -12.12378008306973], [-77.03218108335071, -12.123591075598435], [-77.03208715851933, -12.123450634611997], [-77.03202723326758, -12.123360647952778], [-77.03198583227359, -12.123315263984091], [-77.03182299920688, -12.123135741279786], [-77.03133034058474, -12.122593542439446], [-77.03105055598954, -12.122653210777933], [-77.0314017847964, -12.123404413348988], [-77.03149617319329, -12.1236061294744]]]}, "geometry_name": "geometria", "properties": {"cod_manzana": "0367", "mz_urbana": "026", "observacion": "mz sec 1 al 14", "ruta_da": "8", "tipo_mz": "0", "cod_manzana_inei": null, "zon_vec": "8", "delimitado": "SI"}}, {"type": "Feature", "id": "wms_tg_manzanas.124", "geometry": {"type": "Polygon", "coordinates": [[[-77.02985041915674, -12.1201979914498], [-77.03016059517071, -12.120222156402434], [-77.03017177094226, -12.120060337784818], [-77.03020964603161, -12.119530382646213], [-77.03021474898956, -12.119257846605525], [-77.02988467648528, -12.11926243281759], [-77.02941076418715, -12.119266580372715], [-77.02937293954396, -12.11954830378744], [-77.02963274633434, -12.11990797097553], [-77.02985041915674, -12.1201979914498]]]}, "geometry_name": "geometria", "properties": {"cod_manzana": "0308", "mz_urbana": null, "observacion": "mz sec 1 al 14", "ruta_da": "8", "tipo_mz": "0", "cod_manzana_inei": null, "zon_vec": "8", "delimitado": "SI"}}, {"type": "Feature", "id": "wms_tg_manzanas.126", "geometry": {"type": "Polygon", "coordinates": [[[-77.03086460662503, -12.122987265633205], [-77.03099973774246, -12.123001866082673], [-77.03105232173694, -12.122959318021639], [-77.0309775529304, -12.122801247434632], [-77.03096943206062, -12.122784089379296], [-77.0309611533015, -12.122673252649378], [-77.03073881306779, -12.122713655307466], [-77.03076277784815, -12.12282180126298], [-77.0307715964865, -12.12285834092412], [-77.03078508738132, -12.122929688198912], [-77.03086460662503, -12.122987265633205]]]}, "geometry_name": "geometria", "properties": {"cod_manzana": "0368", "mz_urbana": null, "observacion": "mz sec 1 al 14", "ruta_da": "8", "tipo_mz": "0", "cod_manzana_inei": null, "zon_vec": "8", "delimitado": "SI"}}, {"type": "Feature", "id": "wms_tg_manzanas.23", "geometry": {"type": "Polygon", "coordinates": [[[-77.03543116049892, -12.127601415786645], [-77.03535662881008, -12.127586644631092], [-77.03532066973173, -12.12757832251549], [-77.03525926935978, -12.12756257671721], [-77.03522707963737, -12.12755442204043], [-77.0352242522535, -12.127554247667987], [-77.035222026089, -12.127554898236957], [-77.03521977292544, -12.127558524936289], [-77.03521902428025, -12.12756114047472], [-77.03521941628196, -12.127563796419464], [-77.03522147300814, -12.127566952385433], [-77.03525589150944, -12.127581335267752], [-77.03527818216082, -12.127617858409838], [-77.03528782554835, -12.127686477927126], [-77.03528869429569, -12.127696423841611], [-77.03528546291224, -12.127701814015648], [-77.03527974156025, -12.127705758909274], [-77.03527253363002, -12.127709812295448], [-77.03525186510943, -12.12771718442989], [-77.03524619627277, -12.12771498193019], [-77.03524042606097, -12.127712487460451], [-77.0352332810104, -12.127711759378357], [-77.03522555287705, -12.127712596724177], [-77.03521803785831, -12.127715383935046], [-77.03520993679538, -12.127719346309576], [-77.03520411850798, -12.127723584628589], [-77.03520028257147, -12.127727710813028], [-77.03519543142134, -12.127735259459545], [-77.03519280310589, -12.127741718489531], [-77.03519234656741, -12.127746893135043], [-77.03519146432306, -12.127756134494232], [-77.03518864886651, -12.127769427041997], [-77.03518596217322, -12.127783675174623], [-77.03517957863593, -12.12780715707393], [-77.03517568322941, -12.127822251050484], [-77.03517033791157, -12.127838431775446], [-77.03516904307112, -12.127843941339766], [-77.03516750431095, -12.127849333129554], [-77.03516512679954, -12.12785628544347], [-77.03516142033101, -12.127866060036098], [-77.03515937435712, -12.127870856071842], [-77.03515613556661, -12.127875270584047], [-77.03515050744141, -12.127878434218507], [-77.03513714303453, -12.127881361970035], [-77.03509339589479, -12.127892123493414], [-77.03507412292107, -12.127900461081207], [-77.03505171249222, -12.127900430561908], [-77.03502609210354, -12.127895545042648], [-77.03501089627629, -12.127892339233803], [-77.03499858777722, -12.127890673359675], [-77.03495888002875, -12.1278849155983], [-77.03492176362515, -12.127880895084768], [-77.03489884854055, -12.127879697400944], [-77.03488962863922, -12.127879960266366], [-77.03488190790017, -12.127881773264761], [-77.03487399477298, -12.127884368248601], [-77.03486510564248, -12.127889019403872], [-77.03485802127969, -12.12789629173478], [-77.03485054473883, -12.127904152375539], [-77.03484217895407, -12.127922746480163], [-77.03484127606455, -12.127937199642044], [-77.03482000577881, -12.127939343804538], [-77.03473783611808, -12.127978408910206], [-77.03474672404465, -12.127995656484234], [-77.03475838289667, -12.128016256024077], [-77.03477002102689, -12.128034123711622], [-77.03478165323766, -12.128051210869344], [-77.03479563851795, -12.128064768166888], [-77.03481069755576, -12.128079628848353], [-77.03483235542296, -12.12809455051994], [-77.03485825111814, -12.128109581474538], [-77.03487815904265, -12.12811958268743], [-77.03490121623382, -12.128126438476304], [-77.03492386496372, -12.128131736118442], [-77.03494808240498, -12.128134680518304], [-77.0349738626353, -12.128134491146618], [-77.03499447201469, -12.128132388325195], [-77.03501708516141, -12.12812958382345], [-77.03504096424784, -12.128123056673372], [-77.03506293396126, -12.128114243780553], [-77.03508377665209, -12.128103577449178], [-77.03510448728005, -12.128090174268861], [-77.03512163082182, -12.128076030702626], [-77.03514052425338, -12.128057822310234], [-77.03515948908995, -12.128034356782267], [-77.03520259378406, -12.127964473536], [-77.03522150030695, -12.127934244659889], [-77.03531455028981, -12.127788456726778], [-77.03543116049892, -12.127601415786645]]]}, "geometry_name": "geometria", "properties": {"cod_manzana": "0457", "mz_urbana": null, "observacion": "mz sec 1 al 14", "ruta_da": null, "tipo_mz": "1", "cod_manzana_inei": null, "zon_vec": "9", "delimitado": "SI"}}, {"type": "Feature", "id": "wms_tg_manzanas.128", "geometry": {"type": "Polygon", "coordinates": [[[-77.03049321388559, -12.122735429868758], [-77.03056682763304, -12.123150317516393], [-77.03060061760084, -12.123143747791127], [-77.03066440721548, -12.123461399610274], [-77.03067860505459, -12.123532095483547], [-77.0307501902138, -12.123888568384974], [-77.03081948540068, -12.124234310816956], [-77.03098207150983, -12.124209114094548], [-77.03115174999412, -12.12418290364391], [-77.03137572826793, -12.12414834877141], [-77.03146655525381, -12.124134396966825], [-77.0315436186667, -12.124122308462159], [-77.03154444528089, -12.124122302402299], [-77.03161983082039, -12.124106972466041], [-77.03162526459667, -12.124096764779882], [-77.03156438690058, -12.123953776613396], [-77.03152794498641, -12.123871887535326], [-77.0314926268023, -12.123792837209116], [-77.0314679043573, -12.123803050718308], [-77.0313981747347, -12.123655517952303], [-77.03132256552422, -12.123495691258759], [-77.03119397755817, -12.1232234755283], [-77.03112464320206, -12.123076787518059], [-77.03101061168476, -12.123109957897794], [-77.03099795432233, -12.123119259569151], [-77.03097030138098, -12.123063147674397], [-77.03093552951181, -12.123048231149328], [-77.03084349588475, -12.123044217514918], [-77.03067363980092, -12.123076125685097], [-77.03066436706968, -12.12302837307284], [-77.03059923701584, -12.122718177536587], [-77.03049321388559, -12.122735429868758]]]}, "geometry_name": "geometria", "properties": {"cod_manzana": "0369", "mz_urbana": "027", "observacion": "mz sec 1 al 14", "ruta_da": "8", "tipo_mz": "0", "cod_manzana_inei": null, "zon_vec": "8", "delimitado": "SI"}}, {"type": "Feature", "id": "wms_tg_manzanas.131", "geometry": {"type": "Polygon", "coordinates": [[[-77.02702378196484, -12.126757569160084], [-77.0270279182149, -12.126903820718256], [-77.02719164575721, -12.126839266551139], [-77.02724141764965, -12.126819563532058], [-77.02736718301013, -12.126769776937088], [-77.02755379741568, -12.12669589679237], [-77.0276470140371, -12.12665755101195], [-77.02774322694279, -12.126620433245327], [-77.02785834183597, -12.12657393276117], [-77.02798562558186, -12.126522363505522], [-77.02797522343717, -12.126335978885868], [-77.02796841780497, -12.126245033133578], [-77.0279620518056, -12.126154418934771], [-77.02795764067395, -12.126064607502578], [-77.0279517239329, -12.125974495697577], [-77.02794551423975, -12.12588208131838], [-77.02793803126355, -12.125767035799994], [-77.02778554687085, -12.12578997880588], [-77.02766561520725, -12.125807877952411], [-77.0274084611402, -12.125846288998071], [-77.02722680004065, -12.125873512344903], [-77.02715884813172, -12.125883622433888], [-77.02699815840027, -12.12590765901711], [-77.02700176834377, -12.126032286237956], [-77.02700577339522, -12.126161185593336], [-77.02700872853782, -12.126260538005011], [-77.02701168368871, -12.126359890415591], [-77.02701463987218, -12.126459378389388], [-77.02701787775125, -12.126559677731136], [-77.027020832927, -12.126659030138644], [-77.02702378196484, -12.126757569160084]]]}, "geometry_name": "geometria", "properties": {"cod_manzana": "0394", "mz_urbana": "XVII", "observacion": "mz sec 1 al 14", "ruta_da": "10", "tipo_mz": "0", "cod_manzana_inei": null, "zon_vec": "10", "delimitado": "SI"}}, {"type": "Feature", "id": "wms_tg_manzanas.132", "geometry": {"type": "Polygon", "coordinates": [[[-77.02411997897791, -12.126502902276963], [-77.02387871170323, -12.127260083701978], [-77.0238387625134, -12.127358930029343], [-77.02383540181289, -12.127358002833354], [-77.02380471683297, -12.127423699734832], [-77.02403695825167, -12.127484694737072], [-77.02406835443185, -12.127358269116366], [-77.02408407342425, -12.127294968295898], [-77.02411632124935, -12.12716223655756], [-77.02412677427219, -12.12711730564539], [-77.02414251401576, -12.127037452825725], [-77.02415526978126, -12.126959831547737], [-77.02416788894239, -12.126859371813183], [-77.02418456146367, -12.12653306473332], [-77.0241795183117, -12.126532069439085], [-77.02418306568958, -12.126498175911676], [-77.02418065346099, -12.126493132831527], [-77.02417739772905, -12.126488571732507], [-77.02417339503369, -12.126484627861535], [-77.02416876406399, -12.12648141816352], [-77.02416364213882, -12.126479037813226], [-77.02415818113504, -12.126477557393606], [-77.02415254298384, -12.126477020802467], [-77.02414689486925, -12.126477443951003], [-77.02414140427102, -12.126478814291806], [-77.02413623399774, -12.126481091191227], [-77.0241315373599, -12.126484207133963], [-77.02412745362366, -12.126488069725223], [-77.02412410388115, -12.126492564430254], [-77.02412158746002, -12.12649755797078], [-77.02411997897791, -12.126502902276963]]]}, "geometry_name": "geometria", "properties": {"cod_manzana": "0399", "mz_urbana": "I", "observacion": "mz sec 1 al 14", "ruta_da": "10", "tipo_mz": "0", "cod_manzana_inei": null, "zon_vec": "10", "delimitado": "SI"}}, {"type": "Feature", "id": "wms_tg_manzanas.134", "geometry": {"type": "Polygon", "coordinates": [[[-77.03593926856882, -12.122064133462025], [-77.03594013848225, -12.122199697994384], [-77.0361821476023, -12.122197592560783], [-77.0363672131674, -12.122195982541783], [-77.03649120274461, -12.122194903414995], [-77.03682189484442, -12.12219202598533], [-77.03686014845364, -12.122155338638041], [-77.03685875952499, -12.121966654881732], [-77.03685707303785, -12.121737552380639], [-77.03685626077551, -12.121497044646063], [-77.03685552458808, -12.121286645752557], [-77.03669021411642, -12.12128881667487], [-77.03658922375757, -12.121289918066926], [-77.03648817649038, -12.121291483506885], [-77.03630133947397, -12.121293949676597], [-77.03593435777499, -12.121298792934756], [-77.0359358451226, -12.121428021862384], [-77.03593840942108, -12.121608767998817], [-77.03593712568019, -12.121730248155371], [-77.03593793767672, -12.121856775138435], [-77.03593817310586, -12.121893377583039], [-77.03593926856882, -12.122064133462025]]]}, "geometry_name": "geometria", "properties": {"cod_manzana": "0361", "mz_urbana": "027", "observacion": "mz sec 1 al 14", "ruta_da": "4", "tipo_mz": "0", "cod_manzana_inei": null, "zon_vec": "4", "delimitado": "SI"}}, {"type": "Feature", "id": "wms_tg_manzanas.135", "geometry": {"type": "Polygon", "coordinates": [[[-77.0330579743646, -12.129011757911139], [-77.03311437287698, -12.129145291011515], [-77.03333080790932, -12.129084302348094], [-77.03334127079746, -12.12910840511465], [-77.0334282745112, -12.129079435711377], [-77.03365356721099, -12.129001429075627], [-77.03360614053501, -12.12889065501329], [-77.03356945349907, -12.128805830851853], [-77.03352816106936, -12.128705266334386], [-77.03348636568997, -12.12860644623084], [-77.03341171789747, -12.128428446969023], [-77.0333962835386, -12.128391684905548], [-77.0332611217104, -12.12844609201466], [-77.03321689403755, -12.128464176450027], [-77.03317297643162, -12.128482330908149], [-77.03307155634687, -12.128523626395078], [-77.03299438337258, -12.128555215060146], [-77.03288561139982, -12.128601365468707], [-77.03297568915735, -12.128815584756705], [-77.03301806144847, -12.12891455346941], [-77.0330579743646, -12.129011757911139]]]}, "geometry_name": "geometria", "properties": {"cod_manzana": "0460", "mz_urbana": "025", "observacion": "mz sec 1 al 14", "ruta_da": "9", "tipo_mz": "0", "cod_manzana_inei": null, "zon_vec": "9", "delimitado": "SI"}}, {"type": "Feature", "id": "wms_tg_manzanas.137", "geometry": {"type": "Polygon", "coordinates": [[[-77.02410860568, -12.128356531662234], [-77.02393291781861, -12.129029573944345], [-77.02496292941319, -12.128624143239799], [-77.02533224915366, -12.12847655659066], [-77.0254827092404, -12.128418360211532], [-77.0257350181917, -12.128317497782804], [-77.0259907186813, -12.12821682740885], [-77.02598159912864, -12.12784854571508], [-77.02597813627881, -12.127718422176915], [-77.02597580007436, -12.127628012915931], [-77.02597418595262, -12.127560238853166], [-77.02597146466107, -12.127455326231331], [-77.02579811030854, -12.127524515320905], [-77.02571486764955, -12.127557796785444], [-77.0256126688301, -12.127598673274147], [-77.0255104699743, -12.127639549730057], [-77.02541103191325, -12.127679275037664], [-77.025306364308, -12.127721116659215], [-77.02520424953448, -12.127761937720086], [-77.02510213472468, -12.12780275874827], [-77.02489590143097, -12.127885224537634], [-77.02469150214996, -12.127966841390853], [-77.02456402870834, -12.128017934571403], [-77.02446677391134, -12.128056740979972], [-77.02438600257169, -12.128088919459046], [-77.02426704628635, -12.12813669655676], [-77.02421045212378, -12.128159343869317], [-77.02420971654585, -12.12817141513991], [-77.02420815331448, -12.128183356886172], [-77.02420629817054, -12.1281931316155], [-77.02420361434996, -12.128202641256127], [-77.02420037841915, -12.128212019358958], [-77.0241968648986, -12.128221128346473], [-77.02419252372414, -12.12823010780947], [-77.02418762941635, -12.128238820170349], [-77.02418217992889, -12.128246994300309], [-77.02417645387449, -12.128255034879073], [-77.02416744073508, -12.12826567534108], [-77.02416306375241, -12.12826991005017], [-77.02415595077181, -12.128276740615725], [-77.0241482826114, -12.12828303295019], [-77.02414006029443, -12.128288922617866], [-77.02413183388491, -12.12829427002785], [-77.02412305331876, -12.12829921477093], [-77.02410860568, -12.128356531662234]]]}, "geometry_name": "geometria", "properties": {"cod_manzana": "0418", "mz_urbana": "XII", "observacion": "mz sec 1 al 14", "ruta_da": "10", "tipo_mz": "0", "cod_manzana_inei": "", "zon_vec": "10", "delimitado": "SI"}}, {"type": "Feature", "id": "wms_tg_manzanas.141", "geometry": {"type": "Polygon", "coordinates": [[[-77.02708379359608, -12.11900239786281], [-77.0273960648997, -12.119000118923122], [-77.02739171684146, -12.118340368445736], [-77.02707944571632, -12.118342577709587], [-77.02676717741018, -12.118345290024342], [-77.0267681850356, -12.118498207551893], [-77.0267691971546, -12.118651848135032], [-77.02676961575901, -12.118715563796338], [-77.02677014682584, -12.118795999150741], [-77.02677055349659, -12.118859714898656], [-77.02677151939537, -12.119004317740062], [-77.02695796660038, -12.119003317879502], [-77.02708379359608, -12.11900239786281]]]}, "geometry_name": "geometria", "properties": {"cod_manzana": "0286", "mz_urbana": "D", "observacion": "mz sec 1 al 14", "ruta_da": "5", "tipo_mz": "0", "cod_manzana_inei": null, "zon_vec": "5", "delimitado": "SI"}}, {"type": "Feature", "id": "wms_tg_manzanas.145", "geometry": {"type": "Polygon", "coordinates": [[[-77.0302385921704, -12.117014056087253], [-77.03013757215334, -12.117015490792324], [-77.03004848152725, -12.117015843024319], [-77.02995893984907, -12.117017036361895], [-77.02986894705896, -12.117018728029297], [-77.02973892825086, -12.117021694125548], [-77.02947944962935, -12.1170270082124], [-77.02943406479527, -12.117027939720924], [-77.02942716693367, -12.117068566446305], [-77.02939622664768, -12.117250797118382], [-77.02936380492086, -12.11746517817843], [-77.02928107641625, -12.117928003221104], [-77.02968794356651, -12.117925025839742], [-77.02987163247691, -12.117923681033428], [-77.03004068092841, -12.117920554340971], [-77.03024540534575, -12.117919124856805], [-77.03024242491897, -12.117383220104758], [-77.03023951762819, -12.117236385199961], [-77.0302385921704, -12.117014056087253]]]}, "geometry_name": "geometria", "properties": {"cod_manzana": "0260", "mz_urbana": "001", "observacion": "mz sec 1 al 14", "ruta_da": "5", "tipo_mz": "0", "cod_manzana_inei": null, "zon_vec": "5", "delimitado": "SI"}}, {"type": "Feature", "id": "wms_tg_manzanas.162", "geometry": {"type": "Polygon", "coordinates": [[[-77.02454530298193, -12.121846651198096], [-77.02472396295052, -12.121888688460484], [-77.02475284682565, -12.121774682041817], [-77.02478044248663, -12.121660372314443], [-77.02482388448539, -12.121484743355486], [-77.02485034076818, -12.121305615097283], [-77.02488028079051, -12.121126834664853], [-77.02490418019512, -12.120980491000667], [-77.02492005765285, -12.12091635978177], [-77.02496717189568, -12.120775575794097], [-77.0250284358112, -12.120604015752077], [-77.0250861326398, -12.120430892565114], [-77.0251072892822, -12.12034294418581], [-77.0251411398871, -12.120202226779973], [-77.02496242813358, -12.120160409180386], [-77.02487299454195, -12.120139494411987], [-77.02478383409998, -12.120118589753107], [-77.0246943981324, -12.120097687075768], [-77.02442636479883, -12.12003484128037], [-77.02438946463255, -12.120184104297689], [-77.0243568411078, -12.120315847305495], [-77.02429867036768, -12.120550866672861], [-77.024240669892, -12.120785331663242], [-77.0241939660747, -12.120974133068344], [-77.02417206316989, -12.121062028842037], [-77.0241287964939, -12.121237576941914], [-77.0240962121297, -12.121369298875473], [-77.02406136200307, -12.121509817896786], [-77.0240418428651, -12.12158886329962], [-77.02400921910538, -12.121720606308367], [-77.02414309885218, -12.121752030319104], [-77.02427725517981, -12.121783587812086], [-77.02436669274351, -12.121804626101865], [-77.02454530298193, -12.121846651198096]]]}, "geometry_name": "geometria", "properties": {"cod_manzana": "0512", "mz_urbana": "B", "observacion": "mz sec 1 al 14", "ruta_da": "11", "tipo_mz": "0", "cod_manzana_inei": "", "zon_vec": "11", "delimitado": "SI"}}, {"type": "Feature", "id": "wms_tg_manzanas.167", "geometry": {"type": "Polygon", "coordinates": [[[-77.02689440238157, -12.122934753097454], [-77.02690762499039, -12.123267091890247], [-77.0274982574278, -12.123166522491632], [-77.02777030673528, -12.123117160240367], [-77.02775219986768, -12.122863323667195], [-77.02774179984007, -12.122715547138593], [-77.02773418532139, -12.122607351606757], [-77.0277211992487, -12.122416478594488], [-77.02754717768931, -12.122396873685236], [-77.02745478882076, -12.122386432671853], [-77.02736063767594, -12.122372267258289], [-77.02687254755962, -12.122316345579508], [-77.02688229877032, -12.122591833704666], [-77.02688885320374, -12.122778493314302], [-77.02689440238157, -12.122934753097454]]]}, "geometry_name": "geometria", "properties": {"cod_manzana": "0351", "mz_urbana": "V, VII", "observacion": "mz sec 1 al 14", "ruta_da": "8", "tipo_mz": "0", "cod_manzana_inei": null, "zon_vec": "8", "delimitado": "SI"}}, {"type": "Feature", "id": "wms_tg_manzanas.169", "geometry": {"type": "Polygon", "coordinates": [[[-77.02790910625619, -12.123288998455648], [-77.02792069974473, -12.12354690641263], [-77.0284413833505, -12.123459176970707], [-77.02874494904172, -12.12341031826632], [-77.02868994868513, -12.123096872725293], [-77.02838170020523, -12.12314590116291], [-77.02790720709595, -12.123220006397167], [-77.02790910625619, -12.123288998455648]]]}, "geometry_name": "geometria", "properties": {"cod_manzana": "0758", "mz_urbana": "008", "observacion": "mz sec 1 al 14", "ruta_da": "8", "tipo_mz": "0", "cod_manzana_inei": null, "zon_vec": "8", "delimitado": "SI"}}, {"type": "Feature", "id": "wms_tg_manzanas.185", "geometry": {"type": "Polygon", "coordinates": [[[-77.03159560425188, -12.128929187483081], [-77.0316204085785, -12.129016427357982], [-77.03183238099233, -12.128931927445645], [-77.03193964416597, -12.128889167811323], [-77.03204860970716, -12.128845730449855], [-77.03213373885896, -12.128811794308316], [-77.03222057313356, -12.128777178624429], [-77.03231125449581, -12.128741029852176], [-77.03240966392143, -12.128701799309239], [-77.0324504216543, -12.12868555167911], [-77.0325197355153, -12.128657919842075], [-77.03260367221428, -12.128624459591608], [-77.03268922611389, -12.128590353882789], [-77.03279138270541, -12.128549630652248], [-77.03271291931435, -12.12836150574723], [-77.03268868270574, -12.128303396099188], [-77.03266450505524, -12.12824542881634], [-77.03264002429775, -12.128186733476538], [-77.03259986232433, -12.128090439082156], [-77.03256429288307, -12.128005159132918], [-77.03253918536325, -12.127944959015544], [-77.03247990148337, -12.127802820928549], [-77.03243665992319, -12.127699143279019], [-77.03236931385077, -12.127724483931585], [-77.03224920758326, -12.127769679633921], [-77.03195751874378, -12.127879437479734], [-77.03178593705415, -12.127944001376251], [-77.03134891135996, -12.128108447488275], [-77.03140082634717, -12.128281836986325], [-77.03144119353047, -12.128415514416638], [-77.03154350409783, -12.128755852135086], [-77.03159560425188, -12.128929187483081]]]}, "geometry_name": "geometria", "properties": {"cod_manzana": "0448", "mz_urbana": "004", "observacion": "mz sec 1 al 14", "ruta_da": "9", "tipo_mz": "0", "cod_manzana_inei": null, "zon_vec": "9", "delimitado": "SI"}}, {"type": "Feature", "id": "wms_tg_manzanas.193", "geometry": {"type": "Polygon", "coordinates": [[[-77.02482832483233, -12.119989335912061], [-77.02517807503988, -12.12007259796193], [-77.02521732426864, -12.119942568949325], [-77.02526272665114, -12.119788092048038], [-77.02530082205833, -12.119657803031057], [-77.02540226395902, -12.119315521156471], [-77.0253790358075, -12.11928809747211], [-77.0253467593663, -12.119281467019306], [-77.02532523022433, -12.119279700091168], [-77.02529262703126, -12.119281134929064], [-77.02526200689947, -12.119282086197137], [-77.0252235713717, -12.119286216324838], [-77.0251981908298, -12.119290761730607], [-77.02516823337682, -12.119296885185156], [-77.02514221398202, -12.11930477393629], [-77.02511230228197, -12.119315257946047], [-77.02508630708076, -12.119326354146201], [-77.02505501926606, -12.119340829496933], [-77.02503126416953, -12.119354590036883], [-77.02500541058774, -12.119371310525082], [-77.02498509809993, -12.119384229771764], [-77.02466638389807, -12.119598444811126], [-77.0245345439806, -12.119691189869423], [-77.0245014956865, -12.1197300692203], [-77.0244803552144, -12.119813329193644], [-77.02446173442367, -12.119901858070296], [-77.02463177887758, -12.119942372324333], [-77.02471210782012, -12.119961443541726], [-77.02482832483233, -12.119989335912061]]]}, "geometry_name": "geometria", "properties": {"cod_manzana": "0506", "mz_urbana": "172, A", "observacion": "mz sec 1 al 14", "ruta_da": "11", "tipo_mz": "0", "cod_manzana_inei": null, "zon_vec": "11", "delimitado": "SI"}}, {"type": "Feature", "id": "wms_tg_manzanas.198", "geometry": {"type": "Polygon", "coordinates": [[[-77.03364757544301, -12.123675585438294], [-77.03375998592693, -12.123791775650334], [-77.03379987741438, -12.123757033834917], [-77.03377566843291, -12.123546894600114], [-77.03377058952252, -12.123485109785221], [-77.03375390740128, -12.123353636039564], [-77.03374415343528, -12.123273336693359], [-77.03373614460364, -12.123176277679702], [-77.03372401793499, -12.123083565034037], [-77.03371739346423, -12.123041052820549], [-77.03370570454291, -12.122939589564194], [-77.03368614782912, -12.122769850156823], [-77.03367332126955, -12.122658492579967], [-77.03365987488465, -12.12254179232256], [-77.03365161071723, -12.122470037592343], [-77.033644929666, -12.12241204329894], [-77.03363513243568, -12.12232672687705], [-77.03362397047509, -12.122216650462716], [-77.03359099731401, -12.122200706815612], [-77.03353492662391, -12.12224937009404], [-77.03345522982612, -12.122318539772804], [-77.03338973329035, -12.12237554225761], [-77.03333082781158, -12.122426508092852], [-77.03327200040201, -12.122477561191653], [-77.03321379421867, -12.122528077690994], [-77.03315398658415, -12.122578850012237], [-77.03307353147162, -12.122647026075532], [-77.03301047125736, -12.12270163832031], [-77.03284297650367, -12.122843347383132], [-77.03291977628078, -12.122923638468377], [-77.03297267789252, -12.122978944923274], [-77.03305194942534, -12.123061823813337], [-77.03320912925841, -12.123221918883372], [-77.03328583063792, -12.123300180064774], [-77.03329882579618, -12.1233144087886], [-77.0333357105674, -12.123353884943905], [-77.03338429142293, -12.123401941883083], [-77.03344013539828, -12.123458812567318], [-77.03347168638038, -12.123491783079526], [-77.03353584838308, -12.123558831795204], [-77.03361033679406, -12.123636671446492], [-77.03364757544301, -12.123675585438294]]]}, "geometry_name": "geometria", "properties": {"cod_manzana": "0384", "mz_urbana": "031", "observacion": "mz sec 1 al 14", "ruta_da": "8", "tipo_mz": "0", "cod_manzana_inei": "", "zon_vec": "8", "delimitado": "SI"}}, {"type": "Feature", "id": "wms_tg_manzanas.226", "geometry": {"type": "Polygon", "coordinates": [[[-77.03132590367531, -12.12802437256088], [-77.03158307877929, -12.127927020353322], [-77.03169966475384, -12.127882887283471], [-77.03182825217316, -12.127834211053441], [-77.03195683953739, -12.12778553477105], [-77.03206313838366, -12.127745295671339], [-77.03221915758972, -12.127686234992366], [-77.03239408857915, -12.127621441040757], [-77.03235404625748, -12.127528200426728], [-77.03232462420652, -12.127458019478988], [-77.0322992301889, -12.127397446632397], [-77.03227296052951, -12.127334785062308], [-77.0322379343392, -12.127251236294915], [-77.0321736613461, -12.127097924284929], [-77.0321211221782, -12.126972601094993], [-77.03208336287584, -12.126882532648002], [-77.03206788254631, -12.126845606909919], [-77.03202986999928, -12.126861143598093], [-77.03189950909844, -12.12691442534108], [-77.03181426205005, -12.126949267888216], [-77.03172943909073, -12.126983937066676], [-77.03164164730099, -12.127019819642651], [-77.03155597605955, -12.127054835466492], [-77.03147200125315, -12.127089157885289], [-77.03138717819104, -12.12712382697275], [-77.03130362744989, -12.127157976001797], [-77.03119019640768, -12.127204257184626], [-77.03108608343646, -12.127246912010902], [-77.03113381205391, -12.127401704336727], [-77.0311815680617, -12.127556506603995], [-77.03123039131378, -12.12771476812053], [-77.03132590367531, -12.12802437256088]]]}, "geometry_name": "geometria", "properties": {"cod_manzana": "0437", "mz_urbana": "003,009", "observacion": "mz sec 1 al 14", "ruta_da": "9", "tipo_mz": "0", "cod_manzana_inei": null, "zon_vec": "9", "delimitado": "SI"}}, {"type": "Feature", "id": "wms_tg_manzanas.248", "geometry": {"type": "Polygon", "coordinates": [[[-77.02693570706852, -12.128667469179787], [-77.02687800907722, -12.128872197827842], [-77.02727221336353, -12.128710423277546], [-77.02736616231745, -12.128671775674723], [-77.02745901214075, -12.128633542803192], [-77.02755570826703, -12.128593790465256], [-77.02764114090567, -12.128558594402763], [-77.02772684906137, -12.12852339630051], [-77.02781997328361, -12.128485025742904], [-77.0279051323486, -12.128450102754869], [-77.02799001584467, -12.12841518176119], [-77.0281026440803, -12.128368805187723], [-77.02809177208582, -12.128206470046802], [-77.02806005055311, -12.127728405775565], [-77.02804979842993, -12.127575149376378], [-77.02783055832296, -12.127661757587408], [-77.02773852116695, -12.127698086576265], [-77.02764730855955, -12.127734138360248], [-77.02755860239256, -12.127769297878979], [-77.02748615496434, -12.127797929668558], [-77.02735123254774, -12.127851251835637], [-77.0272787852656, -12.1278798841843], [-77.02718758621548, -12.127915925793847], [-77.02714014373183, -12.127934564271673], [-77.02706849777576, -12.128187103108806], [-77.02705525456533, -12.128233682471741], [-77.0270253162877, -12.128338982284403], [-77.02693570706852, -12.128667469179787]]]}, "geometry_name": "geometria", "properties": {"cod_manzana": "0430", "mz_urbana": "XIX,XIX2,XIX3", "observacion": "mz sec 1 al 14", "ruta_da": "10", "tipo_mz": "0", "cod_manzana_inei": null, "zon_vec": "10", "delimitado": "SI"}}, {"type": "Feature", "id": "wms_tg_manzanas.258", "geometry": {"type": "Polygon", "coordinates": [[[-77.02988332697517, -12.120249945459808], [-77.03013253056137, -12.120591929739062], [-77.03015682109263, -12.120269634017786], [-77.02988332697517, -12.120249945459808]]]}, "geometry_name": "geometria", "properties": {"cod_manzana": "0309", "mz_urbana": "13a", "observacion": "mz sec 1 al 14", "ruta_da": "8", "tipo_mz": "0", "cod_manzana_inei": null, "zon_vec": "8", "delimitado": "SI"}}, {"type": "Feature", "id": "wms_tg_manzanas.263", "geometry": {"type": "Polygon", "coordinates": [[[-77.02338377173247, -12.123428779643305], [-77.02331062935505, -12.123323835143069], [-77.02315568484077, -12.123101520757194], [-77.02315716344123, -12.123093794257203], [-77.02316259300272, -12.123065421812152], [-77.02321205293332, -12.12303184619105], [-77.02359465366871, -12.12277211910072], [-77.02359815384875, -12.122774488213706], [-77.02361019192402, -12.12278263623979], [-77.02361153479183, -12.122783545165925], [-77.02361393472968, -12.122785168828312], [-77.02359367116432, -12.122858509154552], [-77.02356931696586, -12.122946654751711], [-77.0235284873726, -12.12309535727534], [-77.02348693755641, -12.123246682748238], [-77.02343956769323, -12.123419204827645], [-77.02343219313308, -12.12342293137267], [-77.02342778034456, -12.12342516126213], [-77.02341372501554, -12.123433392513082], [-77.0234111580207, -12.123434895827408], [-77.02340586083926, -12.12343471910595], [-77.02339854382464, -12.123432751602792], [-77.02338377173247, -12.123428779643305]]]}, "geometry_name": "geometria", "properties": {"cod_manzana": "0525", "mz_urbana": null, "observacion": "mz sec 1 al 14", "ruta_da": null, "tipo_mz": "1", "cod_manzana_inei": null, "zon_vec": "11", "delimitado": "SI"}}, {"type": "Feature", "id": "wms_tg_manzanas.267", "geometry": {"type": "Polygon", "coordinates": [[[-77.02918066756348, -12.121690240116587], [-77.02914415449995, -12.121709009150774], [-77.0291529085107, -12.121976326926713], [-77.02924879013523, -12.122303099231107], [-77.02975896839384, -12.122138369171616], [-77.02958322379331, -12.12182169629404], [-77.02962456009935, -12.121799435487558], [-77.02947995129972, -12.121536397198156], [-77.02918066756348, -12.121690240116587]]]}, "geometry_name": "geometria", "properties": {"cod_manzana": "0344", "mz_urbana": null, "observacion": "mz sec 1 al 14", "ruta_da": "8", "tipo_mz": "1", "cod_manzana_inei": null, "zon_vec": "8", "delimitado": "SI"}}, {"type": "Feature", "id": "wms_tg_manzanas.278", "geometry": {"type": "Polygon", "coordinates": [[[-77.03492529414876, -12.12322363093129], [-77.0349660653834, -12.123263433482377], [-77.0352935709124, -12.123260669648031], [-77.03547781513085, -12.12325911493949], [-77.03556878319232, -12.123169048540515], [-77.03580429812095, -12.122935865422512], [-77.03580297882063, -12.122818383847894], [-77.03580175066796, -12.122709041286724], [-77.03579951397634, -12.122510221125657], [-77.03579889701729, -12.122455047348557], [-77.03579773020031, -12.122351122655619], [-77.03563057303865, -12.122352488715698], [-77.03551944106444, -12.122353396214333], [-77.0354248402016, -12.122354169611018], [-77.03527651205948, -12.122355380908116], [-77.03516629851141, -12.122356281520728], [-77.03505608495534, -12.12235718208969], [-77.03494036071245, -12.122358127594735], [-77.03491057449752, -12.122383676393607], [-77.03491329801798, -12.122539104015049], [-77.03491488155154, -12.122629468594312], [-77.03491707546078, -12.12275465961467], [-77.03492014817893, -12.122929967522513], [-77.03492204881888, -12.123038405010988], [-77.03492529414876, -12.12322363093129]]]}, "geometry_name": "geometria", "properties": {"cod_manzana": "0382", "mz_urbana": "026", "observacion": "mz sec 1 al 14", "ruta_da": "4", "tipo_mz": "0", "cod_manzana_inei": null, "zon_vec": "4", "delimitado": "SI"}}, {"type": "Feature", "id": "wms_tg_manzanas.294", "geometry": {"type": "Polygon", "coordinates": [[[-77.0302527432108, -12.124456079222401], [-77.03037445420168, -12.124859384627605], [-77.03042452516428, -12.125025298793748], [-77.03045632234145, -12.125130650620893], [-77.03052168546138, -12.12534724949094], [-77.030562502922, -12.125482502796576], [-77.03071331116142, -12.125421924239237], [-77.03076586408434, -12.125400813838642], [-77.030836954151, -12.125372257559599], [-77.030938997743, -12.125331267546045], [-77.03101468015541, -12.12530086633381], [-77.03108653571125, -12.12527200251546], [-77.03137438264886, -12.12515637585616], [-77.03127761539845, -12.124916907038713], [-77.0312256037068, -12.124788192743768], [-77.0311978396752, -12.124797761528168], [-77.03120069822207, -12.124726560190277], [-77.03119088570179, -12.124674990275704], [-77.03125589006767, -12.124663014621742], [-77.03130401310725, -12.124785345798411], [-77.03137663794709, -12.124965069011068], [-77.03140629499552, -12.125038460789844], [-77.03144253952908, -12.125128154565495], [-77.03172174687235, -12.125016813522942], [-77.03184074290553, -12.124969361412477], [-77.03195302414086, -12.124924401491052], [-77.03188814417257, -12.124768208336128], [-77.03183769171373, -12.124646749384281], [-77.03179435147784, -12.12454240972993], [-77.03175063462658, -12.124437166005471], [-77.03173444047309, -12.124398181538687], [-77.03171845099429, -12.124359699623257], [-77.03170247040734, -12.12432121413199], [-77.03168466766404, -12.124282988456692], [-77.03165671933631, -12.124213683241743], [-77.03154993223484, -12.124255174891209], [-77.03147501248574, -12.12426422450125], [-77.03135587762198, -12.124282925025016], [-77.03112463138615, -12.124319223292952], [-77.0308262370797, -12.124366061129662], [-77.03058516594473, -12.124403900564447], [-77.0302527432108, -12.124456079222401]]]}, "geometry_name": "geometria", "properties": {"cod_manzana": "0387", "mz_urbana": "1,2", "observacion": "mz sec 1 al 14", "ruta_da": "9", "tipo_mz": "0", "cod_manzana_inei": null, "zon_vec": "9", "delimitado": "SI"}}, {"type": "Feature", "id": "wms_tg_manzanas.295", "geometry": {"type": "Polygon", "coordinates": [[[-77.03525815747068, -12.127629220148698], [-77.03525712409916, -12.127623714948268], [-77.03524075687517, -12.127603345164397], [-77.03519504376642, -12.127586148597477], [-77.03519449629977, -12.127559735124033], [-77.03513438790444, -12.127544370091428], [-77.03502950235763, -12.127521625807228], [-77.03498266809454, -12.127504504516756], [-77.03488710079547, -12.12744217524636], [-77.03485111505208, -12.127404191505084], [-77.03476879899472, -12.127203091263848], [-77.03477441065009, -12.1272010254395], [-77.0347640867184, -12.127173390936857], [-77.03479236327838, -12.127162425996861], [-77.03471191243626, -12.126968629886889], [-77.03471487965302, -12.12695455778897], [-77.034647348074, -12.126810257515503], [-77.03462737956711, -12.12676610666108], [-77.03460505652608, -12.126725290528546], [-77.03454853859768, -12.12662110882549], [-77.03452648196769, -12.126589267312156], [-77.034456768858, -12.126454891734639], [-77.03393116645367, -12.125771949030167], [-77.03358808967558, -12.125328628665716], [-77.03298107021, -12.124544238942049], [-77.03281805960573, -12.124662257030804], [-77.03286175501394, -12.124847003016109], [-77.03290568252281, -12.124955797065203], [-77.03294183180495, -12.125045326907232], [-77.03299222482686, -12.125142138368364], [-77.03304165117073, -12.125220717884597], [-77.03309122209807, -12.125293375196819], [-77.03369415070196, -12.126140558452162], [-77.03417208150843, -12.12682258358016], [-77.03424681475686, -12.12696913791231], [-77.03466558095133, -12.12783709985866], [-77.0346798284679, -12.127856815607407], [-77.03470625985146, -12.127864036921515], [-77.0347678778358, -12.127882318099026], [-77.03479463330817, -12.127879975010343], [-77.03482647820806, -12.127868813096889], [-77.03486011825038, -12.127859003996504], [-77.03490453804645, -12.12785848258212], [-77.03494380624143, -12.127858584430497], [-77.03497043593735, -12.12786580426152], [-77.03500779654095, -12.127875872411193], [-77.03504766262486, -12.127876360138776], [-77.03507161955318, -12.127871110434779], [-77.0351312173653, -12.12785837861607], [-77.03515375190999, -12.12779635271601], [-77.03518505786249, -12.127714162641187], [-77.03519467877445, -12.127701407663526], [-77.03520415763715, -12.127696069166332], [-77.0352284800709, -12.12768671876186], [-77.0352553250657, -12.12768964383766], [-77.03525516368236, -12.127668374427788], [-77.03524923653066, -12.12764519594457], [-77.03525288677858, -12.12764028445319], [-77.03525641118412, -12.127634306697633], [-77.03525815747068, -12.127629220148698]]]}, "geometry_name": "geometria", "properties": {"cod_manzana": "0424", "mz_urbana": null, "observacion": "mz sec 1 al 14", "ruta_da": null, "tipo_mz": "0", "cod_manzana_inei": null, "zon_vec": "9", "delimitado": "SI"}}, {"type": "Feature", "id": "wms_tg_manzanas.297", "geometry": {"type": "Polygon", "coordinates": [[[-77.03375875299156, -12.121317768104653], [-77.03375750717656, -12.121444265163195], [-77.03375660697884, -12.121543645447876], [-77.03374011936572, -12.121949976560456], [-77.03373630535023, -12.122039372166846], [-77.03373121348605, -12.122130557651136], [-77.03372706710137, -12.1222217877147], [-77.03403919409236, -12.12222073000727], [-77.03418695542285, -12.122220228514268], [-77.03429169424582, -12.122219873711908], [-77.03447522574093, -12.122219251413325], [-77.03475081639662, -12.122218316487075], [-77.03474879432954, -12.122066953541056], [-77.03474737231674, -12.12195850890392], [-77.03474449373539, -12.121739360362211], [-77.03474206854015, -12.121627981193745], [-77.03474020929511, -12.121456168402776], [-77.03473883813821, -12.121311659663824], [-77.03446330863945, -12.121314360027046], [-77.03437431299619, -12.12131528437793], [-77.0342795102828, -12.121316168169843], [-77.03416298199313, -12.12131737767178], [-77.03407563132066, -12.12131720528537], [-77.03398855926066, -12.121317437540423], [-77.03390589472488, -12.12131750185478], [-77.03375875299156, -12.121317768104653]]]}, "geometry_name": "geometria", "properties": {"cod_manzana": "0363", "mz_urbana": "023", "observacion": "mz sec 1 al 14", "ruta_da": "4", "tipo_mz": "0", "cod_manzana_inei": null, "zon_vec": "4", "delimitado": "SI"}}, {"type": "Feature", "id": "wms_tg_manzanas.303", "geometry": {"type": "Polygon", "coordinates": [[[-77.0242896704389, -12.12759275251015], [-77.02417768804354, -12.128053430496132], [-77.02444361590881, -12.127945741295129], [-77.02451147145922, -12.127918266634643], [-77.02457328346304, -12.127893276418732], [-77.02463482093371, -12.127868423768893], [-77.02469690743052, -12.127843295950903], [-77.02488441202681, -12.127767382736575], [-77.02499279991966, -12.127723508983326], [-77.02511557915115, -12.127673889230088], [-77.02504569481935, -12.127505613164422], [-77.0249738449509, -12.127332470846959], [-77.02496719202027, -12.12732723217296], [-77.02496081156215, -12.127321584791874], [-77.02495470460006, -12.127315664267993], [-77.02494942017209, -12.127309195444745], [-77.02494413472112, -12.127302591057015], [-77.02493939728517, -12.127295575948322], [-77.02493520888764, -12.127288285683047], [-77.02493156952855, -12.127280720261082], [-77.02492848023118, -12.127273015246914], [-77.02492566442967, -12.127265037090057], [-77.02492339868988, -12.127256919341054], [-77.02492168301161, -12.127248661999893], [-77.02492079396075, -12.127240398616959], [-77.02492017942902, -12.127231997655805], [-77.024920115982, -12.127223592666914], [-77.02471765094735, -12.127196331146449], [-77.02460290151247, -12.12718076552798], [-77.02449973714054, -12.127166742067011], [-77.02439629825398, -12.127152856143615], [-77.02436636439661, -12.127275902970565], [-77.02435086581396, -12.127340006134183], [-77.02433215790481, -12.127417012074382], [-77.02431077640519, -12.127504883298966], [-77.0242896704389, -12.12759275251015]]]}, "geometry_name": "geometria", "properties": {"cod_manzana": "0398", "mz_urbana": "XIC", "observacion": "mz sec 1 al 14", "ruta_da": "10", "tipo_mz": "0", "cod_manzana_inei": null, "zon_vec": "10", "delimitado": "SI"}}, {"type": "Feature", "id": "wms_tg_manzanas.317", "geometry": {"type": "Polygon", "coordinates": [[[-77.02329996787293, -12.128848328621011], [-77.0231437374054, -12.129324784881234], [-77.02362643042697, -12.129130509402184], [-77.0236551882558, -12.128961105588292], [-77.02368508671353, -12.128833314015466], [-77.0237315451798, -12.128635988655331], [-77.0236335378305, -12.128611623812025], [-77.02356589760876, -12.128594629136854], [-77.02339666186553, -12.128552482288184], [-77.02334036683854, -12.128724391952504], [-77.02329996787293, -12.128848328621011]]]}, "geometry_name": "geometria", "properties": {"cod_manzana": "0420", "mz_urbana": "003", "observacion": "mz sec 1 al 14", "ruta_da": "10", "tipo_mz": "0", "cod_manzana_inei": null, "zon_vec": "10", "delimitado": "SI"}}, {"type": "Feature", "id": "wms_tg_manzanas.318", "geometry": {"type": "Polygon", "coordinates": [[[-77.02627128371056, -12.118595995285375], [-77.02619038713965, -12.119012145706897], [-77.02636185909226, -12.119010646568624], [-77.026509835925, -12.119009394992924], [-77.02666604452178, -12.119006712077857], [-77.02666595400304, -12.118736931274928], [-77.02666599634539, -12.11857379837485], [-77.02666602587124, -12.118467241469043], [-77.02666615713835, -12.118350922652212], [-77.02631921231885, -12.11835685154974], [-77.02629636754403, -12.118472817611682], [-77.02627128371056, -12.118595995285375]]]}, "geometry_name": "geometria", "properties": {"cod_manzana": "0287", "mz_urbana": "E", "observacion": "mz sec 1 al 14", "ruta_da": "5", "tipo_mz": "0", "cod_manzana_inei": null, "zon_vec": "5", "delimitado": "SI"}}, {"type": "Feature", "id": "wms_tg_manzanas.320", "geometry": {"type": "Polygon", "coordinates": [[[-77.0340426221922, -12.129263162547652], [-77.03414101913717, -12.12909834691076], [-77.03418870847723, -12.129018368226603], [-77.03427622722799, -12.128863132582756], [-77.03429409532868, -12.128829104980973], [-77.03430636761784, -12.128792756824089], [-77.0343111263438, -12.128767183901275], [-77.03431354134864, -12.128741294685023], [-77.03431207815501, -12.128710537121265], [-77.03430875510405, -12.128688156143532], [-77.03430187241186, -12.128666575868849], [-77.0342493108997, -12.128540285130999], [-77.03419108763408, -12.128404423054613], [-77.0341621937838, -12.128336985243367], [-77.03413439903342, -12.128269132642833], [-77.03407847676648, -12.12813302315626], [-77.03424188893995, -12.128067797557748], [-77.0343270016179, -12.128033829307054], [-77.03456085647893, -12.127937534859733], [-77.03459867590928, -12.127952816148301], [-77.03466507720748, -12.128091874479448], [-77.03472349914998, -12.128215647458005], [-77.03483882643235, -12.128467512034472], [-77.03484573279184, -12.128483490320933], [-77.03485021492624, -12.128500284475527], [-77.0348521792119, -12.128517539990167], [-77.03485158339754, -12.128534893844728], [-77.03484844123854, -12.128551979896683], [-77.03482444964588, -12.128657832849042], [-77.03478260258336, -12.12879174278404], [-77.0347228085814, -12.128903760573781], [-77.03462278338051, -12.129093446677096], [-77.03462219193035, -12.129095343381845], [-77.03462161696699, -12.129097307027088], [-77.03462107691959, -12.129099280246951], [-77.03462057195269, -12.129101262440264], [-77.0346201022202, -12.129103253003484], [-77.03461966786509, -12.129105251329998], [-77.03461926901986, -12.129107256811347], [-77.03461890580573, -12.12910926883643], [-77.03461857833351, -12.129111286792405], [-77.03461828670301, -12.129113310064657], [-77.03461803100286, -12.129115338036913], [-77.03461781131114, -12.1291173700914], [-77.0346176276947, -12.129119405608947], [-77.03461748020948, -12.12912144396985], [-77.03461736890038, -12.12912348455283], [-77.03461729380133, -12.129125526736688], [-77.03461725493517, -12.129127569899003], [-77.03461725231381, -12.129129613417701], [-77.03461729547291, -12.129132011520166], [-77.03461752326437, -12.129133106227178], [-77.03461827238287, -12.129136924069952], [-77.03461895367157, -12.129140754195518], [-77.03461956692311, -12.129144595437362], [-77.0346201119504, -12.129148446625374], [-77.0346205885876, -12.129152306586464], [-77.03462099668944, -12.129156174144816], [-77.0346213361317, -12.129160048122323], [-77.03462160681092, -12.129163927338956], [-77.03462180864466, -12.129167810613014], [-77.03462194157134, -12.129171696761656], [-77.03462200555059, -12.129175584601155], [-77.03462200056298, -12.129179472947268], [-77.0346219266098, -12.129183360615484], [-77.0346217837137, -12.129187246421639], [-77.03462157191828, -12.129191129181924], [-77.0346212912879, -12.129195007713852], [-77.03462094190812, -12.129198880835895], [-77.03462052388537, -12.1292027473682], [-77.03462003734701, -12.129206606133014], [-77.03461948244114, -12.129210455954963], [-77.03461885933687, -12.129214295661304], [-77.03461845337526, -12.129216591082207], [-77.03459909119364, -12.129258166316287], [-77.03455471070424, -12.129335386212652], [-77.0345004340157, -12.129371994157259], [-77.03447679039417, -12.129389147946766], [-77.03445459317307, -12.129408511003358], [-77.03443493280771, -12.129428154927309], [-77.03438147668429, -12.129484868275334], [-77.0343809209027, -12.129485545992418], [-77.03438009135213, -12.129486588036855], [-77.0343792804103, -12.129487644168147], [-77.03437848832422, -12.12948871406468], [-77.03437771533507, -12.129489797400527], [-77.03437696167853, -12.129490893845727], [-77.03437622758399, -12.129492003066275], [-77.03437551327512, -12.129493124724219], [-77.03437481896958, -12.129494258477912], [-77.03437414487873, -12.129495403982114], [-77.03437349120804, -12.129496560887802], [-77.03437285815644, -12.129497728842527], [-77.03437224591694, -12.129498907490511], [-77.03437165467591, -12.129500096472809], [-77.03437108461357, -12.129501295427305], [-77.03437053590355, -12.129502503988737], [-77.03437000871284, -12.129503721788852], [-77.03436950320217, -12.129504948456757], [-77.03436901952551, -12.12950618361893], [-77.03436855783016, -12.12950742689886], [-77.03436811825684, -12.129508677918103], [-77.03436770093926, -12.129509936295495], [-77.03436730600475, -12.129511201647587], [-77.03436693357348, -12.129512473589086], [-77.03436666635197, -12.129513441806312], [-77.03435246005704, -12.129581305473293], [-77.03425309864214, -12.129750052986761], [-77.03421336493055, -12.129815690048172], [-77.0341972415407, -12.129833432696325], [-77.03416950110828, -12.129845431100097], [-77.03415103763918, -12.129845295548137], [-77.03413503555322, -12.129842701639928], [-77.03411457541759, -12.12983363305638], [-77.03405372449281, -12.129694577255593], [-77.03401382257924, -12.129602694632222], [-77.03398888217393, -12.129552722284597], [-77.03398864194807, -12.129552087438643], [-77.03397915514597, -12.129527016620266], [-77.03396723659738, -12.129492479073763], [-77.03396297916377, -12.12947006108906], [-77.03396194427843, -12.12944727779432], [-77.03396415221201, -12.129424575470905], [-77.03396955971435, -12.129402398813939], [-77.03397806086221, -12.12938118222134], [-77.0340426221922, -12.129263162547652]]]}, "geometry_name": "geometria", "properties": {"cod_manzana": "0458", "mz_urbana": "019", "observacion": "mz sec 1 al 14", "ruta_da": "9", "tipo_mz": "0", "cod_manzana_inei": "", "zon_vec": "9", "delimitado": "SI"}}, {"type": "Feature", "id": "wms_tg_manzanas.321", "geometry": {"type": "Polygon", "coordinates": [[[-77.02614242181335, -12.119279002050854], [-77.02601406637255, -12.119900761708282], [-77.02636611343925, -12.119889447738034], [-77.02654833346105, -12.119883591187083], [-77.02670576826178, -12.119878531221772], [-77.0266937241254, -12.119535748392098], [-77.02668458472381, -12.119275613255978], [-77.02651099696894, -12.119276698775819], [-77.02636473686486, -12.119277612453793], [-77.02624804361935, -12.119278341581683], [-77.02614242181335, -12.119279002050854]]]}, "geometry_name": "geometria", "properties": {"cod_manzana": "0313", "mz_urbana": "001", "observacion": "mz sec 1 al 14", "ruta_da": "8", "tipo_mz": "0", "cod_manzana_inei": null, "zon_vec": "8", "delimitado": "SI"}}, {"type": "Feature", "id": "wms_tg_manzanas.345", "geometry": {"type": "Polygon", "coordinates": [[[-77.0327045695171, -12.122707131357215], [-77.03277290136397, -12.122777387933697], [-77.03284822243434, -12.122711682293211], [-77.03298957322959, -12.122588376102977], [-77.03302891536138, -12.122554056291799], [-77.03310546474039, -12.122487117663205], [-77.03316869966116, -12.122432018580247], [-77.03324671592091, -12.12236393178305], [-77.03314009257198, -12.122256799270478], [-77.033072894248, -12.122188828736627], [-77.03290574008516, -12.122020861916372], [-77.03280064292942, -12.12211517692056], [-77.03263413597894, -12.122264253929334], [-77.03244162837262, -12.12243681177779], [-77.03263915895396, -12.12263987829327], [-77.0327045695171, -12.122707131357215]]]}, "geometry_name": "geometria", "properties": {"cod_manzana": "0365", "mz_urbana": "029", "observacion": "mz sec 1 al 14", "ruta_da": "8", "tipo_mz": "0", "cod_manzana_inei": null, "zon_vec": "8", "delimitado": "SI"}}, {"type": "Feature", "id": "wms_tg_manzanas.725", "geometry": {"type": "Polygon", "coordinates": [[[-77.02381775878159, -12.124405360744177], [-77.0240865233308, -12.124469082346849], [-77.02411615050602, -12.124351523939561], [-77.02414178281155, -12.124249763531946], [-77.02416741510352, -12.124148003124331], [-77.0241930464635, -12.12404624272347], [-77.02421867912503, -12.123944480353677], [-77.0242619839559, -12.123768817226498], [-77.02411265155497, -12.1237323970452], [-77.02402350369489, -12.123710657330498], [-77.02393657788332, -12.123689455013876], [-77.02389724554091, -12.123845603885709], [-77.02386454291171, -12.123975436826777], [-77.02383184025366, -12.124105268864135], [-77.02379913665519, -12.124235100908203], [-77.02375947406969, -12.124392538316924], [-77.02381775878159, -12.124405360744177]]]}, "geometry_name": "geometria", "properties": {"cod_manzana": "0529", "mz_urbana": "", "observacion": "mz sec 1 al 14", "ruta_da": "11", "tipo_mz": "0", "cod_manzana_inei": "", "zon_vec": "11", "delimitado": "SI"}}, {"type": "Feature", "id": "wms_tg_manzanas.368", "geometry": {"type": "Polygon", "coordinates": [[[-77.02324673080638, -12.125346634673855], [-77.02326555325673, -12.125347384781358], [-77.02328426292074, -12.125345237182593], [-77.02339359807728, -12.125331609185876], [-77.02387436538001, -12.125268964331614], [-77.02397027445392, -12.124916246331171], [-77.02401631420287, -12.124741257863162], [-77.02405299105749, -12.124601189932635], [-77.02383074280874, -12.124544652836615], [-77.02375620902107, -12.124526894964413], [-77.02368088031754, -12.124513345605791], [-77.02360499075166, -12.124503871116445], [-77.02346496555607, -12.124504335946135], [-77.02336649019949, -12.124516358988947], [-77.02329936806215, -12.12453077323009], [-77.02326665446435, -12.124541044410476], [-77.02316297862917, -12.124579161384352], [-77.02306226913849, -12.124624286526792], [-77.02301125787803, -12.124656382781973], [-77.02296296837758, -12.124692039164183], [-77.02291726286381, -12.124731012651013], [-77.02285031881073, -12.124788795880452], [-77.02271369963863, -12.124927237871292], [-77.02281072253896, -12.125007495938862], [-77.0228828418748, -12.125066337340824], [-77.02299749991175, -12.125168086700572], [-77.02311386813187, -12.12526798425272], [-77.02315244610426, -12.12529979608506], [-77.02319415299787, -12.125327524232448], [-77.02321058839439, -12.125336580643026], [-77.02322825862865, -12.125343003362751], [-77.02324673080638, -12.125346634673855]]]}, "geometry_name": "geometria", "properties": {"cod_manzana": "0541", "mz_urbana": "E,IV", "observacion": "mz sec 1 al 14", "ruta_da": "11", "tipo_mz": "0", "cod_manzana_inei": "", "zon_vec": "11", "delimitado": "SI"}}, {"type": "Feature", "id": "wms_tg_manzanas.378", "geometry": {"type": "Polygon", "coordinates": [[[-77.03597707023285, -12.126420372164574], [-77.03597936317884, -12.12664987697041], [-77.03617632250602, -12.12660531799008], [-77.03619612011771, -12.126418220146821], [-77.0362128458524, -12.126262055057564], [-77.03622345768201, -12.126171686813768], [-77.03623600240002, -12.126081846649104], [-77.0359712307621, -12.12608663933498], [-77.0359727436067, -12.126177054059204], [-77.03597508223667, -12.126303660164853], [-77.03597707023285, -12.126420372164574]]]}, "geometry_name": "geometria", "properties": {"cod_manzana": "0433", "mz_urbana": "043", "observacion": "mz sec 1 al 14", "ruta_da": "4", "tipo_mz": "0", "cod_manzana_inei": null, "zon_vec": "4", "delimitado": "SI"}}, {"type": "Feature", "id": "wms_tg_manzanas.413", "geometry": {"type": "Polygon", "coordinates": [[[-77.03050676893099, -12.116626705976122], [-77.03045236534291, -12.116902178903258], [-77.03071218473585, -12.116899462706936], [-77.03091386914934, -12.116897443232917], [-77.03101526240725, -12.116896429404461], [-77.0311163801276, -12.116895417557451], [-77.03119104689512, -12.116894599444464], [-77.03130125711576, -12.116893520921762], [-77.03130039101737, -12.116633365719805], [-77.03129991813532, -12.11646160019779], [-77.0312995085526, -12.116371041490495], [-77.03129883606371, -12.11620930971289], [-77.0312986746892, -12.116151557469804], [-77.03129851024018, -12.11609339853464], [-77.0312981632394, -12.11601110922341], [-77.03126789666582, -12.115980420654768], [-77.03111441941535, -12.115980595890859], [-77.03093641897364, -12.115980815083747], [-77.03063359734476, -12.115981134837996], [-77.03061295652783, -12.116086886336806], [-77.0305949442328, -12.116178364435319], [-77.03057177433747, -12.116295706679201], [-77.03055904202745, -12.116361009798515], [-77.03053621684838, -12.116476277131573], [-77.03052189080927, -12.11654945506768], [-77.03050676893099, -12.116626705976122]]]}, "geometry_name": "geometria", "properties": {"cod_manzana": "0245", "mz_urbana": "068", "observacion": "mz sec 1 al 14", "ruta_da": "5", "tipo_mz": "0", "cod_manzana_inei": null, "zon_vec": "5", "delimitado": "SI"}}, {"type": "Feature", "id": "wms_tg_manzanas.415", "geometry": {"type": "Polygon", "coordinates": [[[-77.02649488063058, -12.115868383903464], [-77.02652188315753, -12.116306354588389], [-77.0273164957878, -12.116261636993276], [-77.02729086862072, -12.115823520954354], [-77.02728642573334, -12.11574600640468], [-77.0272756954002, -12.115565638873225], [-77.02726871360957, -12.115443810923704], [-77.02700266532216, -12.115460804243835], [-77.02647161743944, -12.115487732735104], [-77.02649391796106, -12.115850359890201], [-77.02649488063058, -12.115868383903464]]]}, "geometry_name": "geometria", "properties": {"cod_manzana": "0231", "mz_urbana": "57A", "observacion": "mz sec 1 al 14", "ruta_da": "5", "tipo_mz": "0", "cod_manzana_inei": null, "zon_vec": "5", "delimitado": "SI"}}, {"type": "Feature", "id": "wms_tg_manzanas.759", "geometry": {"type": "Polygon", "coordinates": [[[-77.0281140605604, -12.116999495229717], [-77.02790856733125, -12.116975059647014], [-77.02811452130459, -12.117137125029139], [-77.0281140605604, -12.116999495229717]]]}, "geometry_name": "geometria", "properties": {"cod_manzana": "0774", "mz_urbana": null, "observacion": "mz sec 1 al 14", "ruta_da": "5", "tipo_mz": "0", "cod_manzana_inei": null, "zon_vec": "5", "delimitado": "SI"}}, {"type": "Feature", "id": "wms_tg_manzanas.428", "geometry": {"type": "Polygon", "coordinates": [[[-77.02653743108124, -12.118250294158202], [-77.02666647584776, -12.118250428207759], [-77.0266617162899, -12.117829621228498], [-77.02666008085184, -12.117685024291392], [-77.02666056966149, -12.1175646770995], [-77.02662193953373, -12.11754104280162], [-77.02660563135771, -12.11754140448685], [-77.02646330532589, -12.117544562310783], [-77.02645090918689, -12.11754483734364], [-77.02643600591625, -12.117688697710712], [-77.02641631069714, -12.117832503987211], [-77.02639311174725, -12.117965677626323], [-77.02637741149552, -12.118052611617392], [-77.02633904141979, -12.11825058735476], [-77.02653743108124, -12.118250294158202]]]}, "geometry_name": "geometria", "properties": {"cod_manzana": "0267", "mz_urbana": "J", "observacion": "mz sec 1 al 14", "ruta_da": "5", "tipo_mz": "0", "cod_manzana_inei": "", "zon_vec": "5", "delimitado": "SI"}}, {"type": "Feature", "id": "wms_tg_manzanas.431", "geometry": {"type": "Polygon", "coordinates": [[[-77.03359733232331, -12.117855586947723], [-77.03364507966229, -12.117901259539913], [-77.03371763368855, -12.117900512236872], [-77.03379937004485, -12.11789967044276], [-77.0340234628525, -12.11789736310098], [-77.03424388196613, -12.1178950942825], [-77.03438229102622, -12.117893668383328], [-77.03451316263798, -12.117892321225474], [-77.03469513951681, -12.117890447117855], [-77.03469355629876, -12.117644592329869], [-77.0346927989136, -12.117527087529053], [-77.03469220799505, -12.117332048365403], [-77.03469098973903, -12.117246199192534], [-77.0346903205662, -12.11714226893237], [-77.03468930791398, -12.116985016538711], [-77.03453103204417, -12.116986622642242], [-77.03439510766425, -12.116988008622268], [-77.03423897717079, -12.116989591587714], [-77.03359608945904, -12.116996105174687], [-77.03359658294754, -12.117359429754481], [-77.03359667574891, -12.117427216498177], [-77.03359676779505, -12.117495002192038], [-77.03359689028626, -12.117585382787565], [-77.03359701275359, -12.117675765516786], [-77.03359713583771, -12.117766112281013], [-77.03359733232331, -12.117855586947723]]]}, "geometry_name": "geometria", "properties": {"cod_manzana": "0256", "mz_urbana": "009", "observacion": "mz sec 1 al 14", "ruta_da": "3", "tipo_mz": "0", "cod_manzana_inei": null, "zon_vec": "3", "delimitado": "SI"}}, {"type": "Feature", "id": "wms_tg_manzanas.444", "geometry": {"type": "Polygon", "coordinates": [[[-77.02647203325559, -12.117258703998147], [-77.02646762951096, -12.117441893662544], [-77.02666654420183, -12.117437863884424], [-77.02666660172572, -12.11726297588401], [-77.02666272302812, -12.11707767762673], [-77.02665415981981, -12.11681934042132], [-77.02646928950139, -12.11682218290322], [-77.02647347165366, -12.117084212599424], [-77.02647203325559, -12.117258703998147]]]}, "geometry_name": "geometria", "properties": {"cod_manzana": "0265", "mz_urbana": "L", "observacion": "mz sec 1 al 14", "ruta_da": "5", "tipo_mz": "0", "cod_manzana_inei": null, "zon_vec": "5", "delimitado": "SI"}}, {"type": "Feature", "id": "wms_tg_manzanas.450", "geometry": {"type": "Polygon", "coordinates": [[[-77.02366442331483, -12.125601406897767], [-77.02366226918848, -12.125601746195068], [-77.0236378622804, -12.125560223424888], [-77.02317599460122, -12.125631327346355], [-77.02297001177756, -12.125663037876688], [-77.02203800603355, -12.125806515823614], [-77.02198298368951, -12.125846106711979], [-77.02152409479878, -12.126746427392911], [-77.02154745854163, -12.126782282181221], [-77.02161238304352, -12.1268819174424], [-77.02316280191536, -12.127287519788785], [-77.02369295282263, -12.125650637096603], [-77.02367942398254, -12.12562848132068], [-77.02368066221413, -12.125627812777894], [-77.02366442331483, -12.125601406897767]]]}, "geometry_name": "geometria", "properties": {"cod_manzana": "0549", "mz_urbana": null, "observacion": "mz sec 1 al 14", "ruta_da": null, "tipo_mz": "1", "cod_manzana_inei": null, "zon_vec": "11", "delimitado": "SI"}}, {"type": "Feature", "id": "wms_tg_manzanas.452", "geometry": {"type": "Polygon", "coordinates": [[[-77.02693783500766, -12.124451200017123], [-77.02694686405022, -12.124796514363796], [-77.02717029613494, -12.124761904542849], [-77.02721394167172, -12.124755275819997], [-77.02739614491875, -12.12472696405491], [-77.027861562462, -12.124654823695106], [-77.02783430988154, -12.124220922810009], [-77.02782272055425, -12.124036494640785], [-77.0278180075964, -12.123959795589684], [-77.02780286868777, -12.123720729099578], [-77.02779300957198, -12.123543910093346], [-77.02778729410754, -12.123435549743363], [-77.02777635379941, -12.12322795845799], [-77.02748712542592, -12.123277725281739], [-77.02736107989823, -12.123299462154652], [-77.02708940314373, -12.12334631370185], [-77.02690942534005, -12.123377352003265], [-77.02691195333993, -12.12346243191687], [-77.02691592073987, -12.123595954477887], [-77.02691988982225, -12.123731466158103], [-77.02692276574702, -12.123826321517836], [-77.02692605194584, -12.123934741327421], [-77.02692976477734, -12.124057409816194], [-77.02693207383307, -12.124174921777504], [-77.02693367834455, -12.124251685705989], [-77.02693549892832, -12.124342061197574], [-77.02693783500766, -12.124451200017123]]]}, "geometry_name": "geometria", "properties": {"cod_manzana": "0373", "mz_urbana": "VIII", "observacion": "mz sec 1 al 14", "ruta_da": "8", "tipo_mz": "0", "cod_manzana_inei": null, "zon_vec": "8", "delimitado": "SI"}}, {"type": "Feature", "id": "wms_tg_manzanas.456", "geometry": {"type": "Polygon", "coordinates": [[[-77.0295087117809, -12.122963847587188], [-77.02942589913421, -12.122980858163192], [-77.02942069443147, -12.12294849468525], [-77.02930762394227, -12.122972505368452], [-77.02937178124976, -12.123440028434507], [-77.02956721307292, -12.123412160823511], [-77.02956831419824, -12.123412017188006], [-77.02962197328891, -12.123402269780025], [-77.02962692578868, -12.123401284509255], [-77.02981450025034, -12.123391098567874], [-77.02981850544565, -12.12341059152454], [-77.02982051112001, -12.12342074469477], [-77.02978659538107, -12.12341773938882], [-77.02978124972813, -12.12343960554929], [-77.02974045374869, -12.12343773520226], [-77.02974860564439, -12.123495428946546], [-77.02938499450998, -12.123547575452292], [-77.02940364704176, -12.1236820613645], [-77.02943482445613, -12.123905932738735], [-77.02944735034751, -12.123995453767826], [-77.02947708148422, -12.124210252423524], [-77.02950825909261, -12.124434123762024], [-77.02978432186167, -12.124392108207541], [-77.0299230405052, -12.124370891940341], [-77.03014543153782, -12.12433699677122], [-77.03067195897827, -12.124256812197906], [-77.03052014447921, -12.123457782147344], [-77.03039214241464, -12.122783031963841], [-77.02993570760609, -12.122876394919663], [-77.02971808386205, -12.122921100547446], [-77.02960940869606, -12.122943316728607], [-77.0295087117809, -12.122963847587188]]]}, "geometry_name": "geometria", "properties": {"cod_manzana": "0370", "mz_urbana": "11", "observacion": "mz sec 1 al 14", "ruta_da": "8", "tipo_mz": "0", "cod_manzana_inei": null, "zon_vec": "8", "delimitado": "SI"}}, {"type": "Feature", "id": "wms_tg_manzanas.460", "geometry": {"type": "Polygon", "coordinates": [[[-77.02607806385241, -12.12725378392886], [-77.02611240782329, -12.127274744320399], [-77.02634060279632, -12.127181530151429], [-77.02645926536489, -12.127133414594494], [-77.02657929716477, -12.12708429478504], [-77.02689548816493, -12.126955222239998], [-77.02691947873369, -12.126921018240214], [-77.02691942649315, -12.126877635689167], [-77.02691817688098, -12.126821653691463], [-77.02691511736447, -12.126720745677886], [-77.02691290011062, -12.126647616727412], [-77.02690794597656, -12.126484220101009], [-77.02690351338254, -12.126350531732937], [-77.0268856866967, -12.125927921199347], [-77.02663026130357, -12.125964350646703], [-77.02652865756419, -12.125979917423571], [-77.0264196737509, -12.125996796321886], [-77.02631080040794, -12.126013694243996], [-77.0261979678061, -12.126031594140224], [-77.02603746595264, -12.12605705156513], [-77.02604415013178, -12.126245832873353], [-77.0260483206886, -12.126463606789127], [-77.02604943794128, -12.126554882617617], [-77.0260597232916, -12.126700174709338], [-77.026064172187, -12.126822559537358], [-77.02606821234193, -12.127015381684952], [-77.02607232954033, -12.127116977049171], [-77.02607806385241, -12.12725378392886]]]}, "geometry_name": "geometria", "properties": {"cod_manzana": "0395", "mz_urbana": "XIV", "observacion": "mz sec 1 al 14", "ruta_da": "10", "tipo_mz": "0", "cod_manzana_inei": null, "zon_vec": "10", "delimitado": "SI"}}, {"type": "Feature", "id": "wms_tg_manzanas.469", "geometry": {"type": "Polygon", "coordinates": [[[-77.02791393134925, -12.123672224115996], [-77.02791860948103, -12.123744313983254], [-77.02792360721284, -12.123822231090486], [-77.02793042313775, -12.123921961921466], [-77.02793663779204, -12.12401505414193], [-77.02794936008667, -12.12420354115219], [-77.02797947582611, -12.12465165606304], [-77.02822195632534, -12.124614226055293], [-77.02831278379963, -12.124600275234245], [-77.02840333469578, -12.124586190837817], [-77.02862104418284, -12.124552602250077], [-77.02874544942078, -12.124533389332123], [-77.02887260694565, -12.124513749495252], [-77.02902398623296, -12.124490542961272], [-77.02927637133553, -12.124451141549505], [-77.02923063164319, -12.124123529011964], [-77.02921314587141, -12.123997575545177], [-77.0291833934641, -12.123779929976234], [-77.02916880256633, -12.123672393027109], [-77.02916412354637, -12.123673105145203], [-77.0291399199431, -12.123460435073552], [-77.02886829213351, -12.123505806676997], [-77.02862887650872, -12.12354755294259], [-77.02832753234921, -12.123598700003472], [-77.02809472734889, -12.123640126304636], [-77.02791393134925, -12.123672224115996]]]}, "geometry_name": "geometria", "properties": {"cod_manzana": "0372", "mz_urbana": "A", "observacion": "mz sec 1 al 14", "ruta_da": "8", "tipo_mz": "0", "cod_manzana_inei": null, "zon_vec": "8", "delimitado": "SI"}}, {"type": "Feature", "id": "wms_tg_manzanas.470", "geometry": {"type": "Polygon", "coordinates": [[[-77.03443677814438, -12.122362176886561], [-77.03436651625158, -12.122362654706468], [-77.0342948766719, -12.122363141952029], [-77.03413316619012, -12.1223642057945], [-77.03400450124278, -12.122366505792968], [-77.03386452492956, -12.122366990742952], [-77.03372675289117, -12.1223674594474], [-77.03374881737486, -12.12255194548511], [-77.03377000393009, -12.122729659398079], [-77.03377950227205, -12.122819473384814], [-77.03379147942564, -12.12290913360801], [-77.03379960216348, -12.122999228828094], [-77.03380936580157, -12.123087685150729], [-77.03382892085384, -12.123268258008194], [-77.03406314045513, -12.123268301452018], [-77.03419585714646, -12.12326936541779], [-77.03431341917381, -12.123270280266539], [-77.03436570442835, -12.123269334292738], [-77.03441722670425, -12.123268549364946], [-77.03449602402455, -12.123267157484758], [-77.03457372741671, -12.123266858182195], [-77.03464729056026, -12.123265640256633], [-77.03477567520646, -12.123262664096803], [-77.03477256840523, -12.123107322434397], [-77.03477119286967, -12.123034937569283], [-77.03477026865262, -12.122985732047422], [-77.0347684695154, -12.122930161107414], [-77.03476764197838, -12.12285736550453], [-77.0347649682553, -12.122577430817438], [-77.03476269829945, -12.122496104823064], [-77.0347594527606, -12.12235879512559], [-77.03466963223656, -12.122359996822405], [-77.03457622974258, -12.122361224785267], [-77.03443677814438, -12.122362176886561]]]}, "geometry_name": "geometria", "properties": {"cod_manzana": "0383", "mz_urbana": "24s", "observacion": "mz sec 1 al 14", "ruta_da": "4", "tipo_mz": "0", "cod_manzana_inei": "", "zon_vec": "4", "delimitado": "SI"}}, {"type": "Feature", "id": "wms_tg_manzanas.471", "geometry": {"type": "Polygon", "coordinates": [[[-77.03198042420502, -12.124770482602855], [-77.03203866375985, -12.124910112421693], [-77.03220818236865, -12.12484057296077], [-77.03234679363943, -12.124783739880332], [-77.03269020687215, -12.124642933797093], [-77.03269615505738, -12.124597213501941], [-77.03268985345461, -12.124478075432323], [-77.03264927682201, -12.124403086744142], [-77.03254697089184, -12.124214020224354], [-77.03247099818078, -12.12407361587264], [-77.03239329755596, -12.123930021061941], [-77.03201715143868, -12.124087369589455], [-77.03190557516348, -12.124134043359453], [-77.03174328223722, -12.12420193257487], [-77.03182418950634, -12.124395908604733], [-77.03185935852474, -12.124480342133237], [-77.0319246545993, -12.124636674157792], [-77.03198042420502, -12.124770482602855]]]}, "geometry_name": "geometria", "properties": {"cod_manzana": "0386", "mz_urbana": "033", "observacion": "mz sec 1 al 14", "ruta_da": "9", "tipo_mz": "0", "cod_manzana_inei": null, "zon_vec": "9", "delimitado": "SI"}}, {"type": "Feature", "id": "wms_tg_manzanas.472", "geometry": {"type": "Polygon", "coordinates": [[[-77.03283584577999, -12.123943120452424], [-77.03290956195765, -12.124026440440943], [-77.03291277599561, -12.124023674709083], [-77.03305475515809, -12.124179802541073], [-77.03313246579734, -12.124269626229289], [-77.03315459250949, -12.124294386327083], [-77.03317598890148, -12.124276084085698], [-77.03332472003086, -12.12414945312314], [-77.03344762836798, -12.124044746230226], [-77.03368865207476, -12.123841742980236], [-77.03358211888973, -12.123732527136934], [-77.03350733351567, -12.123654714676448], [-77.03343185924321, -12.123577069989633], [-77.03335588189807, -12.123498502688367], [-77.03319509508005, -12.123332654110826], [-77.03303656132758, -12.123169199336076], [-77.03293374957521, -12.123062928171672], [-77.0328776505771, -12.12300517961301], [-77.03277166972035, -12.122895950613904], [-77.03259580493368, -12.12304808303492], [-77.03250070362363, -12.123128470629108], [-77.03240325732844, -12.123211717420652], [-77.03228504699504, -12.123312788103995], [-77.03239084044276, -12.12342207458336], [-77.03253714539208, -12.123597412071815], [-77.03268754808546, -12.123768203337894], [-77.03277955209147, -12.123872672112403], [-77.03277611152184, -12.123875603997439], [-77.03283584577999, -12.123943120452424]]]}, "geometry_name": "geometria", "properties": {"cod_manzana": "0385", "mz_urbana": "032", "observacion": "mz sec 1 al 14", "ruta_da": "8", "tipo_mz": "0", "cod_manzana_inei": "", "zon_vec": "8", "delimitado": "SI"}}, {"type": "Feature", "id": "wms_tg_manzanas.479", "geometry": {"type": "Polygon", "coordinates": [[[-77.02791004484662, -12.118234609604805], [-77.02812027622653, -12.118233071780443], [-77.02811754776393, -12.117981335187055], [-77.0281155567187, -12.117827204784335], [-77.0281141106096, -12.11767225696368], [-77.02811215748972, -12.117523142431054], [-77.02811046762831, -12.117372399111193], [-77.02810878187906, -12.117222198046152], [-77.02788214586562, -12.117021718354204], [-77.0274813002922, -12.116922157536045], [-77.02748455624518, -12.1172438453879], [-77.0274855187258, -12.11733480696387], [-77.02748620158519, -12.117425228297133], [-77.02749036897077, -12.117831099497824], [-77.02749182497436, -12.1179874030195], [-77.02749426605668, -12.118237650521316], [-77.02770339536266, -12.118236121072503], [-77.02791004484662, -12.118234609604805]]]}, "geometry_name": "geometria", "properties": {"cod_manzana": "0263", "mz_urbana": "H", "observacion": "mz sec 1 al 14", "ruta_da": "5", "tipo_mz": "0", "cod_manzana_inei": null, "zon_vec": "5", "delimitado": "SI"}}, {"type": "Feature", "id": "wms_tg_manzanas.489", "geometry": {"type": "Polygon", "coordinates": [[[-77.02731951571727, -12.11640613433222], [-77.02653488960053, -12.116423257941438], [-77.02654383438532, -12.116586149852356], [-77.02734471934909, -12.116788126741588], [-77.02731951571727, -12.11640613433222]]]}, "geometry_name": "geometria", "properties": {"cod_manzana": "0232", "mz_urbana": null, "observacion": "mz sec 1 al 14", "ruta_da": null, "tipo_mz": "1", "cod_manzana_inei": null, "zon_vec": "5", "delimitado": "SI"}}, {"type": "Feature", "id": "wms_tg_manzanas.491", "geometry": {"type": "Polygon", "coordinates": [[[-77.03647945001848, -12.115944232256666], [-77.03633771872508, -12.11594537787413], [-77.03624590084021, -12.115946079368051], [-77.03614864018176, -12.115946929138591], [-77.0360560624801, -12.115947608918784], [-77.03598029203557, -12.115948165263546], [-77.03587145914582, -12.115949099904268], [-77.0358726947245, -12.116075714211718], [-77.03587572118059, -12.11625681493817], [-77.03587668443346, -12.116311171863659], [-77.03587715513227, -12.116445926047463], [-77.03587790651191, -12.116581356024575], [-77.03587914934161, -12.116708919270165], [-77.03587915745574, -12.116819002913543], [-77.03591467815461, -12.116852092581254], [-77.03604775597472, -12.116850708693082], [-77.03617753153787, -12.116849891275661], [-77.03631695063189, -12.116849002974766], [-77.036533522151, -12.116848090223518], [-77.0366255511327, -12.116847685408755], [-77.03680740484263, -12.116846891879828], [-77.03680645345732, -12.11668516267619], [-77.03680506107015, -12.116537942806527], [-77.03680450367523, -12.1164644674225], [-77.03680416337184, -12.116392466175498], [-77.03680226172955, -12.116242508885609], [-77.03680185426794, -12.11616522295002], [-77.03680157762518, -12.116091759640549], [-77.03680089435589, -12.115941191148288], [-77.03666383380889, -12.11594247262772], [-77.03659884363755, -12.115943102745476], [-77.03654144300049, -12.115943645784798], [-77.03647945001848, -12.115944232256666]]]}, "geometry_name": "geometria", "properties": {"cod_manzana": "0240", "mz_urbana": "088", "observacion": "mz sec 1 al 14", "ruta_da": "3", "tipo_mz": "0", "cod_manzana_inei": "", "zon_vec": "3", "delimitado": "SI"}}, {"type": "Feature", "id": "wms_tg_manzanas.493", "geometry": {"type": "Polygon", "coordinates": [[[-77.027866375409, -12.122908701021059], [-77.0278766412137, -12.12310433710521], [-77.0279912936696, -12.123088836531105], [-77.02841871017323, -12.123020564593832], [-77.02860775812063, -12.12299036920163], [-77.02880986727384, -12.122958118611935], [-77.02906802399073, -12.122916912920333], [-77.02902978528131, -12.1226337127886], [-77.02900441342533, -12.122448707808477], [-77.02882719305627, -12.122443362153604], [-77.02863453749006, -12.122437451505144], [-77.02845177014326, -12.122431850662654], [-77.02812632565423, -12.122421885398746], [-77.02798408401516, -12.122417537722118], [-77.02794219011145, -12.122416217404362], [-77.02783828298469, -12.122413046098114], [-77.02785676151397, -12.122726156381464], [-77.027866375409, -12.122908701021059]]]}, "geometry_name": "geometria", "properties": {"cod_manzana": "0350", "mz_urbana": "007", "observacion": "mz sec 1 al 14", "ruta_da": "8", "tipo_mz": "0", "cod_manzana_inei": null, "zon_vec": "8", "delimitado": "SI"}}, {"type": "Feature", "id": "wms_tg_manzanas.494", "geometry": {"type": "Polygon", "coordinates": [[[-77.03145139362843, -12.116888760550864], [-77.03155374319559, -12.116888016085156], [-77.03167095003813, -12.116887130180576], [-77.03182707451711, -12.11688594187192], [-77.03226786907996, -12.116881606060975], [-77.03237566124953, -12.116879973627682], [-77.03237437681949, -12.116731044376303], [-77.03237371857868, -12.116655129254154], [-77.0323725634021, -12.116521694856537], [-77.03237210618745, -12.11637708426378], [-77.03237167159809, -12.116297223278307], [-77.03237004177944, -12.11622945859341], [-77.03236788940973, -12.116139981920975], [-77.03236701551857, -12.115973687482805], [-77.03225680185048, -12.115974251225829], [-77.03211903475801, -12.115974956294991], [-77.03203637423815, -12.115975345141646], [-77.03187840219691, -12.115976152964858], [-77.0318374175558, -12.115976383686645], [-77.03179692085367, -12.115977493848725], [-77.03171895622017, -12.11597942082073], [-77.03159882733517, -12.115980572122254], [-77.03144287957852, -12.115981985783598], [-77.03144370318154, -12.116090843592895], [-77.03144356518989, -12.11621828172916], [-77.03144435287793, -12.116343877445916], [-77.03144533197099, -12.116524632149531], [-77.03144634313614, -12.116656574583352], [-77.03145047184798, -12.116775796557429], [-77.03145139362843, -12.116888760550864]]]}, "geometry_name": "geometria", "properties": {"cod_manzana": "0244", "mz_urbana": "072", "observacion": "mz sec 1 al 14", "ruta_da": "5", "tipo_mz": "0", "cod_manzana_inei": null, "zon_vec": "5", "delimitado": "SI"}}, {"type": "Feature", "id": "wms_tg_manzanas.516", "geometry": {"type": "Polygon", "coordinates": [[[-77.03456039327084, -12.116861688932564], [-77.03466302338825, -12.116860534795638], [-77.0346887131158, -12.116831875209598], [-77.03468826754782, -12.116724238597838], [-77.03468774310012, -12.116597708463962], [-77.03468726616362, -12.116507261599535], [-77.03468699206464, -12.116416324118743], [-77.03468624056774, -12.11623490185963], [-77.03468558651338, -12.116103814156387], [-77.03468526128955, -12.115988174342547], [-77.03465943162244, -12.115961249639307], [-77.03441090329419, -12.11596293755996], [-77.03423461423185, -12.115964113390776], [-77.03414341366961, -12.11596473091288], [-77.03405157020036, -12.115965353121005], [-77.03389975288059, -12.115966374534088], [-77.03359804049626, -12.115966708372945], [-77.0335965522813, -12.116149718804566], [-77.03359610511838, -12.116203944010783], [-77.03359565795705, -12.116258169216787], [-77.03359521788138, -12.116311580743675], [-77.03359436119628, -12.1164203910828], [-77.03359357293323, -12.116508039152698], [-77.03359266466947, -12.116598396815526], [-77.03359091128829, -12.116833769481428], [-77.03362997562671, -12.116872146005745], [-77.03378714854784, -12.116870378662993], [-77.03383385871958, -12.116869855102957], [-77.03398838582358, -12.116868118086558], [-77.03405127852089, -12.116867410685753], [-77.03423405112481, -12.116865357319478], [-77.03423404806229, -12.116870261165312], [-77.03432589502175, -12.116869974350127], [-77.03438256083486, -12.11686979738173], [-77.0343825252904, -12.116863688195016], [-77.03439312602234, -12.116863568839987], [-77.03443536351594, -12.11686309233814], [-77.03451249307525, -12.116862226311472], [-77.03456039327084, -12.116861688932564]]]}, "geometry_name": "geometria", "properties": {"cod_manzana": "0242", "mz_urbana": "080", "observacion": "mz sec 1 al 14", "ruta_da": "3", "tipo_mz": "0", "cod_manzana_inei": null, "zon_vec": "3", "delimitado": "SI"}}, {"type": "Feature", "id": "wms_tg_manzanas.512", "geometry": {"type": "Polygon", "coordinates": [[[-77.03483089124182, -12.117570305526954], [-77.03483109446228, -12.117887947205732], [-77.03501459301475, -12.117885922534393], [-77.03515235339499, -12.117884233485782], [-77.03524437767112, -12.117883151254862], [-77.03535431042802, -12.117881801953029], [-77.03546451870747, -12.117880450584991], [-77.03574885635891, -12.117877007233947], [-77.03574955255469, -12.117678119371098], [-77.03574865924975, -12.117560314674268], [-77.0357478245474, -12.117450237097012], [-77.0357469888253, -12.117340023955292], [-77.03574642452988, -12.117229266535539], [-77.03574560218708, -12.117120815717712], [-77.03574449203683, -12.116974407112341], [-77.03553785069786, -12.116976737643213], [-77.0353130253732, -12.1169793370723], [-77.03526618628858, -12.116979816463907], [-77.03503777903069, -12.116982441962891], [-77.03483113759229, -12.116984771968642], [-77.0348311451244, -12.117131188745752], [-77.03483100282621, -12.117221480169386], [-77.03483098108151, -12.117254966400381], [-77.03483097766568, -12.117327225842708], [-77.03483096689685, -12.117434869405514], [-77.03483096348909, -12.117507128846906], [-77.03483089124182, -12.117570305526954]]]}, "geometry_name": "geometria", "properties": {"cod_manzana": "0255", "mz_urbana": "011", "observacion": "mz sec 1 al 14", "ruta_da": "3", "tipo_mz": "0", "cod_manzana_inei": null, "zon_vec": "3", "delimitado": "SI"}}, {"type": "Feature", "id": "wms_tg_manzanas.513", "geometry": {"type": "Polygon", "coordinates": [[[-77.03215018286905, -12.117909298636974], [-77.03233433015042, -12.11790799674136], [-77.03237961426233, -12.117881646846072], [-77.03237883959378, -12.117769128326179], [-77.03237808203487, -12.117659111422705], [-77.03237730396224, -12.117546141021428], [-77.0323767162409, -12.117460861574513], [-77.0323762827451, -12.117397923518148], [-77.03237578663091, -12.117325893605463], [-77.03237532008745, -12.117258113490742], [-77.03237485632114, -12.117190784033886], [-77.03237424828943, -12.117102576745545], [-77.03237361975062, -12.117011295752935], [-77.03212224297204, -12.117012277792844], [-77.03181051968383, -12.117013493949504], [-77.03171095754445, -12.117013882567166], [-77.03144552362924, -12.117013021385615], [-77.03144736831365, -12.117192413420208], [-77.03144973392517, -12.117324905909136], [-77.03145231912026, -12.117593725050547], [-77.0314536204558, -12.117729286912132], [-77.03145492488144, -12.117865255463858], [-77.0315021273841, -12.117912766302247], [-77.03168701733827, -12.117912496063962], [-77.03182864059912, -12.117911458214557], [-77.03192039262689, -12.117910785794853], [-77.03201242018086, -12.117910111325553], [-77.03215018286905, -12.117909298636974]]]}, "geometry_name": "geometria", "properties": {"cod_manzana": "0258", "mz_urbana": "005", "observacion": "mz sec 1 al 14", "ruta_da": "5", "tipo_mz": "0", "cod_manzana_inei": "", "zon_vec": "5", "delimitado": "SI"}}, {"type": "Feature", "id": "wms_tg_manzanas.517", "geometry": {"type": "Polygon", "coordinates": [[[-77.0267591305216, -12.11820465881279], [-77.02679471805126, -12.118246697038796], [-77.02695783143095, -12.118245233404563], [-77.0270696956968, -12.118244144387447], [-77.02722950265371, -12.118242704768408], [-77.02734439775931, -12.118241593478793], [-77.02738678693012, -12.118199120704764], [-77.02738771355142, -12.118151183908173], [-77.02738753618821, -12.118050468985084], [-77.02738710822264, -12.117807351372264], [-77.02738448790703, -12.117529819995115], [-77.02718721108143, -12.117531804746822], [-77.02707011201157, -12.11753293203859], [-77.0269138873778, -12.117534345312725], [-77.02679899254349, -12.117535456375872], [-77.02675797077886, -12.117576563346486], [-77.02675798953695, -12.11768854548148], [-77.02675842814118, -12.117819640164154], [-77.02675896456711, -12.118036686623132], [-77.0267591305216, -12.11820465881279]]]}, "geometry_name": "geometria", "properties": {"cod_manzana": "0266", "mz_urbana": "I", "observacion": "mz sec 1 al 14", "ruta_da": "5", "tipo_mz": "0", "cod_manzana_inei": null, "zon_vec": "5", "delimitado": "SI"}}, {"type": "Feature", "id": "wms_tg_manzanas.520", "geometry": {"type": "Polygon", "coordinates": [[[-77.03482797743015, -12.118349183074761], [-77.03483335524535, -12.118949588126899], [-77.03529702442837, -12.118939405883557], [-77.03548023269293, -12.118935349359363], [-77.03561963648178, -12.11893229221929], [-77.03572405180472, -12.11893003422108], [-77.03575520954338, -12.11889645494445], [-77.03575281823015, -12.118653800315386], [-77.03575027377987, -12.118390946718625], [-77.03574910077701, -12.11827260179705], [-77.03574662629993, -12.118018966511235], [-77.03561107117976, -12.118020775245412], [-77.03547193414249, -12.118022610210838], [-77.03529008976487, -12.118024758626875], [-77.03519062815703, -12.118026166617904], [-77.03510631870175, -12.118027192208718], [-77.03486165727097, -12.118030343723618], [-77.03482531782466, -12.118071010632768], [-77.03482687984851, -12.118240734225814], [-77.03482797743015, -12.118349183074761]]]}, "geometry_name": "geometria", "properties": {"cod_manzana": "0278", "mz_urbana": "012", "observacion": "mz sec 1 al 14", "ruta_da": "3", "tipo_mz": "0", "cod_manzana_inei": null, "zon_vec": "3", "delimitado": "SI"}}, {"type": "Feature", "id": "wms_tg_manzanas.521", "geometry": {"type": "Polygon", "coordinates": [[[-77.02926448645157, -12.11894364238542], [-77.02938090352485, -12.118978596460908], [-77.02967838008341, -12.118970829531886], [-77.02989494370681, -12.118976186981051], [-77.02996387879054, -12.118975369503215], [-77.03011257531945, -12.11897362358266], [-77.0302503407917, -12.118972479133594], [-77.03024922013375, -12.11882430771451], [-77.03024808255014, -12.11860102981741], [-77.03024626543447, -12.118382989952366], [-77.03024459998544, -12.118224835417108], [-77.03024409311821, -12.118184168587263], [-77.03024266436573, -12.118066782277582], [-77.03010489833221, -12.118067791084753], [-77.02973197798372, -12.118070456417826], [-77.0292591335214, -12.118073917717643], [-77.02921763894243, -12.11830626119635], [-77.02921234657614, -12.118515861935022], [-77.02920749940675, -12.118874632415796], [-77.02920876036356, -12.11888652185], [-77.02921199239829, -12.118898045274324], [-77.02921710680005, -12.118908888812117], [-77.02922396355456, -12.11891875613432], [-77.02923237601894, -12.118927379271721], [-77.02924211647284, -12.118934523996417], [-77.02925291798964, -12.118939994327553], [-77.02926448645157, -12.11894364238542]]]}, "geometry_name": "geometria", "properties": {"cod_manzana": "0283", "mz_urbana": "002", "observacion": "mz sec 1 al 14", "ruta_da": "5", "tipo_mz": "0", "cod_manzana_inei": null, "zon_vec": "5", "delimitado": "SI"}}, {"type": "Feature", "id": "wms_tg_manzanas.522", "geometry": {"type": "Polygon", "coordinates": [[[-77.02823267326718, -12.118735894557867], [-77.02824282110258, -12.118996565238577], [-77.02850677549196, -12.118991094655476], [-77.02880796712554, -12.118984851507923], [-77.02883385925252, -12.118966104080242], [-77.02886009235273, -12.118810061714374], [-77.02888649371022, -12.11865313170523], [-77.02891091065528, -12.1185077871684], [-77.0289296897338, -12.118396071697964], [-77.02893088296996, -12.118371660080305], [-77.02889528693433, -12.118328537672394], [-77.02844093778253, -12.118332404579311], [-77.02822047969657, -12.118334285002735], [-77.02822746876313, -12.118602009548837], [-77.02823267326718, -12.118735894557867]]]}, "geometry_name": "geometria", "properties": {"cod_manzana": "0284", "mz_urbana": "B", "observacion": "mz sec 1 al 14", "ruta_da": "5", "tipo_mz": "0", "cod_manzana_inei": "", "zon_vec": "5", "delimitado": "SI"}}, {"type": "Feature", "id": "wms_tg_manzanas.524", "geometry": {"type": "Polygon", "coordinates": [[[-77.0359041348199, -12.118609224162583], [-77.03590526750142, -12.118609178998826], [-77.0359120804301, -12.118924527590142], [-77.03614169125258, -12.118922091608727], [-77.0363717663306, -12.118921635474361], [-77.0366468460719, -12.118921089865408], [-77.03679931124498, -12.118920786974174], [-77.036829342397, -12.118889096695613], [-77.0368264821904, -12.118644450968201], [-77.03682435299993, -12.11846370260051], [-77.03682311157979, -12.118372356767075], [-77.03682222669511, -12.118280305152213], [-77.0368211587206, -12.118188938159552], [-77.03681922609452, -12.118023557571544], [-77.03680435159977, -12.118008358172638], [-77.03663187521113, -12.118010287709545], [-77.03646268670184, -12.118012179431737], [-77.03635231405244, -12.118013413109674], [-77.03623687086412, -12.118014704771719], [-77.03612140838635, -12.11801599743133], [-77.03590092985438, -12.118018646889677], [-77.0358920234122, -12.118043250652097], [-77.0358960299032, -12.118244544240168], [-77.03590105013728, -12.11847050431078], [-77.0359041348199, -12.118609224162583]]]}, "geometry_name": "geometria", "properties": {"cod_manzana": "0277", "mz_urbana": "014", "observacion": "mz sec 1 al 14", "ruta_da": "3", "tipo_mz": "0", "cod_manzana_inei": null, "zon_vec": "3", "delimitado": "SI"}}, {"type": "Feature", "id": "wms_tg_manzanas.526", "geometry": {"type": "Polygon", "coordinates": [[[-77.03378971883234, -12.120022429309696], [-77.03379064167156, -12.120122765107599], [-77.03397645382171, -12.120120026176464], [-77.03401860839506, -12.120119445721373], [-77.03424811443735, -12.120115999164566], [-77.03431010638431, -12.120115137517251], [-77.03436576105938, -12.120114322364756], [-77.03442086466538, -12.120113511245547], [-77.03447789700326, -12.120112685959848], [-77.03453300060494, -12.12011187481841], [-77.03471484237232, -12.120109184417949], [-77.0347120948407, -12.119928488275624], [-77.03470907179991, -12.119747794152817], [-77.03470783530774, -12.119657377286094], [-77.03470632328852, -12.119566962441128], [-77.03470473317758, -12.119466244762766], [-77.0347005425842, -12.119204216522968], [-77.0344828873404, -12.119207847507129], [-77.0343848049601, -12.119209516296442], [-77.03423768086303, -12.119211951633726], [-77.03398971901633, -12.119216075760425], [-77.03378225836829, -12.119219631397922], [-77.03378554776907, -12.119581040089917], [-77.03378650738621, -12.11967132346872], [-77.03378707335186, -12.11974601904717], [-77.03378877973707, -12.119934857206685], [-77.03378971883234, -12.120022429309696]]]}, "geometry_name": "geometria", "properties": {"cod_manzana": "0304", "mz_urbana": "017", "observacion": "mz sec 1 al 14", "ruta_da": "4", "tipo_mz": "0", "cod_manzana_inei": null, "zon_vec": "4", "delimitado": "SI"}}, {"type": "Feature", "id": "wms_tg_manzanas.534", "geometry": {"type": "Polygon", "coordinates": [[[-77.02677821460377, -12.119758435410137], [-77.02678068958204, -12.119882216002697], [-77.02692845013, -12.119876104109542], [-77.02709312229541, -12.119869293648575], [-77.0272331578915, -12.119863501996484], [-77.02742509098603, -12.119860374444075], [-77.02758094725799, -12.119854864618844], [-77.02773992038536, -12.119849140995536], [-77.02800215173498, -12.119839675112472], [-77.02811182136708, -12.119835716234089], [-77.02824766595639, -12.119830812425976], [-77.0282976893691, -12.119829006630889], [-77.02831788181666, -12.11982821295809], [-77.02836836365421, -12.119826455344702], [-77.02846843205725, -12.119822581937587], [-77.02886208629818, -12.119808584243458], [-77.02885571616339, -12.119609006234572], [-77.02885453468207, -12.119572511781714], [-77.0287536161881, -12.119455607000992], [-77.02863486524669, -12.119317935731672], [-77.02858284910604, -12.119257653834861], [-77.02836995958641, -12.119259909182507], [-77.02836169382904, -12.119259996762674], [-77.02834332547921, -12.119260191383988], [-77.02825745344153, -12.119261101222646], [-77.02823632983771, -12.119261325029155], [-77.0279943085013, -12.119263889150867], [-77.02773026337236, -12.119266685220845], [-77.02756035542251, -12.119268485624026], [-77.02739458097349, -12.119270242126976], [-77.02722273932858, -12.119271954109356], [-77.02707910424834, -12.119273583767008], [-77.02691608500562, -12.119275309888495], [-77.02676858696216, -12.119276852845667], [-77.02677821460377, -12.119758435410137]]]}, "geometry_name": "geometria", "properties": {"cod_manzana": "0312", "mz_urbana": "003", "observacion": "mz sec 1 al 14", "ruta_da": "8", "tipo_mz": "0", "cod_manzana_inei": "", "zon_vec": "8", "delimitado": "SI"}}, {"type": "Feature", "id": "wms_tg_manzanas.536", "geometry": {"type": "Polygon", "coordinates": [[[-77.03206120035746, -12.121798067010067], [-77.0320834384327, -12.121810102676468], [-77.03224610123226, -12.121664983937157], [-77.03237640596566, -12.12154873324525], [-77.0325135832148, -12.121426350384812], [-77.03260087799966, -12.121352426736086], [-77.03261820149733, -12.121147907923381], [-77.03262144884089, -12.121109412257487], [-77.03263183505555, -12.120947686492487], [-77.03264181313956, -12.120790590321745], [-77.0323804802053, -12.1207758313011], [-77.03219446011498, -12.120765479702369], [-77.03205274004496, -12.120758368583065], [-77.0320540843251, -12.120943820288602], [-77.03205562345504, -12.121123747241661], [-77.03205702025544, -12.121195046612106], [-77.03205800092054, -12.121381946177134], [-77.03205969700385, -12.12160255346588], [-77.03206120035746, -12.121798067010067]]]}, "geometry_name": "geometria", "properties": {"cod_manzana": "0337", "mz_urbana": "017", "observacion": "mz sec 1 al 14", "ruta_da": "8", "tipo_mz": "0", "cod_manzana_inei": null, "zon_vec": "8", "delimitado": "SI"}}, {"type": "Feature", "id": "wms_tg_manzanas.523", "geometry": {"type": "Polygon", "coordinates": [[[-77.02856605182332, -12.117012925762976], [-77.02856507867216, -12.117012936488797], [-77.02851474593628, -12.117013635168643], [-77.02846819908618, -12.117014281287666], [-77.02837631706923, -12.117014693356683], [-77.02823894565717, -12.117017346150222], [-77.02823862076967, -12.11719318495501], [-77.02833445747683, -12.117263462567285], [-77.02841806537788, -12.117324033462188], [-77.02847025588204, -12.117363507061526], [-77.02854380695071, -12.117417635557924], [-77.02858110032494, -12.117445147392687], [-77.02867311055188, -12.11751510699365], [-77.02874960396629, -12.117573656509846], [-77.02883975595087, -12.11763972383454], [-77.0289839890441, -12.117749909803594], [-77.02904300012555, -12.117727795701999], [-77.02906914803765, -12.117577880596135], [-77.02908670426213, -12.117477224583752], [-77.02910868837338, -12.117351181878295], [-77.02913354717278, -12.117197209867086], [-77.0291339099972, -12.117194988578683], [-77.02914757621583, -12.117110614254457], [-77.02916127781327, -12.117027679746716], [-77.02913244531909, -12.117004436868514], [-77.02895694835499, -12.117007890289042], [-77.02885638356548, -12.117009168451979], [-77.02875080962379, -12.117010456981326], [-77.02866249091312, -12.1170118821608], [-77.02856605182332, -12.117012925762976]]]}, "geometry_name": "geometria", "properties": {"cod_manzana": "0261", "mz_urbana": "059", "observacion": "mz sec 1 al 14", "ruta_da": "5", "tipo_mz": "0", "cod_manzana_inei": "", "zon_vec": "5", "delimitado": "SI"}}, {"type": "Feature", "id": "wms_tg_manzanas.531", "geometry": {"type": "Polygon", "coordinates": [[[-77.03263731442368, -12.126317062599997], [-77.03270910581811, -12.12648422848261], [-77.03297957442602, -12.126376693728789], [-77.03307861556367, -12.126337315652323], [-77.03319953156144, -12.126288415380731], [-77.03351621230547, -12.126162505704778], [-77.03356060929899, -12.126144853721707], [-77.03353172358547, -12.126104789264216], [-77.03340648706848, -12.125931088064714], [-77.0333416493894, -12.12584115903477], [-77.03323386474237, -12.125700023136437], [-77.03311410586569, -12.125543207629399], [-77.03287195156652, -12.125639939819703], [-77.03260506428568, -12.125746303873644], [-77.03242333678644, -12.125818809117746], [-77.03253334651404, -12.126074970219388], [-77.0325660598164, -12.126151144519884], [-77.03263731442368, -12.126317062599997]]]}, "geometry_name": "geometria", "properties": {"cod_manzana": "0425", "mz_urbana": "008", "observacion": "mz sec 1 al 14", "ruta_da": "9", "tipo_mz": "0", "cod_manzana_inei": null, "zon_vec": "9", "delimitado": "SI"}}, {"type": "Feature", "id": "wms_tg_manzanas.537", "geometry": {"type": "Polygon", "coordinates": [[[-77.02657122088068, -12.121345196401311], [-77.02675187306691, -12.12136719384776], [-77.02674723664056, -12.121227588870457], [-77.02674574854832, -12.121176489209862], [-77.02674433314318, -12.121135014610212], [-77.02674185158091, -12.12106182402133], [-77.02673856404743, -12.120954881964005], [-77.0267364532365, -12.120894296833916], [-77.02673576240248, -12.120868008199617], [-77.02673447644575, -12.12082871354939], [-77.02673002152544, -12.120699391708973], [-77.02672819445267, -12.120639889076555], [-77.02672208438383, -12.120451082322997], [-77.02658458212461, -12.120450731919398], [-77.02633933741909, -12.12045008450426], [-77.02624758318164, -12.120450619651757], [-77.02618365901742, -12.120451086916457], [-77.02606104482666, -12.120451847572992], [-77.02593497884504, -12.120452722880675], [-77.02580455617309, -12.120452351076478], [-77.02578632069192, -12.120505080599063], [-77.02571709457341, -12.120684649078576], [-77.0257072012741, -12.120714130715257], [-77.02566595625784, -12.120819780052067], [-77.02566178023478, -12.120831171342214], [-77.02563145493986, -12.12091389218214], [-77.02556410061808, -12.121092260202094], [-77.02552592498596, -12.121218485398096], [-77.02576587262459, -12.12124737107644], [-77.02599561623632, -12.121275110977646], [-77.02628603818471, -12.121310405837939], [-77.02645676184392, -12.121331255920017], [-77.02657122088068, -12.121345196401311]]]}, "geometry_name": "geometria", "properties": {"cod_manzana": "0319", "mz_urbana": "II", "observacion": "mz sec 1 al 14", "ruta_da": "8", "tipo_mz": "0", "cod_manzana_inei": null, "zon_vec": "8", "delimitado": "SI"}}, {"type": "Feature", "id": "wms_tg_manzanas.540", "geometry": {"type": "Polygon", "coordinates": [[[-77.03534709510818, -12.124901878281113], [-77.03553998360083, -12.124900923259572], [-77.03564989107967, -12.124899982108282], [-77.03581620849882, -12.124899588133033], [-77.0358144387613, -12.124816820579387], [-77.03581290353698, -12.124744985555274], [-77.03581132083787, -12.124673187935612], [-77.0358096545116, -12.124600415722506], [-77.03580820023438, -12.124524963067985], [-77.03580644198298, -12.124442737711249], [-77.03564057178947, -12.124444293358971], [-77.03553311375265, -12.124445301443442], [-77.03534025582402, -12.124448305115989], [-77.03525485827744, -12.124449640923258], [-77.03517164901585, -12.124450423771592], [-77.03508072389683, -12.124451279528433], [-77.0349420374687, -12.124452298904625], [-77.03494393645862, -12.124593685584186], [-77.03494501735317, -12.124681218596436], [-77.03494729497793, -12.124903889096226], [-77.03517808015575, -12.124902538526102], [-77.03534709510818, -12.124901878281113]]]}, "geometry_name": "geometria", "properties": {"cod_manzana": "0408", "mz_urbana": "054", "observacion": "mz sec 1 al 14", "ruta_da": "4", "tipo_mz": "0", "cod_manzana_inei": null, "zon_vec": "4", "delimitado": "SI"}}, {"type": "Feature", "id": "wms_tg_manzanas.542", "geometry": {"type": "Polygon", "coordinates": [[[-77.02746422945772, -12.122283609328282], [-77.0277333117821, -12.122314879353127], [-77.02772243123142, -12.122135345508237], [-77.02771723558352, -12.122042395831572], [-77.02771144155216, -12.12195400664265], [-77.0277079147767, -12.121895815267017], [-77.02769979760932, -12.121760468398769], [-77.02769696031498, -12.12171317464963], [-77.027688477125, -12.121575089196732], [-77.02758533342151, -12.121563506717328], [-77.02750783710941, -12.121554719166241], [-77.02735540332168, -12.121537614242172], [-77.02721304823879, -12.121521596914347], [-77.02707616750881, -12.121506195641718], [-77.02682609538324, -12.121478091068871], [-77.02683045941147, -12.121618104742794], [-77.02683445884658, -12.121746326341425], [-77.02683741463211, -12.121845814366631], [-77.02684030080405, -12.121936084023258], [-77.02684148883311, -12.121983932150746], [-77.02684322179414, -12.122030962862743], [-77.02684844719525, -12.122212048458325], [-77.0270911635961, -12.122240253322436], [-77.02724287024441, -12.122257883847382], [-77.02739109334085, -12.122275109448614], [-77.02746422945772, -12.122283609328282]]]}, "geometry_name": "geometria", "properties": {"cod_manzana": "0347", "mz_urbana": "III", "observacion": "mz sec 1 al 14", "ruta_da": "8", "tipo_mz": "0", "cod_manzana_inei": null, "zon_vec": "8", "delimitado": "SI"}}, {"type": "Feature", "id": "wms_tg_manzanas.545", "geometry": {"type": "Polygon", "coordinates": [[[-77.0297070474403, -12.12204484726515], [-77.02973442423252, -12.122094130372785], [-77.02974569456119, -12.12209052297771], [-77.02978060563932, -12.122079421590488], [-77.02980766179613, -12.122122741891035], [-77.03009820822973, -12.122028831202213], [-77.0300118661103, -12.121870573690806], [-77.02995436410329, -12.121772842017535], [-77.0296913282543, -12.121423773737021], [-77.02947995129972, -12.121536397198156], [-77.02962456009935, -12.121799435487558], [-77.02958322379331, -12.12182169629404], [-77.0297070474403, -12.12204484726515]]]}, "geometry_name": "geometria", "properties": {"cod_manzana": "0343", "mz_urbana": "001", "observacion": "mz sec 1 al 14", "ruta_da": "8", "tipo_mz": "0", "cod_manzana_inei": null, "zon_vec": "8", "delimitado": "SI"}}, {"type": "Feature", "id": "wms_tg_manzanas.548", "geometry": {"type": "Polygon", "coordinates": [[[-77.02925654909824, -12.122631645827227], [-77.02929090875892, -12.12287555855402], [-77.02935424975446, -12.122862288669333], [-77.02935158640855, -12.122851765226546], [-77.02947197913478, -12.122827140552385], [-77.02965994690278, -12.122788856214216], [-77.02997001185632, -12.12272543673563], [-77.03008621937325, -12.122701506117824], [-77.03020534633893, -12.122677140771485], [-77.03020728325366, -12.122685974879566], [-77.0303464266183, -12.122658253419797], [-77.03033293095093, -12.122595320370813], [-77.03030309204836, -12.122456188666797], [-77.03029843649671, -12.122439638875722], [-77.0302290642543, -12.122293964778752], [-77.030131244846, -12.12208954818539], [-77.02991904357009, -12.122157613989597], [-77.02981900295636, -12.122189702546843], [-77.02968195549009, -12.122233661579262], [-77.0295575004447, -12.122273702511558], [-77.02936728230122, -12.122335017981221], [-77.02927986976331, -12.122363179031867], [-77.02922159438381, -12.122381907864], [-77.02925654909824, -12.122631645827227]]]}, "geometry_name": "geometria", "properties": {"cod_manzana": "0349", "mz_urbana": "010", "observacion": "mz sec 1 al 14", "ruta_da": "8", "tipo_mz": "0", "cod_manzana_inei": null, "zon_vec": "8", "delimitado": "SI"}}, {"type": "Feature", "id": "wms_tg_manzanas.557", "geometry": {"type": "Polygon", "coordinates": [[[-77.03162013859354, -12.125562715185522], [-77.03175743174104, -12.125899009910707], [-77.03201762379676, -12.125793878787452], [-77.03210259672846, -12.125759567053699], [-77.03227499392857, -12.12568995936685], [-77.03213606557192, -12.125356117252121], [-77.03210115377684, -12.125272327227151], [-77.03206482240591, -12.12518507607576], [-77.03199517496436, -12.125017815544712], [-77.0318254885651, -12.125087054257966], [-77.03173732642728, -12.12512302787041], [-77.03165234331829, -12.125157798679263], [-77.03148284995467, -12.125226962584792], [-77.0315510727026, -12.12539375742141], [-77.03158251516163, -12.125470395830128], [-77.03162013859354, -12.125562715185522]]]}, "geometry_name": "geometria", "properties": {"cod_manzana": "0412", "mz_urbana": "004", "observacion": "mz sec 1 al 14", "ruta_da": "9", "tipo_mz": "0", "cod_manzana_inei": null, "zon_vec": "9", "delimitado": "SI"}}, {"type": "Feature", "id": "wms_tg_manzanas.543", "geometry": {"type": "Polygon", "coordinates": [[[-77.02594613663439, -12.123229111709463], [-77.02595190688206, -12.12344227421385], [-77.02612885178317, -12.123411019258615], [-77.02626644584869, -12.123386830500705], [-77.02640557463826, -12.123362457290131], [-77.02654206234857, -12.12333822627917], [-77.02679746179376, -12.123293169163858], [-77.02678521224115, -12.122927333533907], [-77.02678120714872, -12.122770282207984], [-77.02677587614554, -12.122611702289024], [-77.02677089032359, -12.122462338719796], [-77.02676587278177, -12.122308772657005], [-77.02652786013448, -12.122280822862516], [-77.02640761338851, -12.12226678916905], [-77.02611830277183, -12.12223284219183], [-77.02602453215891, -12.12222186849747], [-77.02591311080312, -12.122208854641581], [-77.02591788915369, -12.12236730312786], [-77.02592190790438, -12.122461631711927], [-77.02592417211847, -12.122542551514046], [-77.02592609529992, -12.122614797214506], [-77.0259285695607, -12.122687038886218], [-77.02593069719907, -12.122763005892079], [-77.02594613663439, -12.123229111709463]]]}, "geometry_name": "geometria", "properties": {"cod_manzana": "0352", "mz_urbana": "IV,V", "observacion": "mz sec 1 al 14", "ruta_da": "8", "tipo_mz": "0", "cod_manzana_inei": null, "zon_vec": "8", "delimitado": "SI"}}, {"type": "Feature", "id": "wms_tg_manzanas.558", "geometry": {"type": "Polygon", "coordinates": [[[-77.0320756228531, -12.126650855891668], [-77.03210986950803, -12.126734717646785], [-77.03227997773658, -12.126666485078195], [-77.03236503135372, -12.126632368763154], [-77.03245093658066, -12.12659791086518], [-77.03253599295725, -12.126563801714285], [-77.0326210436883, -12.126529678120882], [-77.0325911859847, -12.126457625946069], [-77.03257682788524, -12.126422978947799], [-77.03256725643371, -12.126399880943726], [-77.03255096624456, -12.12636044618357], [-77.03251702406631, -12.126278591427196], [-77.03248235247223, -12.126194900052326], [-77.03245157888139, -12.126122334878325], [-77.03238685010355, -12.125969699125003], [-77.03234086703371, -12.125861268494855], [-77.03217076022253, -12.125929501013731], [-77.03200235291824, -12.125997052158857], [-77.03183224498768, -12.126065284503342], [-77.03197203321963, -12.126399609411651], [-77.0319771529546, -12.126411966694716], [-77.03200670749834, -12.126483306272858], [-77.03204137713473, -12.126566993218033], [-77.0320756228531, -12.126650855891668]]]}, "geometry_name": "geometria", "properties": {"cod_manzana": "0426", "mz_urbana": "007", "observacion": "mz sec 1 al 14", "ruta_da": "9", "tipo_mz": "0", "cod_manzana_inei": null, "zon_vec": "9", "delimitado": "SI"}}, {"type": "Feature", "id": "wms_tg_manzanas.559", "geometry": {"type": "Polygon", "coordinates": [[[-77.03303521655238, -12.127289565334047], [-77.03306665252755, -12.127365254515569], [-77.03317765876734, -12.127323226253006], [-77.03327197582678, -12.127287429271163], [-77.03336879492274, -12.127250664899398], [-77.03413494399909, -12.12696018962439], [-77.03403245138806, -12.126816694432263], [-77.03392690013699, -12.126669553082968], [-77.03382185439023, -12.126522922230302], [-77.03371310559257, -12.126371119797914], [-77.03360461308695, -12.126219667002726], [-77.03315947177022, -12.126402153509733], [-77.0329920876067, -12.1264708962043], [-77.0328848624405, -12.126514884980555], [-77.03273899499676, -12.126574612348994], [-77.03280837971867, -12.126741980217085], [-77.03287723424975, -12.126908095649902], [-77.03295677482183, -12.12709998566665], [-77.03300647606903, -12.127220104644362], [-77.03302112497632, -12.127255220248708], [-77.03303521655238, -12.127289565334047]]]}, "geometry_name": "geometria", "properties": {"cod_manzana": "0435", "mz_urbana": "011", "observacion": "mz sec 1 al 14", "ruta_da": "9", "tipo_mz": "0", "cod_manzana_inei": null, "zon_vec": "9", "delimitado": "SI"}}, {"type": "Feature", "id": "wms_tg_manzanas.560", "geometry": {"type": "Polygon", "coordinates": [[[-77.03239657199252, -12.1274274832729], [-77.03246741775548, -12.127596733072684], [-77.03259572888248, -12.127547392786584], [-77.03272570138952, -12.12749742386092], [-77.03284889841677, -12.127450067796975], [-77.03298236119974, -12.127398766248255], [-77.03291215099571, -12.127230266636065], [-77.03285238334547, -12.127086828887077], [-77.03279281128417, -12.126943858755494], [-77.03275796733087, -12.126860236495261], [-77.03272312432131, -12.126776614219873], [-77.03265343653443, -12.126609368753869], [-77.03248369612757, -12.126678482758601], [-77.03239628025332, -12.126714076088827], [-77.03231136517903, -12.126748659573128], [-77.03214159557314, -12.12681782602924], [-77.03221207767986, -12.12698616577091], [-77.03234835194316, -12.127312138700875], [-77.03239657199252, -12.1274274832729]]]}, "geometry_name": "geometria", "properties": {"cod_manzana": "0436", "mz_urbana": "022, 010", "observacion": "mz sec 1 al 14", "ruta_da": "9", "tipo_mz": "0", "cod_manzana_inei": null, "zon_vec": "9", "delimitado": "SI"}}, {"type": "Feature", "id": "wms_tg_manzanas.561", "geometry": {"type": "Polygon", "coordinates": [[[-77.03611306102344, -12.123389090347567], [-77.03611641735291, -12.123378694507695], [-77.03611895254554, -12.123370841685936], [-77.03611897138734, -12.12337078280011], [-77.03611898395764, -12.123370744747895], [-77.0361210865985, -12.12336277941682], [-77.03612129372755, -12.123361993390922], [-77.03612192228405, -12.123359611761595], [-77.03612353743813, -12.123353493777572], [-77.03612419899335, -12.12335013489082], [-77.03612469250899, -12.123347629528302], [-77.03612674616696, -12.123337203491872], [-77.03612698761984, -12.123335977963704], [-77.03612734403244, -12.123333561277741], [-77.03612881764661, -12.123323557965344], [-77.03612931030897, -12.123320213876633], [-77.03612960732512, -12.123318200724684], [-77.03613002941356, -12.123312213520224], [-77.03613045232451, -12.12330621365635], [-77.03613065387286, -12.123303360665776], [-77.0361308512816, -12.123300567356821], [-77.03613090582415, -12.123299887293586], [-77.03613094615886, -12.123299392615001], [-77.03613117617932, -12.123296539415321], [-77.03613135503613, -12.12329432739034], [-77.03613127377221, -12.12328361787933], [-77.03613084105032, -12.123278519974233], [-77.03613036589921, -12.123272914441554], [-77.03612994517736, -12.12326915588961], [-77.03612918351867, -12.123262348591533], [-77.03612741286406, -12.123254268012683], [-77.03612690002142, -12.123251926402412], [-77.0361264319997, -12.123250044500459], [-77.0361263666239, -12.123249781069251], [-77.03612434201673, -12.12324164180108], [-77.03612341972075, -12.123239084477902], [-77.03612203957715, -12.123235259766489], [-77.03612068289553, -12.123231500860594], [-77.03611855460326, -12.123226159635472], [-77.0361167502956, -12.123221633071246], [-77.03611382417334, -12.123215853938673], [-77.03611059591854, -12.123209476898252], [-77.03610389355542, -12.123197731464028], [-77.03610256971197, -12.123195637128537], [-77.03609664217757, -12.123186261205197], [-77.03609493460465, -12.123183951871344], [-77.03608856830611, -12.123175339272663], [-77.03607967194085, -12.123164965666497], [-77.03607635623946, -12.123161468795843], [-77.0360702535327, -12.123155032433939], [-77.03607022576648, -12.123155004619905], [-77.03606023628109, -12.123145586233214], [-77.03605611785072, -12.123141974149512], [-77.03605445531312, -12.123140515870322], [-77.03604858558396, -12.123135368432067], [-77.03604615529248, -12.123133441294804], [-77.03603638792963, -12.123125696932634], [-77.0360236453752, -12.123116842861636], [-77.03601008444153, -12.123109079370186], [-77.03599597757896, -12.123101997743603], [-77.03599431536662, -12.123101308601063], [-77.03598690727678, -12.1230982367572], [-77.03598422503057, -12.12309711947334], [-77.03598409145702, -12.123097068033877], [-77.03597221049206, -12.123092817948248], [-77.03595950908309, -12.123089386411579], [-77.0359470893819, -12.12308676623078], [-77.03593440031588, -12.123084961454232], [-77.03592309201667, -12.123083553246707], [-77.03590240750388, -12.123083292630579], [-77.0358818076707, -12.123084400489923], [-77.03586893803592, -12.123085786347279], [-77.03585884304768, -12.123087725740078], [-77.03584302431472, -12.12309118980138], [-77.03583070062528, -12.123094205906233], [-77.03582634133667, -12.123095402024493], [-77.03581504349098, -12.123098501970151], [-77.03580440803934, -12.123102077411742], [-77.03579362524262, -12.123106251767132], [-77.03578127377695, -12.123111872441195], [-77.03577038081328, -12.123117542184296], [-77.03576026972786, -12.123123658209453], [-77.03574326566778, -12.123134222083392], [-77.03574313406861, -12.123134309815459], [-77.0357413677888, -12.123135528349653], [-77.03572900896215, -12.123145914285928], [-77.03571814842199, -12.123155858286117], [-77.03570946407092, -12.123164351504586], [-77.03570072032772, -12.123173024508745], [-77.03569276363969, -12.123181333032349], [-77.03568487087784, -12.12319005956843], [-77.03567770850083, -12.123198960088944], [-77.03567102987238, -12.123207558140066], [-77.03566634200338, -12.12321428828991], [-77.03565937412591, -12.123224801527172], [-77.03565740296644, -12.123227758801132], [-77.0356518904441, -12.123237354823265], [-77.03565059307302, -12.123240167378393], [-77.03564848757307, -12.123244730799986], [-77.03564786307506, -12.123246316145252], [-77.03564253992458, -12.123259822871216], [-77.03563864937456, -12.12327159912976], [-77.03563742197016, -12.123275315560978], [-77.03563740434156, -12.123275413301629], [-77.03563502955642, -12.123286856671214], [-77.03563412807961, -12.123293581289053], [-77.03563346295726, -12.123298529094233], [-77.03563345719998, -12.123298617709535], [-77.0356327611587, -12.123306875482418], [-77.03563245865192, -12.12331046581756], [-77.03563245141419, -12.123310601441792], [-77.03563245078367, -12.123310639406366], [-77.03563243247888, -12.123311858776143], [-77.0356323361986, -12.123318297299488], [-77.03563227015448, -12.123322667690728], [-77.0356323523003, -12.12332538393065], [-77.03563254523057, -12.123331806772581], [-77.03563263604072, -12.123334817589923], [-77.03563263916632, -12.12333486637254], [-77.03563299007162, -12.123338382315072], [-77.03563376035669, -12.123346086129365], [-77.0356338308941, -12.123346787869156], [-77.03563443961275, -12.123350992426372], [-77.0356345200541, -12.123351546772891], [-77.03563518208506, -12.123356119691714], [-77.03563557564212, -12.123358840874612], [-77.03563641960032, -12.123362332408004], [-77.03563678943944, -12.123363864355296], [-77.03563695634624, -12.123364556349198], [-77.0356374665047, -12.123366665702315], [-77.03563752719181, -12.123366916514795], [-77.03563790746998, -12.12336849267208], [-77.03563841195313, -12.123370580375544], [-77.03563842047987, -12.123370614657476], [-77.03563842992492, -12.123370648932823], [-77.0356406446802, -12.123378428902344], [-77.035641861067, -12.123382704011963], [-77.03564323315388, -12.123387525684727], [-77.03564525805389, -12.123394131196031], [-77.03564569506362, -12.123395557808482], [-77.03564775383731, -12.123402269720215], [-77.03565310202195, -12.12341688295177], [-77.03565570731568, -12.123422506280743], [-77.03565697635311, -12.123425246339412], [-77.03565954337328, -12.123430788606868], [-77.0356647445347, -12.12344103481961], [-77.0356665366894, -12.12344456548187], [-77.03566886267967, -12.123448241350896], [-77.03567490357587, -12.123457789982922], [-77.03568002253658, -12.123465070505016], [-77.03568293068517, -12.123469207558195], [-77.03568381742278, -12.123470468181658], [-77.03569355273832, -12.12348246249079], [-77.03570411055101, -12.123493908473513], [-77.03571521429565, -12.123504672590355], [-77.03571842828045, -12.123507353171215], [-77.03572713848045, -12.123514617253798], [-77.03573781199147, -12.12352254748031], [-77.03573960769235, -12.123523881865358], [-77.03575289915389, -12.123532323394805], [-77.03576204172293, -12.123537375396127], [-77.03576645804873, -12.123539815769481], [-77.03576776325144, -12.123540421673992], [-77.03578083738329, -12.123546488690378], [-77.0357830033649, -12.12354735489454], [-77.03579548608424, -12.123552346205628], [-77.03580657955358, -12.123556065219825], [-77.03581012758609, -12.123557254775697], [-77.03582558747021, -12.123561072764966], [-77.03582734994, -12.12356141682128], [-77.03583569498628, -12.123563044732002], [-77.03583780332345, -12.12356345584052], [-77.03584092167458, -12.123564063789608], [-77.03584099798869, -12.123564074074709], [-77.03584104029945, -12.123564081898076], [-77.03584177959495, -12.123564189442948], [-77.0358430596282, -12.123564383396007], [-77.0358504207465, -12.123565499749391], [-77.0358559567419, -12.123566488516428], [-77.0358606300053, -12.123567322743664], [-77.03586237936938, -12.123567513248851], [-77.03586861936029, -12.123568194068659], [-77.03587110965805, -12.123568465896172], [-77.03587940020336, -12.123568842433556], [-77.035881308604, -12.123568929640093], [-77.03588139494568, -12.123568929909638], [-77.03588854534974, -12.123568786095753], [-77.03588863535158, -12.123568784530747], [-77.03589177799866, -12.123568720772353], [-77.0359019666862, -12.123567832496116], [-77.03590301453416, -12.123567689227203], [-77.0359067599883, -12.12356717636731], [-77.03591231209886, -12.123566415245119], [-77.03591242679612, -12.123566399941614], [-77.0359223311544, -12.123564295745583], [-77.03592978016961, -12.123562719929701], [-77.03594391055674, -12.123557737814046], [-77.03595670058613, -12.123552263366157], [-77.03596941553516, -12.123546502510203], [-77.03598030683092, -12.12354061157196], [-77.03600214926007, -12.123527107499621], [-77.0360144780742, -12.123517298456907], [-77.03603466234546, -12.123501239458147], [-77.03603470615703, -12.123501202984045], [-77.03603482294447, -12.12350109999584], [-77.03604922053961, -12.123487542864499], [-77.03604932537337, -12.12348743815644], [-77.03606272040778, -12.123472971930408], [-77.03607527885465, -12.12345756014202], [-77.03608700554716, -12.123441476609202], [-77.03609734838373, -12.123424589817397], [-77.03610575834871, -12.123407174942317], [-77.03610887867355, -12.123399448873455], [-77.03611306102344, -12.123389090347567]]]}, "geometry_name": "geometria", "properties": {"cod_manzana": "0403", "mz_urbana": null, "observacion": "mz sec 1 al 14", "ruta_da": null, "tipo_mz": "1", "cod_manzana_inei": null, "zon_vec": "4", "delimitado": "SI"}}, {"type": "Feature", "id": "wms_tg_manzanas.562", "geometry": {"type": "Polygon", "coordinates": [[[-77.03339172255104, -12.128117186791366], [-77.03346187829095, -12.128284237787158], [-77.03358906674329, -12.128232193837789], [-77.03367395017504, -12.128197406793468], [-77.03397090729787, -12.12807605966237], [-77.0339004757964, -12.127909010858193], [-77.03386512334112, -12.127825623018458], [-77.03383004645268, -12.12774223314729], [-77.03371070690373, -12.127448377576888], [-77.03369245550753, -12.127403501935847], [-77.03362787243678, -12.127244544339975], [-77.03355616180261, -12.127272184938503], [-77.03348555023206, -12.127299410740315], [-77.03338801269678, -12.127337001987357], [-77.03310666420734, -12.127445354606682], [-77.03314231040946, -12.127531180714593], [-77.03316055042893, -12.127574565204787], [-77.03324866418217, -12.127784189430667], [-77.03332129239895, -12.127950273347986], [-77.03339172255104, -12.128117186791366]]]}, "geometry_name": "geometria", "properties": {"cod_manzana": "0446", "mz_urbana": "018", "observacion": "mz sec 1 al 14", "ruta_da": "9", "tipo_mz": "0", "cod_manzana_inei": null, "zon_vec": "9", "delimitado": "SI"}}, {"type": "Feature", "id": "wms_tg_manzanas.563", "geometry": {"type": "Polygon", "coordinates": [[[-77.03399204190102, -12.124321668817016], [-77.03400147184757, -12.124329733870095], [-77.03423124880261, -12.124325200220827], [-77.03452411461001, -12.124318983058815], [-77.0348004758498, -12.124316547199296], [-77.03479998837462, -12.124098690760517], [-77.0347997676564, -12.123974507460568], [-77.03479943462442, -12.12381589083232], [-77.03478934686538, -12.123575732934876], [-77.03478346303169, -12.123453897726622], [-77.034738513567, -12.12341301414356], [-77.034522478335, -12.12341270222264], [-77.03431998137998, -12.123417171314387], [-77.03420921864732, -12.123418391072843], [-77.03409129091969, -12.123419527805757], [-77.03389290845843, -12.123421526106272], [-77.03385458605882, -12.123455157860692], [-77.03386782985476, -12.12356650015847], [-77.03387982766287, -12.123658871635618], [-77.033903198259, -12.123833858047032], [-77.03392084632777, -12.124017291861913], [-77.03392540482095, -12.124073384861434], [-77.03393765446879, -12.124198969409772], [-77.03394906840468, -12.124287006881035], [-77.03399204190102, -12.124321668817016]]]}, "geometry_name": "geometria", "properties": {"cod_manzana": "0405", "mz_urbana": "033", "observacion": "mz sec 1 al 14", "ruta_da": "4", "tipo_mz": "0", "cod_manzana_inei": null, "zon_vec": "4", "delimitado": "SI"}}, {"type": "Feature", "id": "wms_tg_manzanas.564", "geometry": {"type": "Polygon", "coordinates": [[[-77.02823497877664, -12.118060598977777], [-77.02823687771885, -12.118238997363873], [-77.02843882362096, -12.118234944050538], [-77.02857023931811, -12.118232220092915], [-77.02862396303476, -12.118231149137763], [-77.02884342468165, -12.118226751354994], [-77.02891230045628, -12.1182256408636], [-77.02896263238279, -12.118174043636385], [-77.0290031440981, -12.117944941190512], [-77.02897775337398, -12.117883697714023], [-77.02883832703446, -12.117781809243857], [-77.02855757057836, -12.11757668844765], [-77.02852071895568, -12.117549708173906], [-77.02833008991975, -12.117410379456537], [-77.02822729412767, -12.11733521132618], [-77.02822986486446, -12.117566071034535], [-77.02823178115673, -12.117746774018356], [-77.02823319047005, -12.117896841517284], [-77.02823497877664, -12.118060598977777]]]}, "geometry_name": "geometria", "properties": {"cod_manzana": "0262", "mz_urbana": "G", "observacion": "mz sec 1 al 14", "ruta_da": "5", "tipo_mz": "0", "cod_manzana_inei": null, "zon_vec": "5", "delimitado": "SI"}}, {"type": "Feature", "id": "wms_tg_manzanas.568", "geometry": {"type": "Polygon", "coordinates": [[[-77.03595882005432, -12.124617650817163], [-77.03596133083404, -12.12490591774963], [-77.03623686462728, -12.124903330085427], [-77.036328708293, -12.124902467175513], [-77.03641944890319, -12.12490161505293], [-77.03652001870871, -12.124900669874572], [-77.03662587233188, -12.124899675882878], [-77.03676516562993, -12.124898367372127], [-77.03688244837052, -12.124897265776015], [-77.03688003616554, -12.124670267295308], [-77.0368776298058, -12.124443792071629], [-77.03671232114091, -12.124446222733484], [-77.03660110480034, -12.124447858078867], [-77.03650881316294, -12.12444921692203], [-77.03641697333923, -12.124450564280043], [-77.03630217610454, -12.124452252031412], [-77.03623312105195, -12.124453266500227], [-77.03595759494802, -12.12445680664572], [-77.03595882005432, -12.124617650817163]]]}, "geometry_name": "geometria", "properties": {"cod_manzana": "0407", "mz_urbana": "055", "observacion": "mz sec 1 al 14", "ruta_da": "4", "tipo_mz": "0", "cod_manzana_inei": null, "zon_vec": "4", "delimitado": "SI"}}, {"type": "Feature", "id": "wms_tg_manzanas.569", "geometry": {"type": "Polygon", "coordinates": [[[-77.03401893078002, -12.12488802324432], [-77.03405722126716, -12.12492285509903], [-77.034284525042, -12.124919152909433], [-77.03443661297591, -12.124916816197523], [-77.0345520563503, -12.124915019602723], [-77.034662264487, -12.124913261400767], [-77.03476530861924, -12.124911555761138], [-77.03479948050973, -12.124875649638941], [-77.03479795810276, -12.124743702257934], [-77.03479675821791, -12.12464519698877], [-77.03479495475386, -12.124496897277966], [-77.03475165522944, -12.124455594898034], [-77.03461334345303, -12.12445769502395], [-77.03442571243603, -12.124460428309513], [-77.0343369943696, -12.12446175748309], [-77.03422044902199, -12.12446356204806], [-77.03414357804685, -12.1244646686207], [-77.03406450276383, -12.124465791352318], [-77.03399865329939, -12.124466816983546], [-77.03397051233462, -12.124498611615012], [-77.03398368641804, -12.124600735558822], [-77.03399159868646, -12.12466304020699], [-77.0340021326288, -12.124744034427797], [-77.03401893078002, -12.12488802324432]]]}, "geometry_name": "geometria", "properties": {"cod_manzana": "0409", "mz_urbana": "053", "observacion": "mz sec 1 al 14", "ruta_da": "4", "tipo_mz": "0", "cod_manzana_inei": null, "zon_vec": "4", "delimitado": "SI"}}, {"type": "Feature", "id": "wms_tg_manzanas.570", "geometry": {"type": "Polygon", "coordinates": [[[-77.0337153931193, -12.124940548057253], [-77.03378544333982, -12.125021105478849], [-77.03389422183714, -12.124903444738699], [-77.03392088342721, -12.124870963227092], [-77.03388842729932, -12.124611602588121], [-77.03386108921397, -12.124385806130048], [-77.03384968660036, -12.124299259851545], [-77.03384704337294, -12.124277723437599], [-77.03383531694031, -12.124184807688838], [-77.03380575312345, -12.123956180546319], [-77.033790288088, -12.123951684625336], [-77.03362350860601, -12.123978802666281], [-77.03360459104022, -12.123991414038988], [-77.03351724524427, -12.124064721154589], [-77.03345563864778, -12.124116554702445], [-77.03318757087135, -12.124340722834331], [-77.03330906171823, -12.12448245232059], [-77.03341295954102, -12.12459340060087], [-77.0335216320189, -12.12471624405324], [-77.0336367303502, -12.12485069940798], [-77.0337153931193, -12.124940548057253]]]}, "geometry_name": "geometria", "properties": {"cod_manzana": "0410", "mz_urbana": "039", "observacion": "mz sec 1 al 14", "ruta_da": "4", "tipo_mz": "0", "cod_manzana_inei": null, "zon_vec": "4", "delimitado": "SI"}}, {"type": "Feature", "id": "wms_tg_manzanas.571", "geometry": {"type": "Polygon", "coordinates": [[[-77.0375243433447, -12.126699759514587], [-77.03736950579949, -12.126867207452083], [-77.03726717759479, -12.127019858937887], [-77.03721069057697, -12.127119277187834], [-77.03717803386506, -12.127185594560112], [-77.03713249028009, -12.12726448553508], [-77.03710299475377, -12.127314673838946], [-77.03707346091987, -12.127365261905137], [-77.03697869001475, -12.127515379530267], [-77.03692142351655, -12.12760446574923], [-77.03685804247941, -12.12773081926188], [-77.03681265662456, -12.127824214232332], [-77.03675907560711, -12.12793380690661], [-77.03674390513005, -12.127963057145093], [-77.03666250805237, -12.128094974963988], [-77.03659197249185, -12.128208997095982], [-77.03658931628881, -12.128212405895946], [-77.03656789837105, -12.128239891734273], [-77.03653072562635, -12.12828753800315], [-77.03652349516884, -12.12829372800031], [-77.03651401235138, -12.128300746173004], [-77.03649819526564, -12.128310166229188], [-77.03648830784023, -12.128314825730206], [-77.0364764031683, -12.128319341893992], [-77.03646782350525, -12.128321916641873], [-77.03645910314019, -12.128323985388656], [-77.03643697780264, -12.12832689470105], [-77.03644515045958, -12.128355035182292], [-77.03642755298374, -12.12836090913447], [-77.03640521347515, -12.128379163032486], [-77.03641214605439, -12.12839943053723], [-77.03637468616995, -12.128436846913392], [-77.03621878807739, -12.128715833832697], [-77.03606103059498, -12.128985779117095], [-77.03565437225109, -12.129668710694801], [-77.03572000376239, -12.12971815472702], [-77.03620879916645, -12.129107062463326], [-77.03640381468011, -12.128858308322393], [-77.03658847302373, -12.128614983581736], [-77.03680608559523, -12.128349429844498], [-77.03694410903498, -12.128172086996775], [-77.0372270253159, -12.127798938326508], [-77.03794447230197, -12.126816716597059], [-77.03794938845957, -12.126820498109668], [-77.03800052544831, -12.126752482064301], [-77.03797773842612, -12.126731747372043], [-77.03810965044839, -12.126607125612203], [-77.03818094760105, -12.126492893382064], [-77.038153237523, -12.126466257820779], [-77.03822644347257, -12.12639581085515], [-77.0380497647147, -12.126209195818083], [-77.0377895590249, -12.126457616325142], [-77.03767838027704, -12.126562611162514], [-77.0375243433447, -12.126699759514587]]]}, "geometry_name": "geometria", "properties": {"cod_manzana": "0766", "mz_urbana": null, "observacion": "mz sec 15", "ruta_da": null, "tipo_mz": "0", "cod_manzana_inei": null, "zon_vec": "15", "delimitado": "SI"}}, {"type": "Feature", "id": "wms_tg_manzanas.572", "geometry": {"type": "Polygon", "coordinates": [[[-77.03227602100557, -12.125463358020529], [-77.03235515794088, -12.12565413822771], [-77.03259656205482, -12.125559301431332], [-77.03265521487988, -12.125538098945755], [-77.032827367236, -12.125470527225424], [-77.03301351643864, -12.12539746150079], [-77.03290107456992, -12.125217807732938], [-77.03284609657337, -12.125127815797017], [-77.03282339534682, -12.125086214650866], [-77.03281463034124, -12.12506650362905], [-77.0327944596135, -12.125029506893815], [-77.03277415223107, -12.124979079664781], [-77.03275754043302, -12.124937797168592], [-77.03267759319326, -12.124745656465297], [-77.03266311034432, -12.12475138890955], [-77.03241602889989, -12.124850253994062], [-77.03224413218948, -12.124919532642975], [-77.03207731569206, -12.124984326301071], [-77.03216464909019, -12.125194868830924], [-77.03221650185908, -12.125319872089463], [-77.03227602100557, -12.125463358020529]]]}, "geometry_name": "geometria", "properties": {"cod_manzana": "0411", "mz_urbana": "005", "observacion": "mz sec 1 al 14", "ruta_da": "9", "tipo_mz": "0", "cod_manzana_inei": null, "zon_vec": "9", "delimitado": "SI"}}, {"type": "Feature", "id": "wms_tg_manzanas.573", "geometry": {"type": "Polygon", "coordinates": [[[-77.0281324176405, -12.12705855916984], [-77.02814396103008, -12.12734615753907], [-77.02837958397997, -12.127252562037592], [-77.02854314651731, -12.127187598870675], [-77.02871536737436, -12.12711926434799], [-77.02888657433816, -12.127051291426552], [-77.02895469493173, -12.127024204156395], [-77.02903821344015, -12.126991055353017], [-77.02921239394952, -12.126921993929853], [-77.029383551605, -12.126854039123726], [-77.02941514449213, -12.126841335136493], [-77.02938936677747, -12.126529980695905], [-77.02937722527098, -12.126382025569551], [-77.02936570358074, -12.126243149188983], [-77.02935268320552, -12.126088286346135], [-77.02922713754734, -12.126138960577725], [-77.02906258093358, -12.126205240027733], [-77.02891176024943, -12.126265995947376], [-77.02868951313913, -12.126355609234691], [-77.02868814056079, -12.126356297142229], [-77.02854666039225, -12.126413324065023], [-77.02841040005706, -12.126468279136557], [-77.02828018311071, -12.126520749620134], [-77.02810546167494, -12.126591170129998], [-77.02812224944523, -12.126879950270574], [-77.0281324176405, -12.12705855916984]]]}, "geometry_name": "geometria", "properties": {"cod_manzana": "0415", "mz_urbana": "XXI", "observacion": "mz sec 1 al 14", "ruta_da": "9", "tipo_mz": "0", "cod_manzana_inei": "", "zon_vec": "9", "delimitado": "SI"}}, {"type": "Feature", "id": "wms_tg_manzanas.574", "geometry": {"type": "Polygon", "coordinates": [[[-77.03596585323103, -12.125627737646528], [-77.03597034087831, -12.125917210130117], [-77.03600444415065, -12.125953241041387], [-77.03616975017118, -12.12595191155634], [-77.03634150754792, -12.12595198964695], [-77.03638230657313, -12.125908484240444], [-77.03647242918389, -12.125812380833331], [-77.03664931462903, -12.125621065404356], [-77.03674571926007, -12.125519341085136], [-77.03688082366581, -12.125376986359829], [-77.03687939934856, -12.125306492725125], [-77.03687493711679, -12.125071641646983], [-77.03683733983738, -12.125035970933329], [-77.03668919629868, -12.125038214043858], [-77.0365973584714, -12.125039607571757], [-77.03645960126337, -12.125041698262153], [-77.03632184862722, -12.12504378794682], [-77.036090877267, -12.125047348856477], [-77.03598936363655, -12.125048834027515], [-77.03595540079614, -12.125085516916808], [-77.03595706387534, -12.125221043186198], [-77.03595934369184, -12.125315461567375], [-77.03596164944949, -12.125410876655673], [-77.03596389106953, -12.125501228186408], [-77.03596585323103, -12.125627737646528]]]}, "geometry_name": "geometria", "properties": {"cod_manzana": "0421", "mz_urbana": "040", "observacion": "mz sec 1 al 14", "ruta_da": "4", "tipo_mz": "0", "cod_manzana_inei": null, "zon_vec": "4", "delimitado": "SI"}}, {"type": "Feature", "id": "wms_tg_manzanas.575", "geometry": {"type": "Polygon", "coordinates": [[[-77.0351146810395, -12.125956992231245], [-77.0352678589449, -12.125956121980627], [-77.0354699604775, -12.125953414521938], [-77.03555720336158, -12.1259519014296], [-77.03564592853137, -12.125950362958788], [-77.03580463446592, -12.125947607991922], [-77.03583241117302, -12.125921207069341], [-77.03583065200506, -12.125822056183877], [-77.03582934614937, -12.125748499536705], [-77.03582805725891, -12.12567584657104], [-77.03582644660764, -12.125585120740677], [-77.0358248368809, -12.125494394902814], [-77.03582324293605, -12.125404658616457], [-77.03581712356679, -12.125074768019894], [-77.03578473127659, -12.12504353184009], [-77.03558692928924, -12.125045545389085], [-77.03543997868361, -12.125047041522327], [-77.0353135102272, -12.125048329290651], [-77.03518786836142, -12.125049609122607], [-77.03498011970237, -12.125051724134474], [-77.03494949913065, -12.125080486410031], [-77.03495249702391, -12.125281302425217], [-77.03495637397435, -12.125470321470281], [-77.03495953962798, -12.125624655813738], [-77.03496074666971, -12.125736560857058], [-77.03496278045515, -12.12592520055083], [-77.03499297843807, -12.125957683608899], [-77.0351146810395, -12.125956992231245]]]}, "geometry_name": "geometria", "properties": {"cod_manzana": "0422", "mz_urbana": "038", "observacion": "mz sec 1 al 14", "ruta_da": "4", "tipo_mz": "0", "cod_manzana_inei": null, "zon_vec": "4", "delimitado": "SI"}}, {"type": "Feature", "id": "wms_tg_manzanas.576", "geometry": {"type": "Polygon", "coordinates": [[[-77.03103694136135, -12.127073160165695], [-77.03106321220707, -12.127159591725674], [-77.03119806361066, -12.127100578567946], [-77.03127113685329, -12.127070894990418], [-77.0313966906821, -12.127019948417574], [-77.03152488270182, -12.126970273643446], [-77.0316948774929, -12.126901767572129], [-77.0317824247686, -12.126866486904547], [-77.0318657219296, -12.126832918335126], [-77.032039173476, -12.126764383415741], [-77.03200238772463, -12.12667393651807], [-77.03196838742699, -12.126589973517408], [-77.0319343129568, -12.126506037263242], [-77.03190024412517, -12.126422114516894], [-77.03176353486803, -12.126084398488146], [-77.03159057211, -12.126155094815777], [-77.03153584950935, -12.126177428114337], [-77.03142385903787, -12.126223133440092], [-77.03124875403378, -12.126294596480774], [-77.03107620822878, -12.12636507486922], [-77.03094351284315, -12.126416052829402], [-77.03094387562012, -12.126427573735857], [-77.03094261902224, -12.126443580367523], [-77.03094104993664, -12.126454708720704], [-77.03093945211418, -12.12646204128652], [-77.03093648993104, -12.126471146280856], [-77.0309305429853, -12.126486373865198], [-77.03092212130512, -12.126502297446367], [-77.03091066354592, -12.126517565425326], [-77.0308972677643, -12.126531627467456], [-77.0308849454077, -12.126541885642643], [-77.03094886485614, -12.126759009136999], [-77.03097735340587, -12.126845837114665], [-77.03101210458584, -12.126995524283798], [-77.03103694136135, -12.127073160165695]]]}, "geometry_name": "geometria", "properties": {"cod_manzana": "0427", "mz_urbana": "006", "observacion": "mz sec 1 al 14", "ruta_da": "9", "tipo_mz": "0", "cod_manzana_inei": null, "zon_vec": "9", "delimitado": "SI"}}, {"type": "Feature", "id": "wms_tg_manzanas.577", "geometry": {"type": "Polygon", "coordinates": [[[-77.03396723810062, -12.12788289776329], [-77.03403521031686, -12.12805267602424], [-77.03420638749459, -12.12798742959232], [-77.03429239347145, -12.127955345560753], [-77.03455202440188, -12.127853794206281], [-77.03447359989268, -12.127686533149628], [-77.0344172907564, -12.127564932681175], [-77.03432014303128, -12.12736323841191], [-77.03423980034532, -12.127197347035523], [-77.03416645216961, -12.127045368088403], [-77.03395157044388, -12.127124899090512], [-77.03386391346997, -12.127157266245714], [-77.03377900468433, -12.127188664204438], [-77.03369299679504, -12.127220476921472], [-77.03375951484779, -12.127380233719846], [-77.0338291215062, -12.12754755979766], [-77.03389845375247, -12.127715023428632], [-77.03391024954763, -12.127744355762383], [-77.03393270608738, -12.127798690484362], [-77.03396723810062, -12.12788289776329]]]}, "geometry_name": "geometria", "properties": {"cod_manzana": "0445", "mz_urbana": "017", "observacion": "mz sec 1 al 14", "ruta_da": "9", "tipo_mz": "0", "cod_manzana_inei": null, "zon_vec": "9", "delimitado": "SI"}}, {"type": "Feature", "id": "wms_tg_manzanas.584", "geometry": {"type": "Polygon", "coordinates": [[[-77.02820188956366, -12.128156944010971], [-77.0282121089611, -12.128321125333166], [-77.02843160259224, -12.128230861178727], [-77.02865025743468, -12.12814096621767], [-77.02876490447716, -12.12809379430498], [-77.02892281455152, -12.128030777914118], [-77.02910192000142, -12.127955135677308], [-77.02918610976876, -12.127920594525037], [-77.02927085929242, -12.127885741954886], [-77.0293750498954, -12.127842824154742], [-77.02949373653516, -12.127794068166], [-77.02948163191115, -12.127640698982942], [-77.02947801911023, -12.127594924282938], [-77.02946242110265, -12.127397291595612], [-77.029458772839, -12.127351066621603], [-77.02944970552824, -12.127236179988678], [-77.02943265902681, -12.127020193112198], [-77.02930982829963, -12.127069187377856], [-77.02926343691992, -12.127087691791768], [-77.02910511032341, -12.127150844427497], [-77.0290204140597, -12.127184627633216], [-77.0289309509576, -12.127220312213536], [-77.02876360124392, -12.127287063674252], [-77.028669967079, -12.12732441185937], [-77.02857633288372, -12.12736176001677], [-77.02833458627495, -12.12745818604115], [-77.02825542272446, -12.127489762130594], [-77.02816296100633, -12.127526599774567], [-77.02817429299456, -12.127713334431101], [-77.02818191209956, -12.127836044538755], [-77.02818959263783, -12.127959385209783], [-77.02820188956366, -12.128156944010971]]]}, "geometry_name": "geometria", "properties": {"cod_manzana": "0429", "mz_urbana": "XXII", "observacion": "mz sec 1 al 14", "ruta_da": "9", "tipo_mz": "0", "cod_manzana_inei": "", "zon_vec": "9", "delimitado": "SI"}}, {"type": "Feature", "id": "wms_tg_manzanas.612", "geometry": {"type": "Polygon", "coordinates": [[[-77.02278547919919, -12.120461092682127], [-77.02284174347173, -12.120519284467056], [-77.02296675329266, -12.12043418194858], [-77.02311773324075, -12.120331472456757], [-77.02326959034457, -12.120228168114608], [-77.0234214473174, -12.120124862803316], [-77.02372516181599, -12.119918252881764], [-77.02368784466596, -12.119875330269867], [-77.02332105219251, -12.119851784452491], [-77.02320175897023, -12.119844084271438], [-77.02311023227408, -12.119838244802187], [-77.02303692896328, -12.119833545784418], [-77.02292584591349, -12.11982641461951], [-77.0227702188138, -12.11981642340574], [-77.02245676650118, -12.119796301291332], [-77.02231149775189, -12.119786975369685], [-77.02228066136757, -12.119912604502225], [-77.02225114847357, -12.120032009355329], [-77.02222335174808, -12.120146228257973], [-77.02230260741496, -12.120169382414012], [-77.02238024919421, -12.120197278881177], [-77.02244908738692, -12.120227280366164], [-77.02250398795245, -12.12025456272041], [-77.022557242799, -12.120284678776308], [-77.02260875798686, -12.12031759487495], [-77.02263783936341, -12.120339743933151], [-77.02266833450614, -12.120359967490426], [-77.02272589356281, -12.120406302669561], [-77.02278547919919, -12.120461092682127]]]}, "geometry_name": "geometria", "properties": {"cod_manzana": "0507", "mz_urbana": "M", "observacion": "mz sec 1 al 14", "ruta_da": "11", "tipo_mz": "0", "cod_manzana_inei": null, "zon_vec": "11", "delimitado": "SI"}}, {"type": "Feature", "id": "wms_tg_manzanas.614", "geometry": {"type": "Polygon", "coordinates": [[[-77.02384631649613, -12.123539426002171], [-77.02429263162618, -12.123645899964414], [-77.02434715941351, -12.123426416576331], [-77.02439099872129, -12.123249951400988], [-77.02443462141024, -12.123074363602276], [-77.02450005400573, -12.122810983722067], [-77.02453276980762, -12.122679293333482], [-77.02456548650589, -12.122547602938372], [-77.02460910903737, -12.122372015140183], [-77.02466363377373, -12.12215253990736], [-77.02421718931583, -12.122046606699453], [-77.02408325621263, -12.122014827036175], [-77.0239493222059, -12.12198304640598], [-77.02391442383758, -12.122123516069712], [-77.02388825096499, -12.122228868536778], [-77.02386207715976, -12.12233422101072], [-77.02382936010443, -12.122465910471723], [-77.02379664334204, -12.122597601132266], [-77.02377047009745, -12.122702953303893], [-77.02373142751632, -12.122860103659265], [-77.0237093977121, -12.122948775442277], [-77.02366577544804, -12.123124362290099], [-77.02362215222614, -12.12329994914477], [-77.02360252245604, -12.123378963721462], [-77.02357852809413, -12.123475542332626], [-77.02375705368574, -12.123518131476748], [-77.02384631649613, -12.123539426002171]]]}, "geometry_name": "geometria", "properties": {"cod_manzana": "0519", "mz_urbana": "C", "observacion": "mz sec 1 al 14", "ruta_da": "11", "tipo_mz": "0", "cod_manzana_inei": "", "zon_vec": "11", "delimitado": "SI"}}, {"type": "Feature", "id": "wms_tg_manzanas.627", "geometry": {"type": "Polygon", "coordinates": [[[-77.02326278375808, -12.124303266785754], [-77.02332465945489, -12.12439301827101], [-77.02335920745848, -12.124385202910068], [-77.02339549242443, -12.124380195662852], [-77.02342814802826, -12.124377340680415], [-77.02348850101552, -12.12437174373342], [-77.02351692403585, -12.12437156058877], [-77.02355164627436, -12.124371869211425], [-77.02363451288112, -12.124374537695044], [-77.02364467050691, -12.124334438162386], [-77.02370260100268, -12.124348646037198], [-77.02373592546449, -12.124217094929092], [-77.02376900578155, -12.124086423206112], [-77.02380184834276, -12.123956625398753], [-77.02383471849033, -12.123826834620337], [-77.02387431404767, -12.123670749808198], [-77.02381608436943, -12.123657408177927], [-77.02368187497176, -12.123626856930324], [-77.02354812759773, -12.123594477440848], [-77.02350495960653, -12.123753466963752], [-77.0234720550204, -12.12387593004731], [-77.02342543178936, -12.124004070737126], [-77.02336464386846, -12.12411419814811], [-77.02334429897357, -12.124156571133305], [-77.02332406580575, -12.12419541290969], [-77.023304540994, -12.12422684909173], [-77.02327626703392, -12.124278590047437], [-77.02326278375808, -12.124303266785754]]]}, "geometry_name": "geometria", "properties": {"cod_manzana": "0530", "mz_urbana": "D", "observacion": "mz sec 1 al 14", "ruta_da": "11", "tipo_mz": "0", "cod_manzana_inei": null, "zon_vec": "11", "delimitado": "SI"}}, {"type": "Feature", "id": "wms_tg_manzanas.628", "geometry": {"type": "Polygon", "coordinates": [[[-77.02372929822864, -12.12165319585121], [-77.02387670684087, -12.12168781652327], [-77.02391349022479, -12.121538487484335], [-77.02393792672314, -12.121438323837744], [-77.02396303587446, -12.121337349982129], [-77.02398444901677, -12.12124953913208], [-77.02400630550403, -12.121161690699813], [-77.02402990183599, -12.12106510053773], [-77.02406252555834, -12.120933357534984], [-77.02409501171007, -12.120801570990807], [-77.02412746211553, -12.120669832707838], [-77.0241487950958, -12.120583226933524], [-77.02416424298868, -12.120520514001743], [-77.02419669698047, -12.120388760877061], [-77.02421616943255, -12.120309710054249], [-77.02423347772587, -12.120239443264872], [-77.02425944059652, -12.120134040818188], [-77.02429189508695, -12.120002288205109], [-77.02413991062451, -12.119967071072828], [-77.0239734714891, -12.120079816870897], [-77.02376920494612, -12.120218186196608], [-77.0236746367683, -12.120282245646475], [-77.0235800689439, -12.120346305718776], [-77.02350441485673, -12.120397554031666], [-77.0234287602082, -12.120448801175192], [-77.02327745083254, -12.120551297221171], [-77.02314392095549, -12.120641749366404], [-77.0229926113487, -12.120744245290037], [-77.02302746255116, -12.1208114425346], [-77.02305297470612, -12.120869416730892], [-77.0230661742372, -12.120902399965198], [-77.02309125694185, -12.120976510358796], [-77.02311257035278, -12.121058571990952], [-77.02313408873283, -12.12119246061789], [-77.02314064265715, -12.121318872465466], [-77.02314059472036, -12.121320628911615], [-77.02313971331425, -12.121344566847], [-77.02313840747654, -12.121368485999904], [-77.02313667760481, -12.121392379084329], [-77.02313452422592, -12.121416238822263], [-77.02313194799568, -12.121440057945808], [-77.02312894969882, -12.121463829199351], [-77.0231255302484, -12.12148754534205], [-77.02312183665575, -12.121510346031586], [-77.02334516804629, -12.121562864388414], [-77.02350597262938, -12.121600678882734], [-77.02363505213854, -12.121631032854916], [-77.02372929822864, -12.12165319585121]]]}, "geometry_name": "geometria", "properties": {"cod_manzana": "0513", "mz_urbana": "K", "observacion": "mz sec 1 al 14", "ruta_da": "11", "tipo_mz": "0", "cod_manzana_inei": null, "zon_vec": "11", "delimitado": "SI"}}, {"type": "Feature", "id": "wms_tg_manzanas.639", "geometry": {"type": "Polygon", "coordinates": [[[-77.02778676906203, -12.121957645609537], [-77.02781064095014, -12.12232838140293], [-77.02805570838187, -12.122326639776993], [-77.02805409301014, -12.122310755373135], [-77.02827333340501, -12.122321597401395], [-77.02827356800616, -12.122325658313477], [-77.02840756053293, -12.122320414426968], [-77.02838845721494, -12.12210432206411], [-77.02838047642223, -12.122014287723031], [-77.02837249561946, -12.121924250669103], [-77.02836451486108, -12.12183421813229], [-77.02835653411985, -12.121744186497565], [-77.0283458223009, -12.121623358518647], [-77.02833287175147, -12.121475868235718], [-77.02819039625112, -12.121497751792711], [-77.02803929861906, -12.121520959183162], [-77.02799657451912, -12.121521946932992], [-77.02776291010443, -12.121527211177815], [-77.02778676906203, -12.121957645609537]]]}, "geometry_name": "geometria", "properties": {"cod_manzana": "0346", "mz_urbana": "005", "observacion": "mz sec 1 al 14", "ruta_da": "8", "tipo_mz": "0", "cod_manzana_inei": null, "zon_vec": "8", "delimitado": "SI"}}, {"type": "Feature", "id": "wms_tg_manzanas.640", "geometry": {"type": "Polygon", "coordinates": [[[-77.03389879738485, -12.129286561276347], [-77.03390127829934, -12.129286678631546], [-77.03390375715779, -12.129286524859504], [-77.03390623601625, -12.129286371087463], [-77.03390898836147, -12.129285944165105], [-77.03391146516377, -12.129285519265993], [-77.03391366333894, -12.129284689699222], [-77.03391613705695, -12.129283858109282], [-77.03391861077506, -12.129283026519431], [-77.03392080689399, -12.12928192582558], [-77.03392300095683, -12.129280554004561], [-77.0339251950196, -12.129279182183536], [-77.03392711251139, -12.129277676822083], [-77.03392902897515, -12.12927603589713], [-77.03393094441071, -12.129274259408579], [-77.0339325843034, -12.129272484943181], [-77.03404928704501, -12.129073151935227], [-77.03416665853277, -12.128873605211727], [-77.03420963136067, -12.128801855437478], [-77.03421753907433, -12.128785401401288], [-77.03422285832002, -12.12876797037742], [-77.03422547173253, -12.128749952768704], [-77.0342253190016, -12.128731753019743], [-77.03422240415122, -12.12871378052566], [-77.03421679269533, -12.128696437903256], [-77.03420030431755, -12.128656481455147], [-77.03413119648454, -12.128489003674538], [-77.03406204972413, -12.128321587606425], [-77.03399379671393, -12.12815113357402], [-77.03386303355846, -12.128204152934158], [-77.03373556759479, -12.12825592789454], [-77.03360535437655, -12.128308807539721], [-77.03347871081225, -12.128360034074769], [-77.03355216394756, -12.128525840682304], [-77.03359311065462, -12.128618608782473], [-77.03361509781699, -12.128668333033948], [-77.03370061404081, -12.128871192985791], [-77.03378143141732, -12.12906305460967], [-77.03386162378972, -12.129253754867346], [-77.03386863778307, -12.129270243044088], [-77.03387003091828, -12.12927226638197], [-77.03387169754043, -12.129274016569505], [-77.03387363970543, -12.129275764733865], [-77.0338755808425, -12.129277377334722], [-77.03387752197958, -12.129278989935568], [-77.03387973660352, -12.129280329386077], [-77.03388167568453, -12.129281670859744], [-77.03388416379545, -12.129282737160006], [-77.03388637636333, -12.129283805483343], [-77.03388886241808, -12.129284600656352], [-77.0338910729299, -12.129285397852609], [-77.03389383247153, -12.129285919875297], [-77.0338963154422, -12.129286308357653], [-77.03389879738485, -12.129286561276347]]]}, "geometry_name": "geometria", "properties": {"cod_manzana": "0459", "mz_urbana": "020", "observacion": "mz sec 1 al 14", "ruta_da": "9", "tipo_mz": "0", "cod_manzana_inei": null, "zon_vec": "9", "delimitado": "SI"}}, {"type": "Feature", "id": "wms_tg_manzanas.669", "geometry": {"type": "Polygon", "coordinates": [[[-77.03073388544212, -12.12603753262491], [-77.03078661676695, -12.126218217154378], [-77.03078733854117, -12.126218096137979], [-77.0307888255584, -12.12621786630578], [-77.03079031642562, -12.126217662045066], [-77.03079181068865, -12.126217483418108], [-77.03079330789224, -12.126217330479093], [-77.03079480758036, -12.12621720327466], [-77.03079630929628, -12.126217101843801], [-77.03079781258245, -12.126217026216993], [-77.03079931698107, -12.126216976417691], [-77.03080082203387, -12.126216952460732], [-77.03080232728222, -12.12621695435367], [-77.03080383226782, -12.126216982095716], [-77.03080533653215, -12.12621703567861], [-77.03080683961701, -12.126217115085852], [-77.0308083410645, -12.126217220293452], [-77.03080984041729, -12.126217351269181], [-77.03081133721868, -12.126217507973168], [-77.03081283101281, -12.126217690357814], [-77.03081432134454, -12.126217898367429], [-77.03081580775988, -12.126218131938694], [-77.0308172898062, -12.126218391000467], [-77.03081876703187, -12.12621867547388], [-77.03082023898713, -12.126218985272159], [-77.03082170522336, -12.126219320301065], [-77.0308231652941, -12.12621968045846], [-77.03082461875456, -12.126220065634728], [-77.030826065162, -12.126220475712362], [-77.0308275040758, -12.126220910566644], [-77.03082893505771, -12.126221370065045], [-77.03083035767185, -12.126221854067568], [-77.03083177148473, -12.126222362426748], [-77.0308331760659, -12.126222894987839], [-77.03083457098738, -12.12622345158853], [-77.03083595582429, -12.126224032059408], [-77.03083733015478, -12.126224636223407], [-77.03083869356024, -12.1262252638968], [-77.03084004562534, -12.126225914888119], [-77.03084138593833, -12.126226588999225], [-77.03084271409075, -12.126227286024696], [-77.03084402967815, -12.126228005752246], [-77.0308453322998, -12.126228747962664], [-77.03084662155894, -12.126229512429793], [-77.03084789706281, -12.126230298920888], [-77.03084915842278, -12.126231107196364], [-77.03085040525474, -12.126231937009855], [-77.03085163717881, -12.12623278810878], [-77.03085285381994, -12.12623366023369], [-77.03085405480729, -12.126234553119179], [-77.03085523977506, -12.126235466492975], [-77.03085640836242, -12.12623640007711], [-77.03085756021336, -12.126237353587108], [-77.0308586949769, -12.126238326732349], [-77.03085981230758, -12.126239319216774], [-77.03086091186498, -12.12624033073772], [-77.03086199331396, -12.126241360987274], [-77.03086305632537, -12.126242409651535], [-77.03086410057539, -12.126243476410995], [-77.03086512574572, -12.12624456094095], [-77.03086613152432, -12.126245662910824], [-77.03086711760464, -12.126246781984937], [-77.0308680836864, -12.126247917822521], [-77.03086902947531, -12.126249070077536], [-77.03086995468328, -12.126250238399026], [-77.03087085902843, -12.126251422431116], [-77.0308717422354, -12.1262526218131], [-77.03087260403505, -12.126253836179615], [-77.03087344416492, -12.12625506516082], [-77.030874262369, -12.126256308382134], [-77.03087505839825, -12.126257565465195], [-77.03087583201003, -12.126258836026995], [-77.03087658296872, -12.126260119680385], [-77.03087731104563, -12.126261416034362], [-77.0308777649831, -12.126262252332301], [-77.03100060383866, -12.126207944615787], [-77.03110266704492, -12.126165734844715], [-77.03122997169488, -12.12610942612425], [-77.0313541762625, -12.126060484016977], [-77.03152475897829, -12.125989549694236], [-77.0316969907222, -12.125918060902979], [-77.03155669954643, -12.125586126401547], [-77.03148454194614, -12.125414995747303], [-77.03145076068274, -12.125334887899788], [-77.03141557391642, -12.12525140449979], [-77.0312398758647, -12.125322895314579], [-77.0311596247319, -12.125355549124903], [-77.03098969825474, -12.125424691311862], [-77.03059906512904, -12.125581672138026], [-77.03062726868905, -12.12567336556662], [-77.03065800032299, -12.125777518640783], [-77.03068862593379, -12.125882450103056], [-77.03071068875506, -12.125958048790713], [-77.03073388544212, -12.12603753262491]]]}, "geometry_name": "geometria", "properties": {"cod_manzana": "0413", "mz_urbana": "003", "observacion": "mz sec 1 al 14", "ruta_da": "9", "tipo_mz": "0", "cod_manzana_inei": null, "zon_vec": "9", "delimitado": "SI"}}, {"type": "Feature", "id": "wms_tg_manzanas.649", "geometry": {"type": "Polygon", "coordinates": [[[-77.03253295872975, -12.120679813367916], [-77.0326564576575, -12.120686770904836], [-77.032670683239, -12.12049052296678], [-77.03272018880638, -12.119809453841798], [-77.03276031829957, -12.11922709694089], [-77.03247267487342, -12.119229812423793], [-77.03233520453286, -12.11923111038584], [-77.03203792579556, -12.11923391684261], [-77.03204095282243, -12.119458940362101], [-77.03204273589985, -12.119585279776208], [-77.03204350507038, -12.11965048394979], [-77.03204425166558, -12.119712705719198], [-77.03205236142537, -12.120458379193265], [-77.03205362472454, -12.120553268345777], [-77.03205494217201, -12.120652224175448], [-77.03222783869195, -12.120661063876165], [-77.03233089555123, -12.120668551242767], [-77.03243068621028, -12.120674055851632], [-77.03253295872975, -12.120679813367916]]]}, "geometry_name": "geometria", "properties": {"cod_manzana": "0306", "mz_urbana": "49a, 018", "observacion": "mz sec 1 al 14", "ruta_da": "8", "tipo_mz": "0", "cod_manzana_inei": null, "zon_vec": "8", "delimitado": "SI"}}, {"type": "Feature", "id": "wms_tg_manzanas.650", "geometry": {"type": "Polygon", "coordinates": [[[-77.03322006521914, -12.122156829860142], [-77.03334272143597, -12.122283411261114], [-77.03344288103686, -12.12219703971303], [-77.03354476801157, -12.122109178641944], [-77.03362519290378, -12.122039825934523], [-77.03363075279015, -12.12181937078414], [-77.0336321038196, -12.121767844721617], [-77.03363502342602, -12.12164404680003], [-77.03364079820882, -12.12141776412349], [-77.03364150206804, -12.121390650142919], [-77.03362359936452, -12.121406865661656], [-77.0334322302986, -12.12157968771047], [-77.03335592684304, -12.121648805854383], [-77.03328805321816, -12.121709904111778], [-77.03322510735934, -12.12176676350032], [-77.03308991102811, -12.12188895591488], [-77.03302094438054, -12.121951282283153], [-77.033099639239, -12.122032551198316], [-77.03322006521914, -12.122156829860142]]]}, "geometry_name": "geometria", "properties": {"cod_manzana": "0364", "mz_urbana": "028", "observacion": "mz sec 1 al 14", "ruta_da": "8", "tipo_mz": "0", "cod_manzana_inei": null, "zon_vec": "8", "delimitado": "SI"}}, {"type": "Feature", "id": "wms_tg_manzanas.654", "geometry": {"type": "Polygon", "coordinates": [[[-77.03687388087938, -12.123391904937563], [-77.03669035709541, -12.123394704354528], [-77.03647103516494, -12.123396137147964], [-77.03628370447217, -12.123399224566988], [-77.03617237892743, -12.123507821463154], [-77.03605056665393, -12.123627985120642], [-77.03595194323154, -12.123726490124175], [-77.03595180578877, -12.123817323702102], [-77.03595340497125, -12.12395545883976], [-77.03595381669601, -12.124082350266377], [-77.03595580081675, -12.124307519109356], [-77.03604424937333, -12.12430700483159], [-77.03615722075742, -12.12430631033871], [-77.03623078930728, -12.124305769723499], [-77.0363247846352, -12.124305148259491], [-77.0364150329685, -12.124304551539202], [-77.03660138910742, -12.124303317481433], [-77.03669369515002, -12.124302774646193], [-77.03687913280181, -12.124301547244444], [-77.03687555746026, -12.12408466004854], [-77.03687473006562, -12.123975667107251], [-77.0368741085308, -12.123887136631339], [-77.03687440476581, -12.12376656490312], [-77.03687426239289, -12.123619429918891], [-77.03687409121262, -12.123497417341861], [-77.03687388087938, -12.123391904937563]]]}, "geometry_name": "geometria", "properties": {"cod_manzana": "0402", "mz_urbana": "037", "observacion": "mz sec 1 al 14", "ruta_da": "4", "tipo_mz": "0", "cod_manzana_inei": null, "zon_vec": "4", "delimitado": "SI"}}, {"type": "Feature", "id": "wms_tg_manzanas.671", "geometry": {"type": "Polygon", "coordinates": [[[-77.03252084729733, -12.117655696801146], [-77.03252335539943, -12.117906515181039], [-77.03266111958305, -12.117905316704737], [-77.03279888375357, -12.117904118159041], [-77.03293664809007, -12.117902930653996], [-77.03316959188747, -12.117903139788433], [-77.03330735604622, -12.117901944717454], [-77.03344512019247, -12.117900749577787], [-77.0334449830235, -12.117633229791656], [-77.03344480169604, -12.117266284206329], [-77.03344474047802, -12.117144269238773], [-77.03344462380132, -12.116992163117775], [-77.03321503178164, -12.11699493032263], [-77.03313696920367, -12.116995883505648], [-77.03292848169411, -12.116999280883256], [-77.03286419194477, -12.11699983725235], [-77.0327907287856, -12.117000472990672], [-77.0326974059537, -12.117001280563276], [-77.0325137783754, -12.117002869499776], [-77.03251473041459, -12.11711583859462], [-77.03251553801638, -12.117206213472146], [-77.0325178258676, -12.117296540737916], [-77.03251849736249, -12.117404470374307], [-77.03251990797673, -12.117563094137552], [-77.03252081655168, -12.117653468083684], [-77.03252084729733, -12.117655696801146]]]}, "geometry_name": "geometria", "properties": {"cod_manzana": "0257", "mz_urbana": "007", "observacion": "mz sec 1 al 14", "ruta_da": "5", "tipo_mz": "0", "cod_manzana_inei": null, "zon_vec": "5", "delimitado": "SI"}}, {"type": "Feature", "id": "wms_tg_manzanas.664", "geometry": {"type": "Polygon", "coordinates": [[[-77.03683001494605, -12.11918530849452], [-77.03659881315556, -12.11918914711795], [-77.03641440488684, -12.119190634837567], [-77.03620964674145, -12.11919208944565], [-77.0359089151975, -12.119198297421708], [-77.03590967131846, -12.11924814427291], [-77.03591534781935, -12.119734744921749], [-77.03592060459243, -12.120102005383599], [-77.0364257528819, -12.120098902382672], [-77.03660898457399, -12.120097776608366], [-77.03680027052695, -12.120096753980961], [-77.03683734105064, -12.120061421038551], [-77.03683614215258, -12.119937395280568], [-77.03683462646688, -12.11978059633183], [-77.03683316321298, -12.119629219823276], [-77.03683172618189, -12.119480554534048], [-77.03683028916598, -12.119331889242964], [-77.03683001494605, -12.11918530849452]]]}, "geometry_name": "geometria", "properties": {"cod_manzana": "0302", "mz_urbana": "021", "observacion": "mz sec 1 al 14", "ruta_da": "4", "tipo_mz": "0", "cod_manzana_inei": null, "zon_vec": "4", "delimitado": "SI"}}, {"type": "Feature", "id": "wms_tg_manzanas.667", "geometry": {"type": "Polygon", "coordinates": [[[-77.02955604841029, -12.125681495022553], [-77.02955412860865, -12.12589505132733], [-77.02972296250859, -12.125828541460136], [-77.02989255628086, -12.125761593010619], [-77.02995276396105, -12.125738012591043], [-77.03003803294452, -12.125704421428887], [-77.0301266321201, -12.125669451937467], [-77.03023158161021, -12.125628147123193], [-77.03029696721346, -12.125602180601387], [-77.0304672787041, -12.12553532329085], [-77.03042149478068, -12.125382864157965], [-77.03039416479363, -12.125291856976883], [-77.03035845364555, -12.125172940917677], [-77.03029507390764, -12.124961890654728], [-77.03027164842591, -12.124883884577013], [-77.03015160142763, -12.124485249552109], [-77.03000654050113, -12.124508411845541], [-77.02986437465239, -12.124534740221788], [-77.02971824810353, -12.124560868479094], [-77.02952395723682, -12.124595593516778], [-77.0295297861988, -12.124767216825155], [-77.02953651141587, -12.12496521606846], [-77.02954281586368, -12.125150840458502], [-77.02954598769385, -12.125244239533005], [-77.02954791911789, -12.125298971860815], [-77.029551350348, -12.125402132891661], [-77.02955714137396, -12.125570996265221], [-77.02955604841029, -12.125681495022553]]]}, "geometry_name": "geometria", "properties": {"cod_manzana": "0388", "mz_urbana": "012", "observacion": "mz sec 1 al 14", "ruta_da": "9", "tipo_mz": "0", "cod_manzana_inei": null, "zon_vec": "9", "delimitado": "SI"}}, {"type": "Feature", "id": "wms_tg_manzanas.662", "geometry": {"type": "Polygon", "coordinates": [[[-77.03379214762319, -12.120270235634528], [-77.03378855729845, -12.120450978377246], [-77.03378496801632, -12.120631856682133], [-77.03377696917396, -12.12081263176826], [-77.03377452392805, -12.120898509839757], [-77.03377165627865, -12.12098432282473], [-77.03376345030148, -12.12117402817951], [-77.03390672625223, -12.121172705736294], [-77.03404476703206, -12.121171421636753], [-77.03414202662859, -12.12117016561001], [-77.03427896935865, -12.121169431736806], [-77.03439827581205, -12.121168556097814], [-77.03448314660892, -12.121168746591806], [-77.03456801534621, -12.121168665932561], [-77.0347383059323, -12.121168771618011], [-77.0347366816898, -12.121099913415526], [-77.03473320681896, -12.120941784372711], [-77.03473022565161, -12.12080624960108], [-77.03472700127074, -12.120622638575526], [-77.03472347628676, -12.120484788622035], [-77.03472179806664, -12.120263413299732], [-77.03441871114339, -12.120265637876557], [-77.03425779951614, -12.12026681879014], [-77.03412995190995, -12.1202677569838], [-77.03404949711064, -12.120268482932204], [-77.03379214762319, -12.120270235634528]]]}, "geometry_name": "geometria", "properties": {"cod_manzana": "0334", "mz_urbana": "018", "observacion": "mz sec 1 al 14", "ruta_da": "4", "tipo_mz": "0", "cod_manzana_inei": null, "zon_vec": "4", "delimitado": "SI"}}, {"type": "Feature", "id": "wms_tg_manzanas.673", "geometry": {"type": "Polygon", "coordinates": [[[-77.02826464310888, -12.129184828693331], [-77.02848362252432, -12.129099554816204], [-77.02861002242454, -12.129050332696536], [-77.02877570869788, -12.128985811733559], [-77.02894792561942, -12.128921445797802], [-77.02903978769288, -12.128887327467783], [-77.02913146174265, -12.128853171864236], [-77.02929901611678, -12.128790744612443], [-77.02946998385553, -12.12872704520617], [-77.02958258018373, -12.128685100566047], [-77.02955073406862, -12.128344020105281], [-77.02953431843817, -12.128168523819012], [-77.02950999658654, -12.127905554186318], [-77.02912684537719, -12.128062262465217], [-77.0290148636218, -12.128107992998624], [-77.02884916612976, -12.128175683247752], [-77.02873468359522, -12.128222492224117], [-77.0286252869217, -12.12826722166594], [-77.02851589450924, -12.128311949310618], [-77.02824963376955, -12.128420737517658], [-77.02822104106376, -12.128465821042777], [-77.0282382869692, -12.12876215964789], [-77.02825064467861, -12.128954281479427], [-77.02826464310888, -12.129184828693331]]]}, "geometry_name": "geometria", "properties": {"cod_manzana": "0439", "mz_urbana": "003", "observacion": "mz sec 1 al 14", "ruta_da": "9", "tipo_mz": "0", "cod_manzana_inei": "", "zon_vec": "9", "delimitado": "SI"}}, {"type": "Feature", "id": "wms_tg_manzanas.674", "geometry": {"type": "Polygon", "coordinates": [[[-77.02642260591567, -12.12377003991785], [-77.02637027619464, -12.123771006297927], [-77.0263709058788, -12.123730783078374], [-77.02637831818058, -12.123486869779763], [-77.02636720776036, -12.123472474965538], [-77.02615685390299, -12.123508154906744], [-77.02598906365549, -12.123536800006839], [-77.0259571421339, -12.123575373056456], [-77.02595741692154, -12.123720918573383], [-77.02596591166854, -12.123910258254169], [-77.02597233451223, -12.124057825831857], [-77.02597801060998, -12.124208293089156], [-77.02597961181608, -12.124250739247346], [-77.02598591888484, -12.12444043297921], [-77.02600183527555, -12.124920151241144], [-77.02602897948309, -12.124941306574858], [-77.02641556727909, -12.124881835716685], [-77.02656351432577, -12.124859269024109], [-77.0266288663015, -12.124849308161556], [-77.02681426655865, -12.124821440336927], [-77.02684950016457, -12.12481614430003], [-77.02684868801758, -12.124790498552292], [-77.0268429673228, -12.124609851572071], [-77.0268381155888, -12.12445664377642], [-77.02683471260943, -12.124349184297749], [-77.02682824048459, -12.124144806313359], [-77.02682069491478, -12.123906529456757], [-77.02680452639733, -12.123395948752107], [-77.02642705008711, -12.12346233165457], [-77.02642260591567, -12.12377003991785]]]}, "geometry_name": "geometria", "properties": {"cod_manzana": "0374", "mz_urbana": "V", "observacion": "mz sec 1 al 14", "ruta_da": "8", "tipo_mz": "0", "cod_manzana_inei": null, "zon_vec": "8", "delimitado": "SI"}}, {"type": "Feature", "id": "wms_tg_manzanas.678", "geometry": {"type": "Polygon", "coordinates": [[[-77.03493873919858, -12.124090077222807], [-77.03494127868522, -12.124315919980136], [-77.03506058340315, -12.12431463714191], [-77.03517079639832, -12.124313556595002], [-77.03532426467434, -12.124311616024038], [-77.03540252424567, -12.124310986723435], [-77.0354943708531, -12.124310419721787], [-77.03558621744706, -12.12430985268984], [-77.03566124916775, -12.124309411892124], [-77.03580839031628, -12.124308873242331], [-77.03580686955483, -12.124173206760785], [-77.03580286832094, -12.124084806803678], [-77.03580228877742, -12.1240083850552], [-77.03580165647591, -12.123932463296116], [-77.03580165052898, -12.123856386736989], [-77.03580176219783, -12.123725831035166], [-77.03568545346045, -12.123613483631212], [-77.03547087367089, -12.123405466956479], [-77.035325668942, -12.123406940126964], [-77.0352093955509, -12.123408200756256], [-77.03508926463685, -12.123409489664242], [-77.03493138620895, -12.123411191267238], [-77.03493392764469, -12.12363730516406], [-77.03493441392942, -12.123701426712566], [-77.03493527136688, -12.12377815364552], [-77.03493619871958, -12.123864098897707], [-77.03493873919858, -12.124090077222807]]]}, "geometry_name": "geometria", "properties": {"cod_manzana": "0404", "mz_urbana": "035", "observacion": "mz sec 1 al 14", "ruta_da": "4", "tipo_mz": "0", "cod_manzana_inei": "", "zon_vec": "4", "delimitado": "SI"}}, {"type": "Feature", "id": "wms_tg_manzanas.679", "geometry": {"type": "Polygon", "coordinates": [[[-77.03587000894174, -12.116968174755938], [-77.03587036350633, -12.117020141059353], [-77.03587084785377, -12.11708728404185], [-77.03587128575722, -12.117151451128398], [-77.03587196295796, -12.117250686882924], [-77.03587295857803, -12.117396514263708], [-77.03587297187758, -12.11752944068388], [-77.0358726418042, -12.11763125697082], [-77.03587449228242, -12.11787527128122], [-77.03598414226384, -12.117872974809318], [-77.03611749200174, -12.117871046529409], [-77.03620951518832, -12.117869828415763], [-77.03634534468225, -12.117867881814426], [-77.03642992852289, -12.117866718268072], [-77.0364859924838, -12.11786592686915], [-77.03658150242663, -12.117864614331767], [-77.03680971805517, -12.117861478203233], [-77.03680932607988, -12.117671683515258], [-77.03680880107083, -12.117481905166834], [-77.03680829552503, -12.117363817514411], [-77.03680796826679, -12.117248042296177], [-77.03680736960101, -12.117132811354672], [-77.0368066043351, -12.116995619135947], [-77.03677634944232, -12.11696655805093], [-77.03664436757556, -12.116967120821593], [-77.03653139622924, -12.116967408327898], [-77.03624320141957, -12.11696737840934], [-77.03615484176879, -12.116967426267655], [-77.03609937525081, -12.11696751077118], [-77.0360213089511, -12.116968148136017], [-77.03587000894174, -12.116968174755938]]]}, "geometry_name": "geometria", "properties": {"cod_manzana": "0254", "mz_urbana": "013", "observacion": "mz sec 1 al 14", "ruta_da": "3", "tipo_mz": "0", "cod_manzana_inei": null, "zon_vec": "3", "delimitado": "SI"}}, {"type": "Feature", "id": "wms_tg_manzanas.680", "geometry": {"type": "Polygon", "coordinates": [[[-77.032512091424, -12.116835293124707], [-77.03251211489338, -12.11684342636695], [-77.03251221753867, -12.116879339454034], [-77.03254868130006, -12.116878748608958], [-77.03256567076214, -12.116878488698548], [-77.03272178571648, -12.116874744583374], [-77.03287884561277, -12.1168719228997], [-77.03296296898482, -12.116871495865162], [-77.03307320596527, -12.116870665639523], [-77.03321096941065, -12.116870367139406], [-77.03330275990247, -12.116870066713082], [-77.03340742586444, -12.116869750966274], [-77.03344054544777, -12.116869717547578], [-77.03344067568659, -12.116829928374354], [-77.03344101387248, -12.116761267654642], [-77.03344210971031, -12.116616662921746], [-77.03344278011977, -12.116508210937942], [-77.03344331009309, -12.116417765958417], [-77.03344396933802, -12.116304808070087], [-77.03344473551886, -12.11619189264775], [-77.0334451713012, -12.116121398856539], [-77.03344586270492, -12.116004790870837], [-77.03344614902845, -12.11596323970896], [-77.0334084376789, -12.115963317864942], [-77.03326242080556, -12.115963756044518], [-77.03307876784275, -12.115964279263002], [-77.03289507721864, -12.115964798857686], [-77.03280323189878, -12.115965058609312], [-77.03271138657368, -12.11596531833055], [-77.03262505196336, -12.115965562440612], [-77.03250960237624, -12.115965888831182], [-77.03250995934248, -12.11609144258757], [-77.03251008147572, -12.116127586689235], [-77.03251025802871, -12.116190929502153], [-77.03251057003058, -12.116303902623502], [-77.03251089082545, -12.116415971365475], [-77.0325110050245, -12.116455792599915], [-77.03251108592075, -12.116484109588585], [-77.03251140837776, -12.11659672739964], [-77.0325116697257, -12.116688009195936], [-77.032512091424, -12.116835293124707]]]}, "geometry_name": "geometria", "properties": {"cod_manzana": "0243", "mz_urbana": "076", "observacion": "mz sec 1 al 14", "ruta_da": "5", "tipo_mz": "0", "cod_manzana_inei": null, "zon_vec": "5", "delimitado": "SI"}}, {"type": "Feature", "id": "wms_tg_manzanas.683", "geometry": {"type": "Polygon", "coordinates": [[[-77.02491866280377, -12.123404075653948], [-77.02486473735156, -12.123631134956511], [-77.02505555018864, -12.123598037676366], [-77.02515275921414, -12.123581008997881], [-77.02524363885003, -12.123565088521167], [-77.02541690721492, -12.123535541955032], [-77.0255272915294, -12.123516959914557], [-77.02558673517662, -12.12350689984148], [-77.02565911172526, -12.123494440504562], [-77.02575157186318, -12.12347776719156], [-77.02584155520992, -12.123461518670235], [-77.02583642550418, -12.123293040446248], [-77.02583495593072, -12.123244380919385], [-77.02581053556705, -12.122455124916911], [-77.02580868099028, -12.122391962018503], [-77.02580551897142, -12.122290835467618], [-77.02580258263181, -12.122195729055138], [-77.02566892889512, -12.122179505902439], [-77.02556118987373, -12.122166959256822], [-77.02540619377272, -12.122148976341505], [-77.02525672386982, -12.122129470703308], [-77.02515194387372, -12.122506985052027], [-77.0251252529639, -12.122639901298491], [-77.02512286826821, -12.122652526904549], [-77.02503435003723, -12.122972445388465], [-77.02501229300702, -12.123043781773923], [-77.02499567000412, -12.123104910565402], [-77.02495747577497, -12.123245522771576], [-77.02493790732056, -12.123323114334331], [-77.02491866280377, -12.123404075653948]]]}, "geometry_name": "geometria", "properties": {"cod_manzana": "0353", "mz_urbana": "V, IA", "observacion": "mz sec 1 al 14", "ruta_da": "8", "tipo_mz": "0", "cod_manzana_inei": null, "zon_vec": "8", "delimitado": "SI"}}, {"type": "Feature", "id": "wms_tg_manzanas.684", "geometry": {"type": "Polygon", "coordinates": [[[-77.02980137135485, -12.128575582647828], [-77.02981933518461, -12.128588289085956], [-77.03006311360119, -12.128497744689014], [-77.03015159006385, -12.12846428802802], [-77.03023374411086, -12.128433235715777], [-77.03032892617695, -12.128397285056918], [-77.03038239841686, -12.128377050923678], [-77.03050302295463, -12.128331428259447], [-77.03061601509509, -12.128288847615917], [-77.03070176451949, -12.128256458969059], [-77.03079265876224, -12.128222126563498], [-77.03122155131528, -12.128060034274803], [-77.03109940778963, -12.1276502842334], [-77.03104992748506, -12.127484165379347], [-77.03100582419034, -12.127336715933378], [-77.03094827960561, -12.127306498653883], [-77.03079059195456, -12.127370152961491], [-77.03058262993015, -12.127453969097491], [-77.03041312764539, -12.127522183666139], [-77.03030057420223, -12.127567635553351], [-77.03021506412378, -12.127602087592688], [-77.03010954261747, -12.12764461869625], [-77.03000787836399, -12.1276855923355], [-77.02994404632595, -12.127711319391285], [-77.02973484606233, -12.127795585311796], [-77.02975698519414, -12.128055004737622], [-77.02976470216997, -12.12814551712795], [-77.02977263825235, -12.128237949166428], [-77.0297877757148, -12.128417605975871], [-77.02980137135485, -12.128575582647828]]]}, "geometry_name": "geometria", "properties": {"cod_manzana": "0438", "mz_urbana": "002", "observacion": "mz sec 1 al 14", "ruta_da": "9", "tipo_mz": "0", "cod_manzana_inei": "", "zon_vec": "9", "delimitado": "SI"}}, {"type": "Feature", "id": "wms_tg_manzanas.689", "geometry": {"type": "Polygon", "coordinates": [[[-77.03066769375171, -12.126529035280036], [-77.03048994604033, -12.12660037549707], [-77.03034536648077, -12.126658403351477], [-77.03017527278797, -12.126726671331337], [-77.0300885249657, -12.126761487966036], [-77.02987675811293, -12.126846481416012], [-77.02965261811514, -12.126938314915169], [-77.02967724012868, -12.127172046611559], [-77.02968929960551, -12.127304237753185], [-77.02969627960833, -12.127380751712467], [-77.02970401871166, -12.127472473269258], [-77.02972589191977, -12.127705347679969], [-77.02998039546247, -12.127601420265101], [-77.0300306176207, -12.12758091268007], [-77.03010849597902, -12.127549110580025], [-77.03019375465699, -12.127514294903074], [-77.03027858913687, -12.127479652415872], [-77.03044910636439, -12.12741002094821], [-77.03056787452185, -12.127361521364588], [-77.03061877514546, -12.1273407358153], [-77.03070028615278, -12.127307503068321], [-77.03078080873617, -12.127274568428899], [-77.03092036115208, -12.127217581268388], [-77.03095147867728, -12.127155893995708], [-77.03091143279873, -12.127028069760641], [-77.03085731598992, -12.126848253522452], [-77.03081350100149, -12.126702667345496], [-77.03077724935966, -12.126582212103608], [-77.03077168603632, -12.126583570886623], [-77.03076590686518, -12.126584562245137], [-77.03076012564156, -12.126585282475936], [-77.03075434031281, -12.12658546045115], [-77.03074827841722, -12.126585504882046], [-77.03074276349808, -12.126585003018187], [-77.03073697098588, -12.126584232046117], [-77.03073117539495, -12.126583054382262], [-77.03072565329225, -12.12658160357111], [-77.03072012811113, -12.126579746068249], [-77.03071459985138, -12.126577481873671], [-77.03070934507994, -12.126574944531773], [-77.03070436379701, -12.126572134042462], [-77.03069965600238, -12.126569050405816], [-77.03069494512924, -12.1265655600775], [-77.0306905077446, -12.126561796601829], [-77.03068634384834, -12.126557759978871], [-77.03068245446673, -12.126553585772447], [-77.03067883754738, -12.126549002854803], [-77.03067549514259, -12.126544282353752], [-77.03067270279313, -12.126539422249802], [-77.03066990839147, -12.126534291018174], [-77.03066769375171, -12.126529035280036]]]}, "geometry_name": "geometria", "properties": {"cod_manzana": "0428", "mz_urbana": "014", "observacion": "mz sec 1 al 14", "ruta_da": "9", "tipo_mz": "0", "cod_manzana_inei": null, "zon_vec": "9", "delimitado": "SI"}}, {"type": "Feature", "id": "wms_tg_manzanas.690", "geometry": {"type": "Polygon", "coordinates": [[[-77.02634094998709, -12.122157192261858], [-77.0267785563378, -12.122209890260732], [-77.02676731319242, -12.1218399550785], [-77.02675593671, -12.121464640164882], [-77.02641036131763, -12.121423648332634], [-77.0262325410239, -12.12140259001711], [-77.0261601857223, -12.121394269305265], [-77.02612788718865, -12.121390555033544], [-77.02605489979506, -12.121382161603439], [-77.02598072604147, -12.12137398894991], [-77.02583915224572, -12.121357318369165], [-77.02562707345187, -12.121330813118133], [-77.02549165728512, -12.121314856234548], [-77.02546407053998, -12.121410588059591], [-77.02544154792787, -12.121488851052954], [-77.02539928525037, -12.121635209606369], [-77.02534773473833, -12.12181481226262], [-77.02531819913989, -12.12191752039221], [-77.02529403512592, -12.122001751500774], [-77.0252932166997, -12.122002842055798], [-77.02529267381031, -12.12200393059753], [-77.02529240645804, -12.122005017125783], [-77.02529186356874, -12.122006105667417], [-77.02529159621626, -12.122007192195662], [-77.025291329887, -12.122008414288374], [-77.0252910635577, -12.122009636380987], [-77.02529107174226, -12.122010720895839], [-77.02529108094991, -12.122011940975064], [-77.02529109015762, -12.122013161054282], [-77.02529109834218, -12.122014245569119], [-77.02529138308674, -12.122015463634943], [-77.02529166783141, -12.122016681700767], [-77.02529195155297, -12.122017764202209], [-77.02529251081145, -12.122018844690176], [-77.02529279453302, -12.122019927191609], [-77.02529335379151, -12.122021007679747], [-77.02529418858701, -12.122022086154319], [-77.0252947468224, -12.122023031077987], [-77.0252955805948, -12.122023973988268], [-77.02529641334412, -12.122024781334177], [-77.02529724711663, -12.122025724244363], [-77.02529807884285, -12.1220263960259], [-77.02529891159217, -12.122027203371799], [-77.02530001885549, -12.122027873139858], [-77.02530112611873, -12.122028542908005], [-77.02530223235888, -12.122029077111783], [-77.02530333757603, -12.122029475751102], [-77.0253044427931, -12.122029874390506], [-77.02530554801024, -12.122030273029823], [-77.02543407407883, -12.122046009158092], [-77.02552509029135, -12.12205713876706], [-77.02561225665762, -12.122067845504766], [-77.02579591183873, -12.122090352966334], [-77.02596401201144, -12.122104640019588], [-77.02605310674895, -12.122115547005482], [-77.02614189351297, -12.122128662113012], [-77.02634094998709, -12.122157192261858]]]}, "geometry_name": "geometria", "properties": {"cod_manzana": "0348", "mz_urbana": "IV", "observacion": "mz sec 1 al 14", "ruta_da": "8", "tipo_mz": "0", "cod_manzana_inei": "", "zon_vec": "8", "delimitado": "SI"}}, {"type": "Feature", "id": "wms_tg_manzanas.707", "geometry": {"type": "Polygon", "coordinates": [[[-77.02678066805903, -12.120181272948107], [-77.02678647393323, -12.120366285913866], [-77.026936087387, -12.120364920803501], [-77.02701296164433, -12.120364358670967], [-77.02709424548094, -12.12036389984254], [-77.02716698670632, -12.120363367891317], [-77.02721823620405, -12.120362993096066], [-77.0272642505365, -12.120362656578214], [-77.02729400830763, -12.12036243894587], [-77.02734002263796, -12.120362102415545], [-77.02739350578578, -12.12036170944398], [-77.02768098126704, -12.120359707962125], [-77.02789168239119, -12.12035824073445], [-77.0280963465746, -12.120357067871069], [-77.02826154707998, -12.120350749904825], [-77.02841932128283, -12.120346348937618], [-77.02862580211773, -12.120333986772613], [-77.02868078432044, -12.120330652626441], [-77.02873166503441, -12.120327598077855], [-77.0288809151131, -12.12031863801592], [-77.02887894886678, -12.120270505120892], [-77.02887072211615, -12.120069123952455], [-77.02886295616184, -12.119884051477904], [-77.02870530271863, -12.119890047901535], [-77.02858231782727, -12.119894688792229], [-77.02845749736287, -12.119899398193153], [-77.02826347123988, -12.119906719787235], [-77.02815003412118, -12.119910999602084], [-77.02810965099009, -12.119912523335296], [-77.02780448324887, -12.119924037976922], [-77.02758696483293, -12.119932244960665], [-77.02756401992255, -12.119933110528558], [-77.02738596730069, -12.119939828429532], [-77.02733548812495, -12.119941733185247], [-77.0272840912445, -12.119943672520538], [-77.02725472166766, -12.119944780605904], [-77.0272035194108, -12.119946760025718], [-77.0271531078578, -12.11994861996724], [-77.02704546322283, -12.119952605715818], [-77.02692155991596, -12.119957280610958], [-77.02677425399133, -12.119962907451638], [-77.0267769208111, -12.120036067769094], [-77.02677873959215, -12.120109435836264], [-77.02678066805903, -12.120181272948107]]]}, "geometry_name": "geometria", "properties": {"cod_manzana": "0315", "mz_urbana": "3A", "observacion": "mz sec 1 al 14", "ruta_da": "8", "tipo_mz": "0", "cod_manzana_inei": null, "zon_vec": "8", "delimitado": "SI"}}, {"type": "Feature", "id": "wms_tg_manzanas.708", "geometry": {"type": "Polygon", "coordinates": [[[-77.02679859636635, -12.120452045817444], [-77.02681002454896, -12.120835087057154], [-77.02698388649408, -12.120833691895625], [-77.0273204450564, -12.120834554769695], [-77.0273230826398, -12.120914519158719], [-77.02732060286148, -12.120914542718554], [-77.0272220509111, -12.120914621796521], [-77.0271302032117, -12.120914715076593], [-77.02703835550734, -12.120914808326186], [-77.02682496600951, -12.120914977024654], [-77.0268288375308, -12.121044740752618], [-77.0268349424336, -12.121249361288914], [-77.02683920145685, -12.121382873150962], [-77.02690905977155, -12.121390358086495], [-77.02696351778351, -12.121395944768794], [-77.0270966646605, -12.121410587896492], [-77.02723544417351, -12.121425540545568], [-77.02732674614847, -12.121435377754052], [-77.02744991308386, -12.121448647708927], [-77.02767469877774, -12.121472866835642], [-77.02766112644446, -12.121269772228857], [-77.02765320025289, -12.121151180607459], [-77.02764526261524, -12.12103240920918], [-77.02763737981607, -12.120914450837597], [-77.02765327538957, -12.120914447536288], [-77.02762494952968, -12.120475637537767], [-77.02758579571864, -12.120445732125363], [-77.02730769057109, -12.120447963249381], [-77.02702297256579, -12.120450246970673], [-77.02697245807161, -12.120450651606419], [-77.02679859636635, -12.120452045817444]]]}, "geometry_name": "geometria", "properties": {"cod_manzana": "0318", "mz_urbana": "I", "observacion": "mz sec 1 al 14", "ruta_da": "8", "tipo_mz": "0", "cod_manzana_inei": null, "zon_vec": "8", "delimitado": "SI"}}, {"type": "Feature", "id": "wms_tg_manzanas.692", "geometry": {"type": "Polygon", "coordinates": [[[-77.02789315407875, -12.116910469068104], [-77.02791054326725, -12.11691440903806], [-77.02797555635838, -12.11691230667853], [-77.02804249714062, -12.116910054632427], [-77.02810943894313, -12.11690793813457], [-77.02813690730756, -12.116750609663303], [-77.0281679962455, -12.116572464713553], [-77.02819730633931, -12.116404084007915], [-77.02822831207591, -12.116225962046153], [-77.02825930969759, -12.116047886576533], [-77.02829034164893, -12.115869613761985], [-77.02839614145662, -12.115261812501021], [-77.02844250535348, -12.114995459614404], [-77.02845962471962, -12.11489742489107], [-77.02849368922945, -12.114701410259086], [-77.02851613530635, -12.114572317435751], [-77.02852010029295, -12.114550054682887], [-77.02828037695708, -12.114550045639282], [-77.02759868379322, -12.114550421118558], [-77.02748244334556, -12.1145556092609], [-77.02748051566661, -12.114555758925762], [-77.02736355915417, -12.11457559400153], [-77.02737142438177, -12.11477794510466], [-77.02737495703519, -12.114867860178544], [-77.02737910069715, -12.114974429022443], [-77.0273827286126, -12.115069259442654], [-77.02738645957001, -12.11516353676607], [-77.02738992213166, -12.115257191517133], [-77.02739366125441, -12.115350979816894], [-77.02739740243231, -12.11544503924416], [-77.02740115590106, -12.115540725441212], [-77.02740459290484, -12.11563099108202], [-77.0274088570404, -12.115739471121852], [-77.02742636402483, -12.116030361045752], [-77.02744102229515, -12.116273916577672], [-77.02744884805688, -12.116403945646365], [-77.02745681344996, -12.116513113166004], [-77.02746445491556, -12.116618044834073], [-77.02747912003151, -12.1168158852587], [-77.02778274395648, -12.116885111219828], [-77.02789315407875, -12.116910469068104]]]}, "geometry_name": "geometria", "properties": {"cod_manzana": "0229", "mz_urbana": "195,60,69", "observacion": "mz sec 1 al 14", "ruta_da": "5", "tipo_mz": "0", "cod_manzana_inei": null, "zon_vec": "5", "delimitado": "SI"}}, {"type": "Feature", "id": "wms_tg_manzanas.698", "geometry": {"type": "Polygon", "coordinates": [[[-77.03146763252097, -12.118932743127958], [-77.03151740118835, -12.118972168406534], [-77.03160645429091, -12.118971133353702], [-77.03174054210108, -12.118969518019638], [-77.03192477213945, -12.118967235004465], [-77.03215896367576, -12.11896439859274], [-77.0323839711768, -12.118961672754581], [-77.03238273273266, -12.118583607823643], [-77.03237428273049, -12.118097529233582], [-77.03237346116492, -12.11805026888608], [-77.03232677226666, -12.118050834414776], [-77.03218610861066, -12.118052538184017], [-77.03206491556024, -12.118054006060872], [-77.03191071703006, -12.118055873620067], [-77.03181996207405, -12.118059863512888], [-77.03172720415604, -12.11806098666406], [-77.03163949740639, -12.118062048624981], [-77.03150161699857, -12.11806379657036], [-77.03145649687652, -12.118109408025116], [-77.03145835034961, -12.118245101407235], [-77.0314595969482, -12.118337009675741], [-77.03146093426163, -12.11846353204412], [-77.03146303608987, -12.118609478820327], [-77.03146763252097, -12.118932743127958]]]}, "geometry_name": "geometria", "properties": {"cod_manzana": "0281", "mz_urbana": "006", "observacion": "mz sec 1 al 14", "ruta_da": "5", "tipo_mz": "0", "cod_manzana_inei": null, "zon_vec": "5", "delimitado": "SI"}}, {"type": "Feature", "id": "wms_tg_manzanas.699", "geometry": {"type": "Polygon", "coordinates": [[[-77.03408570500991, -12.125056452910616], [-77.03408079467206, -12.125062030199915], [-77.03395206239817, -12.125208280301887], [-77.03418906686181, -12.125484782161916], [-77.0343159815736, -12.125615350770856], [-77.03444427061112, -12.125744963828353], [-77.03473752771143, -12.126080789148885], [-77.03476789566513, -12.126088293686735], [-77.03482618765058, -12.126035399596347], [-77.03481181402717, -12.125411878238845], [-77.03480276127186, -12.125053901512471], [-77.03454541164841, -12.125056469042775], [-77.03454538911012, -12.125050468831525], [-77.03408570500991, -12.125056452910616]]]}, "geometry_name": "geometria", "properties": {"cod_manzana": "0423", "mz_urbana": "036", "observacion": "mz sec 1 al 14", "ruta_da": "4", "tipo_mz": "0", "cod_manzana_inei": null, "zon_vec": "4", "delimitado": "SI"}}, {"type": "Feature", "id": "wms_tg_manzanas.713", "geometry": {"type": "Polygon", "coordinates": [[[-77.03561158876559, -12.12609282686821], [-77.03543159886009, -12.126096278474444], [-77.03524908424951, -12.126097503213707], [-77.03497797501433, -12.12610234150637], [-77.03498099809813, -12.126355566027188], [-77.03520774212014, -12.126568509515728], [-77.03523240196282, -12.126586359319727], [-77.03525456137885, -12.12660151606808], [-77.03527532149862, -12.126613836101727], [-77.03529276074107, -12.126624282534358], [-77.03531377994743, -12.12663443152499], [-77.03533146490463, -12.126640944590065], [-77.03535384638494, -12.1266490500046], [-77.035378710812, -12.126657543889708], [-77.03541625316574, -12.126666351348163], [-77.0354365480744, -12.126668994046886], [-77.03550282826708, -12.126673036151196], [-77.03561801361657, -12.126673324043493], [-77.03571077167634, -12.12667213651741], [-77.03584998913115, -12.126664415421047], [-77.03584855052425, -12.126482446387902], [-77.03584854161268, -12.126307943273334], [-77.03584742654334, -12.126235648449097], [-77.03584508794363, -12.12611696553184], [-77.03581359072051, -12.126088953005194], [-77.03577081405206, -12.126089773360757], [-77.03570021944275, -12.126091127184488], [-77.03561158876559, -12.12609282686821]]]}, "geometry_name": "geometria", "properties": {"cod_manzana": "0434", "mz_urbana": "041", "observacion": "mz sec 1 al 14", "ruta_da": "4", "tipo_mz": "0", "cod_manzana_inei": null, "zon_vec": "4", "delimitado": "SI"}}, {"type": "Feature", "id": "wms_tg_manzanas.771", "geometry": {"type": "Polygon", "coordinates": [[[-77.03484886624578, -12.119990262523865], [-77.03485029730975, -12.120083793890986], [-77.03485069828328, -12.120110000607022], [-77.03488743291547, -12.120109456381872], [-77.03508032812553, -12.1201065985511], [-77.03513515456632, -12.12010578624512], [-77.03519145039029, -12.120104952163043], [-77.03524765437537, -12.120104119427557], [-77.03530574855992, -12.120103258674396], [-77.03548942169876, -12.120100537199013], [-77.03576493135023, -12.120096454758986], [-77.03576078203267, -12.119825351376015], [-77.03575939950593, -12.11973498263914], [-77.03575801699216, -12.119644614805194], [-77.03575663356587, -12.119554246977355], [-77.03575110175724, -12.119192775645464], [-77.03547559334599, -12.119196857545907], [-77.03529540967459, -12.119199483756809], [-77.0351145834415, -12.119202163373611], [-77.03505975868433, -12.119203018649383], [-77.03483687201746, -12.119206320464786], [-77.0348400831017, -12.119468400158487], [-77.03484155607401, -12.119588594024036], [-77.03484302889615, -12.119708788333961], [-77.03484689599172, -12.119861490162673], [-77.03484886624578, -12.119990262523865]]]}, "geometry_name": "geometria", "properties": {"cod_manzana": "0303", "mz_urbana": "019", "observacion": "mz sec 1 al 14", "ruta_da": "4", "tipo_mz": "0", "cod_manzana_inei": "", "zon_vec": "4", "delimitado": "SI"}}, {"type": "Feature", "id": "wms_tg_manzanas.780", "geometry": {"type": "Polygon", "coordinates": [[[-77.02451868649044, -12.129827025249767], [-77.02466089497304, -12.129769258091295], [-77.0252137763649, -12.129544668732311], [-77.02532006488144, -12.129501393222759], [-77.02542638122925, -12.12945831747492], [-77.02550330129928, -12.129426980242691], [-77.02558049689297, -12.129395640976938], [-77.02565824150676, -12.1293640265341], [-77.0257200536729, -12.129339036028451], [-77.02586733915071, -12.129279179521438], [-77.02601932681829, -12.12921401300698], [-77.02601513409194, -12.129032399262941], [-77.02600769957735, -12.12878678231716], [-77.0260054226873, -12.12870423579153], [-77.02600286923519, -12.128621555716103], [-77.02600100818778, -12.128557579473812], [-77.0259961942608, -12.128394521896446], [-77.02581734895799, -12.128466462677576], [-77.02574427144764, -12.128495738276778], [-77.02553163444874, -12.128581212027461], [-77.02536570051204, -12.128647906419914], [-77.02492023038684, -12.128827025963927], [-77.02441322263512, -12.12903079303187], [-77.02405761074435, -12.129174398516644], [-77.02404979251294, -12.12921267674844], [-77.0240227874143, -12.129272769220556], [-77.02400321853068, -12.129296134237583], [-77.02451868649044, -12.129827025249767]]]}, "geometry_name": "geometria", "properties": {"cod_manzana": "0432", "mz_urbana": "XIII", "observacion": "mz sec 1 al 14", "ruta_da": "10", "tipo_mz": "0", "cod_manzana_inei": null, "zon_vec": "10", "delimitado": "SI"}}, {"type": "Feature", "id": "wms_tg_manzanas.799", "geometry": {"type": "Polygon", "coordinates": [[[-77.02808477018377, -12.126304564198172], [-77.02809580210669, -12.126475939921], [-77.02834224900735, -12.12637649721235], [-77.02858104754793, -12.126280139881008], [-77.02870852023803, -12.126228703450026], [-77.02886998550122, -12.12616355038393], [-77.02897621233998, -12.126120687504564], [-77.02908225939603, -12.126077376712498], [-77.02914247978632, -12.126052783184045], [-77.02922901434715, -12.126017442235037], [-77.02929687246451, -12.125989727921032], [-77.0293542679022, -12.125966287515846], [-77.02934384021663, -12.125798044642238], [-77.0293301949768, -12.125547365682975], [-77.0291787118464, -12.125570931671017], [-77.02873598694038, -12.125639804788175], [-77.02857725884995, -12.125664727336968], [-77.02847748708456, -12.125680392918872], [-77.0283777148478, -12.125696058781259], [-77.0282779425867, -12.125711723705777], [-77.02817817123355, -12.125727389493248], [-77.0280475604622, -12.125747896731456], [-77.02806483069426, -12.12599482513984], [-77.02806854620191, -12.126052551439617], [-77.02807635062354, -12.12617377755782], [-77.02808477018377, -12.126304564198172]]]}, "geometry_name": "geometria", "properties": {"cod_manzana": "0393", "mz_urbana": "XX", "observacion": "mz sec 1 al 14", "ruta_da": "9", "tipo_mz": "0", "cod_manzana_inei": "", "zon_vec": "9", "delimitado": "SI"}}, {"type": "Feature", "id": "wms_tg_manzanas.795", "geometry": {"type": "Polygon", "coordinates": [[[-77.02697936887515, -12.125396714453949], [-77.02699045488336, -12.125791518339097], [-77.02719075842573, -12.125755954388678], [-77.02728098347669, -12.125739032539695], [-77.02739627502311, -12.125721574539185], [-77.02751066519683, -12.125704295598442], [-77.02759237245012, -12.125691953470476], [-77.02775033977412, -12.125668091957976], [-77.02792737206926, -12.125641350506005], [-77.02791777420789, -12.125487997474261], [-77.02791003258211, -12.125380319367213], [-77.02789599623061, -12.125146571919581], [-77.02788807758957, -12.125027587154163], [-77.02787915718648, -12.124870977003988], [-77.02784729998767, -12.12484496803525], [-77.0276005411161, -12.124883391141575], [-77.0274191007018, -12.124911643292375], [-77.02723766023011, -12.124939895330398], [-77.0269673138209, -12.124981990657623], [-77.02697248394514, -12.125160867999483], [-77.02697602210112, -12.125283281532024], [-77.02697936887515, -12.125396714453949]]]}, "geometry_name": "geometria", "properties": {"cod_manzana": "0390", "mz_urbana": "IX", "observacion": "mz sec 1 al 14", "ruta_da": "10", "tipo_mz": "0", "cod_manzana_inei": null, "zon_vec": "10", "delimitado": "SI"}}, {"type": "Feature", "id": "wms_tg_manzanas.791", "geometry": {"type": "Polygon", "coordinates": [[[-77.0314187274206, -12.122356768036362], [-77.03145619040629, -12.122362020549014], [-77.03163890137338, -12.122199712078906], [-77.03174805064404, -12.122102750870713], [-77.03184938891815, -12.122008694920002], [-77.03194583650718, -12.12192703581537], [-77.03194362664286, -12.121635166956777], [-77.0318348428049, -12.121636611559884], [-77.03181762138638, -12.121636799262255], [-77.03170794759015, -12.121653177648106], [-77.03161831124032, -12.121665231716232], [-77.0314917032617, -12.121687836663783], [-77.03143568128885, -12.121697838400653], [-77.03129739755452, -12.121713087152475], [-77.03131327598712, -12.12185621074403], [-77.03133659066194, -12.1219911653431], [-77.03134103810295, -12.122040226777884], [-77.03135286798434, -12.122111586289158], [-77.0314187274206, -12.122356768036362]]]}, "geometry_name": "geometria", "properties": {"cod_manzana": "0340", "mz_urbana": "021", "observacion": "mz sec 1 al 14", "ruta_da": "8", "tipo_mz": "0", "cod_manzana_inei": "", "zon_vec": "8", "delimitado": "SI"}}, {"type": "Feature", "id": "wms_tg_manzanas.2577", "geometry": {"type": "Polygon", "coordinates": [[[-77.03489139580972, -12.128749385972172], [-77.03489216031555, -12.128746178530713], [-77.03490571030487, -12.12871260536521], [-77.03491906382831, -12.12867913066759], [-77.03493560926546, -12.12862448106919], [-77.03494724680576, -12.128572778273613], [-77.03494717466907, -12.128563270351952], [-77.0349470804499, -12.128550851842071], [-77.03494499657519, -12.128536119347421], [-77.03494113054953, -12.128520429693737], [-77.03493485986112, -12.128499712403173], [-77.03492718081071, -12.128475318506915], [-77.03491729724279, -12.12844628360304], [-77.034884258844, -12.12835454657003], [-77.03484980180721, -12.128257774648324], [-77.03484797255187, -12.128250608232994], [-77.03484813736526, -12.12824633792138], [-77.03484889819104, -12.128242645382104], [-77.0348514338056, -12.128238939806426], [-77.03485437412195, -12.128236589608429], [-77.0348567228421, -12.128234243755797], [-77.0348594777362, -12.12823344732005], [-77.03486263291612, -12.128233424144314], [-77.03486855476659, -12.128234156846498], [-77.03487982012031, -12.128237372949153], [-77.03489326202092, -12.128241543313775], [-77.03491063611989, -12.128244132393494], [-77.0349230714177, -12.128245593450043], [-77.03493629403836, -12.12824685467265], [-77.03495661507769, -12.128247966727], [-77.03499250598432, -12.128247800107015], [-77.0350275661376, -12.128242109159258], [-77.03506004283052, -12.128233817510214], [-77.03508148964315, -12.1282273533348], [-77.03510085409016, -12.128219352055002], [-77.03512374161166, -12.128207831992427], [-77.0351561321673, -12.128188189040209], [-77.03516946806256, -12.128178388569193], [-77.03518298790478, -12.12816684029612], [-77.0352007077643, -12.128150021816909], [-77.03522494764466, -12.128121803511949], [-77.03524027985907, -12.128103285860226], [-77.03525404813064, -12.128080679849038], [-77.03537540712064, -12.127885985990632], [-77.03541046952716, -12.12790658875955], [-77.03528573397007, -12.128098270254904], [-77.03516318018706, -12.12829835766934], [-77.03506249307907, -12.128465786310954], [-77.03500521590492, -12.128558380835212], [-77.03494193667431, -12.128665670220768], [-77.03491857016643, -12.128705039973296], [-77.03490171854847, -12.128732330766054], [-77.03489139580972, -12.128749385972172]]]}, "geometry_name": "geometria", "properties": {"cod_manzana": null, "mz_urbana": null, "observacion": "mz sec 1 al 14", "ruta_da": null, "tipo_mz": "1", "cod_manzana_inei": null, "zon_vec": "9", "delimitado": null}}, {"type": "Feature", "id": "wms_tg_manzanas.2642", "geometry": {"type": "Polygon", "coordinates": [[[-77.03476527694679, -12.126300391875539], [-77.03446198315018, -12.125960663527524], [-77.03436177311491, -12.125847918248441], [-77.03393868768643, -12.125364545579673], [-77.0333536164002, -12.124702288444686], [-77.0332063410889, -12.124534807213765], [-77.03317586429634, -12.12450178050404], [-77.0331759470573, -12.124506166072452], [-77.03317542561952, -12.124512867328908], [-77.03317458574035, -12.124517289053868], [-77.03317205894206, -12.124525634929558], [-77.0331789716643, -12.124531718582514], [-77.03321714193501, -12.124592960048574], [-77.03332942905564, -12.124737582982364], [-77.03351892113497, -12.12497564037315], [-77.03368967638595, -12.12519721006395], [-77.03386029639486, -12.125424737157678], [-77.03403754388655, -12.125636568361509], [-77.03411241277213, -12.12572373725606], [-77.03415326597248, -12.125773342059063], [-77.03424954456705, -12.125887854660784], [-77.03433070812335, -12.125979007568398], [-77.03438082160258, -12.12604241333911], [-77.0344411886608, -12.126123524583917], [-77.03451468060844, -12.126219712361841], [-77.03454467898776, -12.126267618711346], [-77.03460183393291, -12.126358029127772], [-77.03468168889555, -12.12649897766026], [-77.03474646291436, -12.126621070754677], [-77.03479048526772, -12.126707280534633], [-77.03481177998263, -12.126751220451435], [-77.03483995540293, -12.126812890600403], [-77.03486689025969, -12.126869828317322], [-77.03490578409256, -12.126946948270977], [-77.03492181225751, -12.12698742996978], [-77.03493413845439, -12.127008380011924], [-77.03498814062262, -12.127111911956385], [-77.03496585147073, -12.12712348499849], [-77.03499220610979, -12.127179360108888], [-77.03503163126632, -12.127231227438632], [-77.03506315266789, -12.127257548512974], [-77.03509415625884, -12.127279131848555], [-77.03513285499848, -12.1272987620381], [-77.03516295196826, -12.127311995064135], [-77.03520485146471, -12.127324785769558], [-77.03524432060078, -12.127334808668738], [-77.03529030724845, -12.127346443219865], [-77.03533423076458, -12.12735607776638], [-77.03538731654874, -12.127366593300307], [-77.03543847135433, -12.12737664885647], [-77.03548335497105, -12.127385802170227], [-77.03554683303378, -12.127400145239385], [-77.03558221686525, -12.127345169432454], [-77.035594293734, -12.127324246248643], [-77.03572963721322, -12.12710506171764], [-77.0357700656372, -12.127039589079176], [-77.03583765028375, -12.126935801438309], [-77.03584776322357, -12.126920065054897], [-77.0358521981984, -12.126905209433417], [-77.03585383818857, -12.12689803268245], [-77.0358565583582, -12.126886565612178], [-77.03585851128422, -12.126865377629866], [-77.03585872526264, -12.126850945669707], [-77.0358578556886, -12.126835179294183], [-77.03585373264136, -12.126810674178108], [-77.03584947812442, -12.126793549099329], [-77.03584682835762, -12.126790247987804], [-77.03583493471923, -12.12678080674386], [-77.03577413784194, -12.126784609633003], [-77.03566089241467, -12.126793645660666], [-77.0355798327248, -12.126799089012762], [-77.03552640990111, -12.12680078668372], [-77.03549286384917, -12.126799914421019], [-77.03544944656208, -12.12679669078093], [-77.03541833401256, -12.126791885110222], [-77.03537544272025, -12.126783063992585], [-77.03534411381696, -12.126774717288194], [-77.03530003002908, -12.126759277487794], [-77.03529718549774, -12.126758281225586], [-77.03525688881243, -12.12674168682514], [-77.03522047166453, -12.1267240282702], [-77.0351754472923, -12.12669690005822], [-77.03509693551017, -12.126638557483965], [-77.03500677225402, -12.126555502156311], [-77.03499895366815, -12.126548566086427], [-77.03497253538794, -12.12652512974151], [-77.03492110820174, -12.126472276132773], [-77.03476527694679, -12.126300391875539]]]}, "geometry_name": "geometria", "properties": {"cod_manzana": "0788", "mz_urbana": null, "observacion": "mz sec 1 al 14", "ruta_da": null, "tipo_mz": "1", "cod_manzana_inei": null, "zon_vec": "4", "delimitado": "SI"}}]}