{"type": "FeatureCollection", "features": [{"type": "Feature", "id": "wms_tg_vias.1", "geometry": {"type": "MultiLineString", "coordinates": [[[-77.03027947395945, -12.121017749050296], [-77.02974105047942, -12.121306696127053], [-77.02968705290048, -12.121335514557055]], [[-77.02938362387921, -12.121497453125361], [-77.02902466806954, -12.121689026226582]], [[-77.02968705290048, -12.121335514557055], [-77.02938423040075, -12.121497129639646], [-77.02938362387921, -12.121497453125361]]]}, "geometry_name": "geometria", "properties": {"tipo": "CALLE", "codigo": 951, "observacion": "SIN CUADRA", "nomenclatura": "Ca. Virgen Milagrosa", "clasificacion": "LOCALES", "cod_via": 951, "tipo_abreviatura": null, "nom_anterior": null}}, {"type": "Feature", "id": "wms_tg_vias.3", "geometry": {"type": "MultiLineString", "coordinates": [[[-77.02970593308638, -12.123441935833537], [-77.02923907194696, -12.123506426975194]], [[-77.0287659121848, -12.123464855233212], [-77.02871076084097, -12.123474654980816], [-77.02867803452546, -12.123480271316584], [-77.0285262753256, -12.12350491651611], [-77.02833490872513, -12.123537304350723], [-77.02829222712197, -12.123544684536125], [-77.02819371057305, -12.123562084475507], [-77.02801658009159, -12.123592072233974], [-77.02791153326675, -12.123610495982001], [-77.02785419004309, -12.123620387527431]], [[-77.02922353977478, -12.123391748686162], [-77.0287659121848, -12.123464855233212]]]}, "geometry_name": "geometria", "properties": {"tipo": "CALLE", "codigo": 643, "observacion": "TRAMO", "nomenclatura": "Ca. Tarata", "clasificacion": "LOCALES", "cod_via": 643, "tipo_abreviatura": null, "nom_anterior": null}}, {"type": "Feature", "id": "wms_tg_vias.5", "geometry": {"type": "MultiLineString", "coordinates": [[[-77.0260814923494, -12.129254161108811], [-77.0260568175072, -12.129266641553412], [-77.02603848741886, -12.129275656471824], [-77.02602881815868, -12.129280293248263], [-77.02600968042678, -12.129289153193676], [-77.02599357448658, -12.129296273722064], [-77.02597078991597, -12.129306071379665], [-77.0259312205642, -12.129322619443908], [-77.02467420355592, -12.129833131979057], [-77.02445673697285, -12.12992160762573]], [[-77.02668982304269, -12.12900001601621], [-77.02656684721408, -12.129047518019505], [-77.02653371769864, -12.129060653253324], [-77.02651140175907, -12.129069860947723], [-77.02638631817952, -12.129122515562898], [-77.02623892233346, -12.12918499598407], [-77.02620670179522, -12.12919833060363], [-77.02615552894453, -12.12921904879765], [-77.02614522706773, -12.129223475097687], [-77.02612458142389, -12.12923286215564], [-77.02610618681855, -12.129241725709473], [-77.0260814923494, -12.129254161108811]], [[-77.02816116320776, -12.12840022429053], [-77.02668982304269, -12.12900001601621]], [[-77.03364084789679, -12.126158377721218], [-77.03268064486166, -12.126549471666692]], [[-77.03209039876438, -12.126790006287516], [-77.03102657703292, -12.127223125786376]], [[-77.03268064486166, -12.126549471666692], [-77.03209039876438, -12.126790006287516]], [[-77.03102657703292, -12.127223125786376], [-77.02965821405908, -12.127767482385195]], [[-77.02956624170476, -12.127821803615104], [-77.02816116320776, -12.12840022429053]], [[-77.02965821405908, -12.127767482385195], [-77.02956624170476, -12.127821803615104]]]}, "geometry_name": "geometria", "properties": {"tipo": "CALLE", "codigo": 521, "observacion": "TRAMO", "nomenclatura": "Ca. Manco Capac", "clasificacion": "LOCALES", "cod_via": 521, "tipo_abreviatura": null, "nom_anterior": null}}, {"type": "Feature", "id": "wms_tg_vias.16", "geometry": {"type": "MultiLineString", "coordinates": [[[-77.03971666549657, -12.122309954852708], [-77.04025398356723, -12.122662822873204]], [[-77.03367633748987, -12.122294413932371], [-77.03398685353233, -12.122293721480476], [-77.03402184564678, -12.122293463775092], [-77.03408618220813, -12.12229261291224], [-77.03412722535877, -12.122292346936401], [-77.03416904724536, -12.12229230299847], [-77.03424093810105, -12.1222924911664], [-77.03428457791073, -12.122292353429206], [-77.03436508113965, -12.122291515796123], [-77.03445684569081, -12.122290983209968], [-77.0345257285095, -12.122290332959626], [-77.03467130582452, -12.12228961405204], [-77.03473717019597, -12.12228881147347], [-77.03483061273137, -12.122287417769597]], [[-77.03693380693853, -12.122263777317418], [-77.03701261286216, -12.12226272724666], [-77.03709745477191, -12.122261865971122], [-77.0373277554628, -12.122260191242885], [-77.03752975708488, -12.122258395381476], [-77.03789016344791, -12.122255632624999], [-77.03792973877957, -12.122255493469968], [-77.03799087998317, -12.122255888046707]], [[-77.03904041651128, -12.122253501944588], [-77.03975943557542, -12.122251601356675]], [[-77.03483061273137, -12.122287417769597], [-77.03490673879492, -12.122286275899427], [-77.03494276766995, -12.122285869471776], [-77.03522192722032, -12.12228415499105], [-77.03545238247875, -12.122281993532532], [-77.03563535595883, -12.122279501868334], [-77.03571893129379, -12.122278635855823], [-77.0358691418465, -12.122276519347416]], [[-77.0358691418465, -12.122276519347416], [-77.03603588027728, -12.122274329243503], [-77.0362704936274, -12.122272066966557], [-77.03641327581423, -12.122270021008575], [-77.03658500306435, -12.12226789604951], [-77.0367503482702, -12.122266340284314], [-77.03693380693853, -12.122263777317418]], [[-77.03799087998317, -12.122255888046707], [-77.0380520459305, -12.122256517417412], [-77.03809738408866, -12.122256519334272], [-77.03827782318784, -12.122255368640369], [-77.03837217458008, -12.122254910633579], [-77.03846799595424, -12.122254019705814], [-77.03864155871925, -12.122253300755885], [-77.03893468881944, -12.12225169126551], [-77.03896159039435, -12.122251759982044], [-77.03898410068659, -12.122252079722632], [-77.03904041651128, -12.122253501944588]]]}, "geometry_name": "geometria", "properties": {"tipo": "CALLE", "codigo": 391, "observacion": "TRAMO", "nomenclatura": "Ca. Francia", "clasificacion": "LOCALES", "cod_via": 391, "tipo_abreviatura": null, "nom_anterior": null}}, {"type": "Feature", "id": "wms_tg_vias.31", "geometry": {"type": "MultiLineString", "coordinates": [[[-77.03391151703474, -12.124399940274431], [-77.03408136222595, -12.124396990835406], [-77.03418741486145, -12.124394993118878], [-77.03428412026375, -12.124393419176965], [-77.03441225082604, -12.124390776665601], [-77.03446604178014, -12.124389836757823], [-77.03456020096031, -12.124388492904357], [-77.03470690926666, -12.124387058723302], [-77.03486984351737, -12.12438496031975]], [[-77.0358820568498, -12.124378984373987], [-77.03591099094442, -12.124380089549286], [-77.03594315889653, -12.124381045333195], [-77.03596464717431, -12.124381374609058], [-77.03599178102976, -12.124381274671014], [-77.03602635452701, -12.124380773911042], [-77.03612937511242, -12.124378908898688], [-77.03634880724165, -12.12437578803689], [-77.03646016555224, -12.124373738714464], [-77.03655316298843, -12.124372433451725], [-77.03670064064559, -12.124370008316898], [-77.03679308878695, -12.124368701588208], [-77.03685908962406, -12.124367549459095], [-77.03689054944027, -12.124367301948647], [-77.03694805016018, -12.124367450492244]], [[-77.03486984351737, -12.12438496031975], [-77.034984267196, -12.124383662738653], [-77.03521282715911, -12.124381568447257], [-77.03548301670271, -12.12437814055753], [-77.03574202060088, -12.124376046350578], [-77.03578289089914, -12.124375963015664], [-77.03581000682789, -12.124376284401178], [-77.03584272092148, -12.12437731210434], [-77.0358820568498, -12.124378984373987]], [[-77.03694805016018, -12.124367450492244], [-77.03735169127863, -12.124365578585314], [-77.03740026606407, -12.124361634248375], [-77.0374372568179, -12.124352394717727], [-77.03748466006499, -12.124331580406384]]]}, "geometry_name": "geometria", "properties": {"tipo": "CALLE", "codigo": 444, "observacion": "TRAMO", "nomenclatura": "Ca. Italia", "clasificacion": "LOCALES", "cod_via": 444, "tipo_abreviatura": null, "nom_anterior": null}}, {"type": "Feature", "id": "wms_tg_vias.32", "geometry": {"type": "MultiLineString", "coordinates": [[[-77.03489914925113, -12.126031906463842], [-77.03490492066328, -12.126347157166917]], [[-77.03487999994974, -12.124985958164483], [-77.03489914925113, -12.126031906463842]], [[-77.03486984351737, -12.12438496031975], [-77.03486944375098, -12.1244544497581], [-77.03486950374506, -12.124475682459298], [-77.03486973403825, -12.124493573438677], [-77.03487417342885, -12.124708087485793], [-77.03487750059354, -12.12487913205424], [-77.03487999994974, -12.124985958164483]], [[-77.03476745708504, -12.119074014508286], [-77.034768215874, -12.119150245103523]], [[-77.03478737571578, -12.1201852288552], [-77.03479085580257, -12.120242402571707], [-77.03479198268168, -12.120265285934828], [-77.03479254754863, -12.12028333714971], [-77.03479289009897, -12.12030792542816], [-77.03479348910226, -12.120392753301184], [-77.03479392329629, -12.120537862723989], [-77.03479442599003, -12.120580060514069], [-77.03479745191835, -12.120723557497117], [-77.03480009029352, -12.120809149478777], [-77.0348018531716, -12.120876909439984], [-77.03480462611772, -12.12096789254743], [-77.03480633367242, -12.121038167305919], [-77.03480885198596, -12.121132876871446], [-77.03481113217246, -12.121237972931045]], [[-77.034768215874, -12.119150245103523], [-77.03476876430429, -12.119205267591301], [-77.03477076411006, -12.119336282407188], [-77.03477389272157, -12.119569192327686], [-77.03477467139778, -12.119615449806302], [-77.03477635544357, -12.119698142157011], [-77.0347821125214, -12.12006682894493], [-77.03478289085938, -12.120101408327882], [-77.03478374126877, -12.120122353246268], [-77.03478551775723, -12.120155202645185], [-77.03478737571578, -12.1201852288552]], [[-77.03481113217246, -12.121237972931045], [-77.03481250380618, -12.12130343286048], [-77.03481311847861, -12.121342588513897], [-77.03481432943752, -12.121443672285949], [-77.0348151769881, -12.121553640439991], [-77.03481661558345, -12.121677476793081], [-77.03481774124543, -12.121735326660435], [-77.03481993159457, -12.121810639307034], [-77.03482064964437, -12.121844408412043], [-77.03482144602668, -12.121903408531272], [-77.03482204667252, -12.121981656664385], [-77.03482268227279, -12.122026840557027], [-77.03482476787684, -12.122117167114089], [-77.03482585358223, -12.122176649548631], [-77.03482647919245, -12.122202102496344], [-77.03482783949231, -12.122234324085763], [-77.03483061273137, -12.122287417769597]], [[-77.03485394437539, -12.123337572648158], [-77.0348600277653, -12.12349347178427], [-77.03486072319924, -12.123528249699019], [-77.03486165016199, -12.12360651802098], [-77.03486222574178, -12.123638571836672], [-77.0348630491788, -12.123664308931403], [-77.03486637896614, -12.123750086515441], [-77.03486724161209, -12.123789350604381], [-77.03486776161519, -12.123839994334261], [-77.03486815433816, -12.123927993350007], [-77.0348690879053, -12.124023601161854], [-77.0348695316771, -12.124103069669426], [-77.03487065410407, -12.12422406313318], [-77.03487076207942, -12.12430951459747], [-77.03487045703777, -12.124342928781038], [-77.03486984351737, -12.12438496031975]], [[-77.03483061273137, -12.122287417769597], [-77.03483331960021, -12.122338904970883], [-77.03483476022143, -12.122370816868028], [-77.03483558688009, -12.122396982346789], [-77.0348364166328, -12.122431308278998], [-77.03484024748556, -12.122621333654271], [-77.03484106343011, -12.122674793287286], [-77.0348422196888, -12.122788515386969], [-77.0348428264007, -12.122832308529073], [-77.0348443381931, -12.122922782094031], [-77.03484582610379, -12.122993995700956], [-77.03484927071153, -12.12318273688159], [-77.03485087749574, -12.123251940450519], [-77.03485394437539, -12.123337572648158]]]}, "geometry_name": "geometria", "properties": {"tipo": "AVENIDA", "codigo": 71, "observacion": "INTERSECCION", "nomenclatura": "Av. Grau", "clasificacion": "LOCALES", "cod_via": 71, "tipo_abreviatura": null, "nom_anterior": null}}, {"type": "Feature", "id": "wms_tg_vias.33", "geometry": {"type": "MultiLineString", "coordinates": [[[-77.02698033745082, -12.130939948651267], [-77.02613283454735, -12.131278768516466], [-77.02602996196863, -12.13131099357981]], [[-77.02757434261126, -12.130703215804306], [-77.02698033745082, -12.130939948651267]], [[-77.02829672796038, -12.13042004575796], [-77.02757434261126, -12.130703215804306]], [[-77.02900147039398, -12.130137267202253], [-77.02829672796038, -12.13042004575796]], [[-77.02974032816205, -12.129829006339142], [-77.02900147039398, -12.130137267202253]], [[-77.03283947056724, -12.128577534390542], [-77.03157949503967, -12.12907904949806]], [[-77.03342637273587, -12.128339599904859], [-77.03283947056724, -12.128577534390542]], [[-77.03401959760556, -12.128103223068043], [-77.03342637273587, -12.128339599904859]], [[-77.03461856131152, -12.127863966820435], [-77.03401959760556, -12.128103223068043]], [[-77.02983115714777, -12.129788713229598], [-77.02974032816205, -12.129829006339142]], [[-77.03157949503967, -12.12907904949806], [-77.02983115714777, -12.129788713229598]]]}, "geometry_name": "geometria", "properties": {"tipo": "CALLE", "codigo": 471, "observacion": "TRAMO", "nomenclatura": "Ca. Juan Fanning", "clasificacion": "LOCALES", "cod_via": 471, "tipo_abreviatura": null, "nom_anterior": null}}, {"type": "Feature", "id": "wms_tg_vias.34", "geometry": {"type": "MultiLineString", "coordinates": [[[-77.03352716036824, -12.119002680815859], [-77.03352429193737, -12.118543278985229], [-77.03352223391916, -12.118253046921605], [-77.03352121689187, -12.11806361527485], [-77.03352117069556, -12.117973244732953]], [[-77.03352117069556, -12.117973244732953], [-77.03352111193217, -12.117700541816115], [-77.03352036698887, -12.117029719094928], [-77.03351991600307, -12.116989943088466], [-77.03351937565878, -12.116967594064846], [-77.03351837097507, -12.116936326051198]], [[-77.03351837097507, -12.116936326051198], [-77.03351712791962, -12.116903417566121], [-77.0335160371525, -12.116868544892304], [-77.0335155837018, -12.11684093325924], [-77.03351552078361, -12.116809949364633], [-77.03351741653412, -12.116336272120938], [-77.03351864756382, -12.11606538360184], [-77.03351917328291, -12.115904134011405]], [[-77.03350406430651, -12.115041471140158], [-77.03350533134221, -12.11486190675157]], [[-77.03348236172087, -12.113921725754382], [-77.0334702801057, -12.11385816633766]], [[-77.0334702801057, -12.11385816633766], [-77.03343106391347, -12.113227861240505]], [[-77.03350533134221, -12.11486190675157], [-77.03349452187433, -12.114562458479298]], [[-77.03349452187433, -12.114562458479298], [-77.03348236172087, -12.113921725754382]], [[-77.03351917328291, -12.115904134011405], [-77.03351666980379, -12.115731476169305]], [[-77.03351666980379, -12.115731476169305], [-77.03316744284702, -12.115379933802371], [-77.03350406430651, -12.115041471140158]], [[-77.03351666980379, -12.115731476169305], [-77.03384876977341, -12.11537450372283], [-77.03350406430651, -12.115041471140158]], [[-77.03340421519536, -12.112772469874194], [-77.03339591521399, -12.11264184632757], [-77.03339201610757, -12.112571093141968], [-77.0333878417438, -12.11251444952215]], [[-77.0335389597004, -12.109575077900052], [-77.03362494379368, -12.10909685886122], [-77.03364342448565, -12.108985281076844]], [[-77.0339526747866, -12.107140255082642], [-77.03421580911207, -12.106894306917285]], [[-77.03377113073968, -12.108214234030559], [-77.0339526747866, -12.107140255082642]], [[-77.03364342448565, -12.108985281076844], [-77.03370339593675, -12.10862319329308]], [[-77.03370339593675, -12.10862319329308], [-77.03377113073968, -12.108214234030559]], [[-77.03336350177574, -12.112017695895444], [-77.03334646737343, -12.111670033386138]], [[-77.0333878417438, -12.11251444952215], [-77.03336350177574, -12.112017695895444]], [[-77.03336350177574, -12.112017695895444], [-77.03314093116349, -12.111790562556644], [-77.03302410072169, -12.111665039280645]], [[-77.03334646737343, -12.111670033386138], [-77.03332742559813, -12.111281396947017]], [[-77.03343106391347, -12.113227861240505], [-77.03341611879551, -12.112972055610618]], [[-77.03341611879551, -12.112972055610618], [-77.03340421519536, -12.112772469874194]]]}, "geometry_name": "geometria", "properties": {"tipo": "CALLE", "codigo": 407, "observacion": "TRAMO", "nomenclatura": "Ca. General Borgo\u00f1o", "clasificacion": "LOCALES", "cod_via": 407, "tipo_abreviatura": null, "nom_anterior": null}}, {"type": "Feature", "id": "wms_tg_vias.38", "geometry": {"type": "MultiLineString", "coordinates": [[[-77.0333303221518, -12.122359963446645], [-77.03338362048068, -12.122314301579648], [-77.03367910507484, -12.122058810670424]], [[-77.0322192693032, -12.123312956643824], [-77.03232606871367, -12.123221138254275], [-77.03246633398112, -12.12309926137883], [-77.0325552110377, -12.123023049369943], [-77.03260656565834, -12.122978666297609], [-77.03271588339923, -12.12288467283954], [-77.03273329731198, -12.122869873595153], [-77.03275070411941, -12.12285534915978], [-77.03277427961004, -12.122836338164065]], [[-77.03277427961004, -12.122836338164065], [-77.03279792643433, -12.122817407986291], [-77.03282524707107, -12.122794934142], [-77.03284906154211, -12.122774976908824], [-77.03288355923792, -12.1227456953535], [-77.03290420297104, -12.122727914245734], [-77.03298659126887, -12.122656285039303], [-77.0330910958703, -12.122566547561537], [-77.03316535405648, -12.12250251300454], [-77.03327190173087, -12.122409924338191], [-77.03330268885642, -12.122383468155633], [-77.0333303221518, -12.122359963446645]]]}, "geometry_name": "geometria", "properties": {"tipo": "CALLE", "codigo": 430, "observacion": "TRAMO", "nomenclatura": "Ca. Henry Revett", "clasificacion": "LOCALES", "cod_via": 430, "tipo_abreviatura": null, "nom_anterior": null}}, {"type": "Feature", "id": "wms_tg_vias.40", "geometry": {"type": "MultiLineString", "coordinates": [[[-77.03042980150427, -12.12270512872923], [-77.03073563104864, -12.124228999007792]]]}, "geometry_name": "geometria", "properties": {"tipo": "PASAJE", "codigo": 712, "observacion": "TRAMO", "nomenclatura": "Psje. Los Pinos", "clasificacion": "LOCALES", "cod_via": 712, "tipo_abreviatura": null, "nom_anterior": null}}, {"type": "Feature", "id": "wms_tg_vias.45", "geometry": {"type": "MultiLineString", "coordinates": [[[-77.02938362387921, -12.121497453125361], [-77.0294272620834, -12.12157605612403], [-77.0297548682292, -12.122168431052605]]]}, "geometry_name": "geometria", "properties": {"tipo": "PARQUE", "codigo": 915, "observacion": "TRAMO", "nomenclatura": "Pq. Barrenechea", "clasificacion": "LOCALES", "cod_via": 915, "tipo_abreviatura": null, "nom_anterior": null}}, {"type": "Feature", "id": "wms_tg_vias.49", "geometry": {"type": "MultiLineString", "coordinates": [[[-77.03144181262887, -12.122445305969453], [-77.03184923791989, -12.122899998220397]], [[-77.03081636161825, -12.121736936755816], [-77.03105621238309, -12.122076049121526], [-77.03138546611179, -12.12249616235723]], [[-77.03027947395945, -12.121017749050296], [-77.03035122299696, -12.121113344566583], [-77.030407745905, -12.121189733564107], [-77.03052110261906, -12.121342314008148], [-77.03065295918746, -12.121520650280813], [-77.0307403674458, -12.121638256182354], [-77.03076112542317, -12.121665785066147], [-77.03077338669512, -12.121681587815315], [-77.03080117798608, -12.12171692830475], [-77.03081066354008, -12.121729210263815], [-77.03081636161825, -12.121736936755816]], [[-77.02930196355149, -12.11919932339868], [-77.0292913224138, -12.119297481487337], [-77.02927296001144, -12.11940227587556], [-77.02924271821419, -12.119499210439107], [-77.02920915706211, -12.119559296607525], [-77.02929842208758, -12.11968013673107]], [[-77.02929842208758, -12.11968013673107], [-77.02968934017207, -12.120209272772913]], [[-77.03014933861401, -12.120832173048855], [-77.03026541698974, -12.120999020232967], [-77.03027947395945, -12.121017749050296]], [[-77.02968934017207, -12.120209272772913], [-77.02973245976187, -12.120269362285278], [-77.02975918331262, -12.120306019460905], [-77.02987125500016, -12.120456997305478], [-77.02998137950121, -12.120606747509115], [-77.03002094904917, -12.12066025610341], [-77.03008172395204, -12.120742048667267], [-77.03014933861401, -12.120832173048855]]]}, "geometry_name": "geometria", "properties": {"tipo": "AVENIDA", "codigo": 136, "observacion": "TRAMO", "nomenclatura": "Av. Mcal. Oscar R. Benavides", "clasificacion": "COLECTORAS", "cod_via": 136, "tipo_abreviatura": null, "nom_anterior": null}}, {"type": "Feature", "id": "wms_tg_vias.50", "geometry": {"type": "MultiLineString", "coordinates": [[[-77.02888335530734, -12.136435998867565], [-77.02845789350867, -12.137524082239128], [-77.02841860077629, -12.13762487365196], [-77.02838527365654, -12.13772772466694], [-77.02835802282249, -12.137832293758697], [-77.02833693877034, -12.137938233696394], [-77.02832209151917, -12.13804519269661], [-77.02829408894975, -12.138359261181598], [-77.02825779899457, -12.139178430236443], [-77.02824738108687, -12.139426307702118], [-77.02823977062457, -12.13954473452443], [-77.02823619868995, -12.139588229426977]], [[-77.02866541025955, -12.136363362459592], [-77.02844458941836, -12.13705066566854], [-77.0282353805239, -12.137666772008949], [-77.02800206796304, -12.138309359386767], [-77.02796302380088, -12.138413758452824], [-77.02792971471598, -12.138520064127995], [-77.0279022362105, -12.1386279716411], [-77.02788066707105, -12.138737171628021], [-77.02786506914259, -12.138847351018807], [-77.02785548715106, -12.13895819393517], [-77.02785194857523, -12.13906938259624], [-77.02785446356741, -12.139180598229423]], [[-77.02866541025955, -12.136363362459592], [-77.02838387010225, -12.137055893521525], [-77.02797574435826, -12.13815004876721], [-77.02795617114622, -12.138203388060491], [-77.02793049890722, -12.13825416127468], [-77.02789906768253, -12.13830169588681]], [[-77.02866541025955, -12.136363362459592], [-77.02867858713793, -12.136347864703144], [-77.02869425913542, -12.136334807466376], [-77.02871196626143, -12.136324573993154], [-77.02873118879266, -12.136317464646938], [-77.02875136252688, -12.136313688094544], [-77.02877189534358, -12.136313355181702], [-77.02879218458246, -12.136316475679621], [-77.02881163473279, -12.136322957998217], [-77.02882967491178, -12.136332611874355], [-77.02884577562081, -12.136345153956492], [-77.02885946428653, -12.136360216120865], [-77.02887033913157, -12.136377356276748], [-77.02887808096683, -12.13639607134189], [-77.02888246256055, -12.136415812008886], [-77.02888335530734, -12.136435998867565]], [[-77.02897806283596, -12.1361456094458], [-77.0289138723245, -12.136357954512517], [-77.02888335530734, -12.136435998867565]], [[-77.03383192615765, -12.130985985047522], [-77.03382120440612, -12.131003162663442], [-77.03381349465849, -12.131021839398466], [-77.0338090061978, -12.131041508270172], [-77.03380786086448, -12.131061635364395], [-77.03381008974964, -12.131081674328298], [-77.03381563235045, -12.131101081201322], [-77.03382433821304, -12.131119329180835], [-77.03383597101572, -12.131135922922633], [-77.03385021498475, -12.131150411986841], [-77.03386668346548, -12.131162403065533], [-77.0338849294185, -12.131171570658838], [-77.03390445755419, -12.131177665911032], [-77.03392473777801, -12.1311805233654], [-77.03394521957976, -12.13118006545614]], [[-77.03383192615765, -12.130985985047522], [-77.0335785948914, -12.131081588997098]], [[-77.03732175532951, -12.126860976127604], [-77.03730565791714, -12.126880275064446], [-77.03723794558711, -12.126988382801178], [-77.03706801836668, -12.127269417117441], [-77.03673095833675, -12.12781568187637], [-77.03640509325704, -12.128300168506026], [-77.03612307922278, -12.128798681435276], [-77.0357905745898, -12.129369304025861], [-77.03563345199477, -12.129608634329996], [-77.03544010435856, -12.129878361883087], [-77.03530872493491, -12.130051503339299], [-77.03516989206037, -12.130203177173232], [-77.03508016579438, -12.130292793604223], [-77.03497444360713, -12.130388266709465], [-77.03484683961409, -12.13048246620025], [-77.03471328342941, -12.130560926190851], [-77.03434729195487, -12.130754442580196], [-77.03414102595863, -12.130859262665512], [-77.03390846066593, -12.130957102230363], [-77.03383192615765, -12.130985985047522]], [[-77.02878734368885, -12.136075486810611], [-77.02878554397923, -12.136092130232816], [-77.02878654530629, -12.136108838571635], [-77.02879032050467, -12.136125158530287], [-77.02879676715372, -12.13614064734859], [-77.02880571035642, -12.13615488481533], [-77.02881690748409, -12.136167484668114], [-77.028830054759, -12.136178105073103], [-77.02884479549596, -12.136186457898924], [-77.02886072977876, -12.136192316533464], [-77.0288774253105, -12.136195522032057], [-77.02889442914152, -12.136195987429605], [-77.02891127995773, -12.136193700099948], [-77.02892752059658, -12.136188722098387], [-77.02894271044994, -12.136181188478268], [-77.02895643741715, -12.13617130362666], [-77.028968329086, -12.136159335719437], [-77.02897806283596, -12.1361456094458]], [[-77.03363909074987, -12.131290556086539], [-77.03349359703726, -12.13131425890322], [-77.03334923621038, -12.131343919614032], [-77.03320626014126, -12.131379486470237], [-77.03306491828668, -12.131420897418616], [-77.03292545725223, -12.131468080209238], [-77.03278812036271, -12.131520952521804], [-77.03265314723721, -12.13157942210923], [-77.03261843637084, -12.13159501357495], [-77.03212905750222, -12.131862608021496], [-77.03172125591125, -12.132119559269967], [-77.03146895887541, -12.13230793352444], [-77.03129900291661, -12.132447537026156], [-77.03113379187289, -12.132592550518172], [-77.0309735035354, -12.13274281795458], [-77.03081831039873, -12.132898177635258], [-77.03066837947556, -12.13305846238006], [-77.03052387211673, -12.13322349970846], [-77.03038494383787, -12.133393112025203], [-77.03025174415187, -12.133567116811603], [-77.03012441640774, -12.133745326821629], [-77.03000309763667, -12.133927550283506], [-77.02984587406705, -12.13419774261268], [-77.02969484754267, -12.134471336090757], [-77.02955009403657, -12.134748193126674], [-77.02941168636752, -12.135028174487406], [-77.02927969416359, -12.135311139368271], [-77.02915418382726, -12.135596945463544], [-77.02911845836543, -12.135690974510968], [-77.02908624262768, -12.135786223263176], [-77.02905757950035, -12.135882564934619], [-77.02897806283596, -12.1361456094458]], [[-77.02878734368885, -12.136075486810611], [-77.02866541025955, -12.136363362459592]], [[-77.0335785948914, -12.131081588997098], [-77.03351296882352, -12.131106355238856], [-77.03317274257454, -12.131236550173366], [-77.0327905470859, -12.131408661381142], [-77.0323896998274, -12.131621084177029], [-77.03184230112404, -12.131929277302886], [-77.03157242112383, -12.132106303149525], [-77.03138836165944, -12.132255437722813], [-77.03121226264973, -12.132402598301399], [-77.03104095780955, -12.132555139438972], [-77.03087461687178, -12.132712910004155], [-77.03071340465242, -12.132875753684116], [-77.03055748088681, -12.133043509139362], [-77.03040700007145, -12.133216010163538], [-77.0302621113114, -12.1333930858478], [-77.03012295817165, -12.1335745607507], [-77.02998967853567, -12.133760255071435], [-77.02985097330365, -12.133998771645132], [-77.02971681785831, -12.134239794758901], [-77.0295872589794, -12.134483240392845], [-77.02946234184456, -12.13472902368268], [-77.02918221729972, -12.135287062349105], [-77.02904203200488, -12.135549940498322], [-77.0288086707556, -12.136025134750279], [-77.02878734368885, -12.136075486810611]], [[-77.03394521957976, -12.13118006545614], [-77.03388860976037, -12.131212990241146], [-77.03382918960749, -12.131240709043105], [-77.0337674522904, -12.131262991803494], [-77.03370391021085, -12.1312796535808], [-77.03363909074987, -12.131290556086539]], [[-77.0335785948914, -12.131081588997098], [-77.03359715578803, -12.131078768918812], [-77.03361593395044, -12.131079082563296], [-77.03363438688116, -12.13108252086923], [-77.03365198147836, -12.131088984504402], [-77.03366820943751, -12.131098286735718], [-77.03368260193562, -12.13111015882318], [-77.03369474317601, -12.131124257784336], [-77.03370428239994, -12.131140176302804], [-77.03371094402061, -12.131157454495167], [-77.0337145355843, -12.13117559319745], [-77.03371495333072, -12.131194068385641], [-77.03371218519068, -12.131212346314392], [-77.03370631113462, -12.131229898937137], [-77.03369750086246, -12.131246219161198], [-77.03368600890134, -12.13126083549767], [-77.0336721672518, -12.131273325682407], [-77.03365637579705, -12.131283328875725], [-77.03363909074987, -12.131290556086539]], [[-77.0501495759332, -12.115173784070606], [-77.05016278538962, -12.115160706815589], [-77.0501780791379, -12.115150053726286], [-77.0501950035865, -12.115142140758682], [-77.05021305677938, -12.115137202600126], [-77.05023170328364, -12.11513538570976], [-77.05025039007008, -12.115136743973766], [-77.05026856291424, -12.115141237107805], [-77.05028568283501, -12.115148731851693], [-77.0503012420791, -12.115159005921646], [-77.05031477918072, -12.115171754602876], [-77.05032589264795, -12.115186599787085], [-77.05033425287014, -12.115203101186385], [-77.0503396118943, -12.115220769392126], [-77.05034181077832, -12.1152390803893], [-77.05034222765697, -12.115291654266658], [-77.05033621397749, -12.115343895654872]], [[-77.0501495759332, -12.115173784070606], [-77.05012836012372, -12.115205500361308], [-77.05011015070077, -12.115238977135292], [-77.0500950973457, -12.115273939216166]], [[-77.05246051781236, -12.111946846617844], [-77.05244716886351, -12.111965050597712], [-77.05243684646992, -12.11198506955841], [-77.05242979979654, -12.112006420278039], [-77.05242619893826, -12.112028587388398], [-77.05242613081417, -12.112051035814968], [-77.05242959706979, -12.112073223692523], [-77.05243651403639, -12.112094615445033], [-77.05244671475157, -12.112114694713258], [-77.05246383492762, -12.112127316475753], [-77.05248284214922, -12.112136975349927], [-77.05250321196428, -12.112143404825702], [-77.05252438232351, -12.112146427499475], [-77.05254576908905, -12.112145959969034], [-77.05256678215149, -12.11214201513466], [-77.05258684171307, -12.112134701843386], [-77.05345503222787, -12.111545546409197], [-77.05367355153196, -12.111425559099166], [-77.05380362883152, -12.111370792018096], [-77.0539555696062, -12.111315145378974], [-77.05409524354272, -12.111276089238947], [-77.05421389389448, -12.111258757862185], [-77.054330384789, -12.111238765380484], [-77.0546167687545, -12.111192726964493]], [[-77.05395003107819, -12.110638506448073], [-77.05335801535594, -12.111109015088795], [-77.05271384267768, -12.111718782838366], [-77.05246051781236, -12.111946846617844]], [[-77.05529766536083, -12.110836627109075], [-77.05516817840785, -12.110949500993561], [-77.05502700149474, -12.11104619850424], [-77.05489912513202, -12.111102624531291], [-77.05474403276207, -12.111159251203132], [-77.0546167687545, -12.111192726964493]], [[-77.05523437852669, -12.109851183145485], [-77.0551682832901, -12.109978571386335], [-77.05512524624085, -12.110041247933141], [-77.05507665785483, -12.110099863694103], [-77.0550229115612, -12.11015394404146], [-77.05496444255452, -12.110203051071583], [-77.05490172427184, -12.110246787150816], [-77.05483526455822, -12.110284798135229], [-77.05476560155515, -12.110316776238408], [-77.0546932993426, -12.11034246252348], [-77.05461894337206, -12.11036164900042], [-77.05454313572515, -12.110374180309691], [-77.05444704271788, -12.110395611798415], [-77.05435273217078, -12.110423682325678], [-77.05426067713148, -12.110458251095404], [-77.05417133933474, -12.110499144717144], [-77.05408516688703, -12.110546158075607], [-77.05395003107819, -12.110638506448073]], [[-77.05020209686032, -12.114922610314746], [-77.05020185518106, -12.114953795852596], [-77.05020390821265, -12.114981094844138], [-77.05020802589983, -12.11500144814386], [-77.05021412062119, -12.115014765938593], [-77.05022432428673, -12.115028719658191], [-77.05023669350068, -12.115040859375334], [-77.05025090046803, -12.115050863376453], [-77.05026656869134, -12.115058466546678], [-77.05028328294844, -12.115063467395053], [-77.05030060029652, -12.115065733394692], [-77.05031806180992, -12.115065204494606], [-77.05033520474262, -12.115061894711161], [-77.05035157479155, -12.115055891756766], [-77.05036673813552, -12.115047354715236], [-77.05039318725218, -12.115024401243499], [-77.05041594057224, -12.114997888202664], [-77.05043450880133, -12.114968385738722]], [[-77.05043450880133, -12.114968385738722], [-77.05040608339563, -12.115094629826254], [-77.05037330578361, -12.115219848211726], [-77.05033621397749, -12.115343895654872]], [[-77.05020209686032, -12.114922610314746], [-77.0500950973457, -12.115273939216166]], [[-77.05246051781236, -12.111946846617844], [-77.05188360196087, -12.112466230701324], [-77.05157472164103, -12.112750689803066], [-77.05137674375896, -12.112919545000022], [-77.05117163872896, -12.113109975879953], [-77.05098115063123, -12.113305080561803], [-77.05082961446331, -12.113509462033669], [-77.0506760505777, -12.113766467720351], [-77.05054179777397, -12.11400659040345], [-77.05041457843296, -12.11427679283195], [-77.05020209686032, -12.114922610314746]], [[-77.0546167687545, -12.111192726964493], [-77.05458687992042, -12.111200589052542], [-77.0543676223262, -12.11125577834949], [-77.05416971946192, -12.111306983571223], [-77.0539349980732, -12.11137376439825], [-77.05377022876128, -12.111436202254598], [-77.05364046701987, -12.111500293283077], [-77.05351853800506, -12.111571978733226], [-77.0532168454223, -12.111778907926347], [-77.0522324543889, -12.112451931998958], [-77.05183021388078, -12.11273038675681], [-77.05155563058335, -12.112923722381078], [-77.05134515497144, -12.11311084452001], [-77.0511871370802, -12.113293752800748], [-77.05099452190404, -12.11352856811165], [-77.05087339554957, -12.113705464330561], [-77.05074675849455, -12.113924488502374], [-77.0506283201694, -12.114198929953636], [-77.05052039094366, -12.114576597982495], [-77.05043450880133, -12.114968385738722]], [[-77.0451591815392, -12.12034692083696], [-77.04514554211335, -12.120385997933996], [-77.0451190174375, -12.120477063703145], [-77.0450471268582, -12.120737768908084], [-77.0450449189806, -12.120746230324535]], [[-77.04540876428965, -12.120425177845279], [-77.04537453662516, -12.120487116700183], [-77.04535185287219, -12.120521617709512], [-77.04533969061742, -12.12053568929279], [-77.04532527431817, -12.120547521502731], [-77.04530902367098, -12.120556769872362], [-77.04529141177521, -12.120563165156973], [-77.04527295135992, -12.120566521172558], [-77.04525417985687, -12.120566740216672], [-77.04523564375465, -12.12056381591206], [-77.04521788268869, -12.120557833393027], [-77.04520141373085, -12.120548966826563], [-77.04518671633618, -12.120537474341923], [-77.04517421838501, -12.12052369051583], [-77.04516428372558, -12.120508016632213], [-77.04515720158162, -12.120490908999226], [-77.04515317813274, -12.120472865665498], [-77.04514929872298, -12.120442046618761], [-77.04515138731087, -12.120390206293186], [-77.0451591815392, -12.12034692083696]], [[-77.05033621397749, -12.115343895654872], [-77.05018657029188, -12.11570477943549], [-77.04996175069633, -12.116241616691719], [-77.04985827562284, -12.116438947293895], [-77.0497963808779, -12.116544143519103], [-77.04966645351237, -12.11671440922016], [-77.04951177238738, -12.116889161754074], [-77.04935836334626, -12.117039513070969], [-77.04904266441923, -12.117323064666005], [-77.04890501870427, -12.117437429281422], [-77.04883107613696, -12.117492497454169], [-77.04869757480424, -12.117576702275866], [-77.04850738588442, -12.117684281520388], [-77.04822550708325, -12.117814060247165], [-77.04788259870037, -12.117971549967786], [-77.04759927168455, -12.11810277317648], [-77.04728703583041, -12.118267210105008], [-77.04705036446313, -12.118398088305563], [-77.04683567195153, -12.118543152818354], [-77.04655007301244, -12.118759044649984], [-77.04634868841985, -12.118928401518124], [-77.04610111733528, -12.119159794479335], [-77.04592034121022, -12.119354825147925], [-77.045723953537, -12.11960592802731], [-77.04561168142652, -12.119797583455762], [-77.04552845022062, -12.119973241472545], [-77.045462922917, -12.120176030220776], [-77.04540876428965, -12.120425177845279]], [[-77.0500950973457, -12.115273939216166], [-77.05002576940839, -12.115541984635103], [-77.04996207616132, -12.115793542855215], [-77.0499365990217, -12.11589416596127], [-77.04990718945716, -12.115989079009129], [-77.04988160275569, -12.116075355101623], [-77.04983683959826, -12.116196208636826], [-77.04980430952492, -12.116264361544195], [-77.04975448886368, -12.116359426379123], [-77.04965169686214, -12.116518968525028], [-77.04958248693559, -12.116620872020277], [-77.0493773849824, -12.116875866903303], [-77.04917768485306, -12.117074386675226], [-77.04898941393284, -12.117242212879008], [-77.0487767636563, -12.117399697998605], [-77.04856199272466, -12.117534242127936], [-77.04826767812801, -12.117690416969234], [-77.04803326288192, -12.117798322656714], [-77.04761676682017, -12.11799366003088], [-77.04736208475222, -12.118120845668017], [-77.04714236454747, -12.118243947161238], [-77.04698949470033, -12.11833785833553], [-77.04679897171592, -12.118465526944279], [-77.04652239162567, -12.118653134567952], [-77.04632039363071, -12.11880575662612], [-77.0462228255803, -12.118885867629192], [-77.04611757679639, -12.118978471606589], [-77.04598435804509, -12.11909997678304], [-77.04586482689834, -12.119231902960351], [-77.04568847971358, -12.119434074300099], [-77.04558355032559, -12.119568762215707], [-77.0454882614014, -12.11969285781273], [-77.04539991465268, -12.119835074912984], [-77.0453078039817, -12.11999358187973], [-77.04525415074572, -12.120096325196055], [-77.04519976628109, -12.12023064009403], [-77.0451591815392, -12.12034692083696]], [[-77.03764823798564, -12.126527016793894], [-77.03745470188538, -12.126712634771073], [-77.03736345749324, -12.126810980038417], [-77.03732175532951, -12.126860976127604]], [[-77.04529246533131, -12.120826714915461], [-77.0451577925439, -12.1211243508985], [-77.04503989606128, -12.12134330911869], [-77.04487498712199, -12.12159806670598], [-77.04471963283491, -12.121780952086677], [-77.04451689300024, -12.121964187863405], [-77.04389493136992, -12.122464973634138], [-77.04358316500671, -12.122692055611063], [-77.04344406506408, -12.122775582183234], [-77.04333394278413, -12.122834981330803], [-77.04312686399186, -12.122927378174005], [-77.04278763673048, -12.123059009677617], [-77.04262657422639, -12.123130740473089], [-77.04241713746897, -12.123232719185753], [-77.04225137808345, -12.12332600667923], [-77.04205304896146, -12.123450621310086], [-77.04178955394256, -12.123634303219617], [-77.04157072297672, -12.123779394265148], [-77.04148607077236, -12.123832626497556], [-77.0413638882752, -12.123904071159325], [-77.04117388214897, -12.124004710224554], [-77.04104193399428, -12.12407024803581], [-77.04081790619328, -12.124171137470643], [-77.04068466906335, -12.124227118765825], [-77.04051620625197, -12.124284555124483], [-77.04034298198223, -12.124355179514202], [-77.04019652563534, -12.124430388763042], [-77.04002729194755, -12.124546417853798], [-77.03972046174579, -12.12478422158069], [-77.0394934508202, -12.124972416104908], [-77.0392376965011, -12.125215821262275], [-77.03907372217964, -12.125384420779215], [-77.03883762622291, -12.125656377725443], [-77.03869684594653, -12.125839153426453], [-77.03844802877084, -12.126196095467588], [-77.03828340146973, -12.126438830491553], [-77.03805625392476, -12.126769308562436], [-77.03788270669001, -12.127022379908837], [-77.0377512102399, -12.127179739807067], [-77.03668865901885, -12.12858217361507], [-77.03562116895321, -12.129911467229809], [-77.0354490068373, -12.130090646718363], [-77.03534907365722, -12.130180338223118], [-77.03517377725555, -12.130330844760927], [-77.0349983391223, -12.130462700397501], [-77.03489972266858, -12.130533730246654], [-77.03469082488364, -12.130675874650139], [-77.0343717097968, -12.13089774260366], [-77.03405980889029, -12.131109514179432], [-77.03394521957976, -12.13118006545614]], [[-77.0450449189806, -12.120746230324535], [-77.04497534457737, -12.121012821171663], [-77.04493643988044, -12.12113745691468], [-77.04489640855792, -12.121242013061327], [-77.04485347665627, -12.121348504858334], [-77.0447725691164, -12.121504245720198], [-77.04466441883253, -12.121662870026773], [-77.04457049350269, -12.121774758599113], [-77.04442698026232, -12.1219169052881], [-77.0443255728672, -12.122003740459224], [-77.0441879163225, -12.122117148132332], [-77.04398139301273, -12.122282476454183], [-77.0437314388822, -12.122488777066076], [-77.0435731168135, -12.122601140261448], [-77.0433990528369, -12.122720793838466], [-77.0432707239927, -12.122782718659064], [-77.0429606586918, -12.122914135334385], [-77.04277769798641, -12.12298244133066], [-77.04249186879915, -12.123105309687137], [-77.0423236337963, -12.123192636794458], [-77.04211678174661, -12.123314922797158], [-77.04184000254416, -12.123509463303728], [-77.04164298823997, -12.123647220153474], [-77.04150026902894, -12.123734358868948], [-77.04127041173165, -12.123867574519377], [-77.04108522057273, -12.123962200298509], [-77.04094843922518, -12.124031359958286], [-77.0406831538658, -12.124139727539832], [-77.04054142182753, -12.12419696705779], [-77.04044329386042, -12.12423595035698], [-77.04029551339482, -12.124296821499732], [-77.04015393571207, -12.124374386269565], [-77.03996535197017, -12.124502515114521], [-77.0397877949936, -12.124642518216564], [-77.0394616506715, -12.124897203247086], [-77.03923341523728, -12.125084210877557], [-77.03895094786569, -12.125330203880788], [-77.03843816741275, -12.125809850024913], [-77.03808216171899, -12.126132906766728], [-77.03766701710046, -12.126509005927993], [-77.03764823798564, -12.126527016793894]], [[-77.0450449189806, -12.120746230324535], [-77.04507957236774, -12.120697959264488], [-77.0451036465349, -12.120668128802839], [-77.04511524513674, -12.120659434513222], [-77.04513004113029, -12.12064916782926], [-77.04514639373708, -12.120641522111656], [-77.04516382813286, -12.120636719365942], [-77.0451818380821, -12.120634899047463], [-77.04519990063733, -12.120636114011935], [-77.04521749132343, -12.120640328980878], [-77.0452340993669, -12.120647421565796], [-77.04524924252671, -12.120657185822106], [-77.04526248109687, -12.120669338229103], [-77.04527343067427, -12.120683525922026], [-77.04528177332014, -12.120699336938749], [-77.04528977570627, -12.120728929827957], [-77.04529391949508, -12.120762377885892], [-77.04529418189335, -12.120796810805913], [-77.04529246533131, -12.120826714915461]], [[-77.04540876428965, -12.120425177845279], [-77.04539360247271, -12.120494924953414], [-77.04534865384294, -12.12067397352331], [-77.04529246533131, -12.120826714915461]]]}, "geometry_name": "geometria", "properties": {"tipo": "CIRCUITO", "codigo": 10, "observacion": "VIA EXPRESA", "nomenclatura": "Circuito De Playas Costa Verde", "clasificacion": "METROPOLITANA", "cod_via": 10, "tipo_abreviatura": null, "nom_anterior": null}}, {"type": "Feature", "id": "wms_tg_vias.56", "geometry": {"type": "MultiLineString", "coordinates": [[[-77.02409196688365, -12.12758753225773], [-77.0238980753177, -12.12753753629283], [-77.02379503756313, -12.127510121674732], [-77.02376063749803, -12.127501192033183], [-77.023708072427, -12.127488336956604]], [[-77.02322510670217, -12.127370372963389], [-77.02234421320786, -12.127143080195758]], [[-77.02022921522311, -12.126827200116765], [-77.01893966677885, -12.126797486556649]], [[-77.02234421320786, -12.127143080195758], [-77.02150525087336, -12.126922772230193], [-77.02137125760719, -12.126887717505046]], [[-77.02137125760719, -12.126887717505046], [-77.02129953640478, -12.126854324236893], [-77.02032089247692, -12.126829525959867], [-77.02022921522311, -12.126827200116765]]]}, "geometry_name": "geometria", "properties": {"tipo": "AVENIDA", "codigo": 187, "observacion": "TRAMO", "nomenclatura": "Av. 15 De Enero", "clasificacion": "LOCALES", "cod_via": 187, "tipo_abreviatura": null, "nom_anterior": null}}, {"type": "Feature", "id": "wms_tg_vias.60", "geometry": {"type": "MultiLineString", "coordinates": [[[-77.02495971794683, -12.135030191529282], [-77.0249563924158, -12.135051784617646], [-77.02495583341468, -12.135073617299449], [-77.02495804969594, -12.135095347762089]], [[-77.0253342286672, -12.133737345478375], [-77.0249820365589, -12.134953779138359], [-77.02495971794683, -12.135030191529282]], [[-77.02540860696729, -12.133477858565684], [-77.02537737675355, -12.133588796666729], [-77.0253342286672, -12.133737345478375]], [[-77.02598355438795, -12.131473626840346], [-77.02594953634372, -12.131592899502376], [-77.02591178401437, -12.131724277111136], [-77.02587043401243, -12.131870402315293], [-77.02582395628015, -12.13203203647045], [-77.02578493616518, -12.132169965137582], [-77.02575375473033, -12.132278697586901], [-77.02574232742779, -12.132319828672719], [-77.02571736065107, -12.13241273240482]], [[-77.02602996196863, -12.13131099357981], [-77.02598355438795, -12.131473626840346]], [[-77.02649004733053, -12.129707770745009], [-77.02642537325909, -12.129936895466217]], [[-77.02668982304269, -12.12900001601621], [-77.02649004733053, -12.129707770745009]], [[-77.02615361182016, -12.130878924967913], [-77.02602996196863, -12.13131099357981]], [[-77.02642537325909, -12.129936895466217], [-77.02615361182016, -12.130878924967913]], [[-77.02563812811708, -12.132692987364678], [-77.02560264262273, -12.132810152221401], [-77.02558805951325, -12.132859718162727], [-77.025574020104, -12.132908909564442], [-77.02553834983797, -12.13303542298963], [-77.02550072669841, -12.133166553810103], [-77.02546871393807, -12.133279437215647], [-77.0254402186064, -12.133378625648538], [-77.02543352393914, -12.133401079197789], [-77.02542733800239, -12.133420717268544], [-77.02540860696729, -12.133477858565684]], [[-77.02571736065107, -12.13241273240482], [-77.02570222592105, -12.132468915569953], [-77.02569328657015, -12.13250087917426], [-77.02565512903412, -12.132634574403973], [-77.02563812811708, -12.132692987364678]], [[-77.02693873015583, -12.125858897473753], [-77.02694027366883, -12.125888978574887], [-77.02694175501875, -12.125922502747377], [-77.02694411307914, -12.125988909290175], [-77.02694802569368, -12.126085762895602], [-77.02695175921002, -12.126199879698989], [-77.0269562831409, -12.12631381628317], [-77.02695991855684, -12.126430020701324], [-77.02696768066879, -12.126665568490615], [-77.02696982141285, -12.126739677088523], [-77.02697295756464, -12.12686273784991], [-77.02697414643345, -12.126915048064243], [-77.02697525124715, -12.12694711714032], [-77.0269768764242, -12.126985570545985]], [[-77.02690790115234, -12.124948424754736], [-77.02693873015583, -12.125858897473753]], [[-77.02681635627158, -12.122261764059566], [-77.02685334349162, -12.123336871849856]], [[-77.0267902887817, -12.121433010445559], [-77.02679106029665, -12.121468764105433], [-77.02679227113788, -12.121513433364408], [-77.02681235772194, -12.122170757797845], [-77.0268142478835, -12.122221089887429], [-77.02681635627158, -12.122261764059566]], [[-77.02672251608786, -12.119134880866245], [-77.02672422067866, -12.119193619776853]], [[-77.02674228188928, -12.119922992955477], [-77.02674203678654, -12.11993541854167], [-77.02674194071695, -12.119953714198397], [-77.02674239237926, -12.119991877956005], [-77.02674821160372, -12.120232186928073], [-77.02675095343398, -12.120325010925022], [-77.02675172755026, -12.120345665493685], [-77.02675349636736, -12.120378478997038], [-77.02675490357412, -12.120396732932246], [-77.02675610479548, -12.120409116309716]], [[-77.02672422067866, -12.119193619776853], [-77.02672636437342, -12.119267207813657], [-77.02673101144049, -12.119406303891584], [-77.02673401055087, -12.119543915303616], [-77.02673692424278, -12.119638219397386], [-77.02673914552001, -12.119732783427374], [-77.02674208215947, -12.119827326861612], [-77.02674261981609, -12.119857660270974], [-77.02674276348993, -12.119881067037133], [-77.02674266157105, -12.119902115746813], [-77.02674228188928, -12.119922992955477]], [[-77.02677357928135, -12.120875215206885], [-77.02678805957406, -12.121341427259216], [-77.02678924295056, -12.121384892842665], [-77.0267902887817, -12.121433010445559]], [[-77.02675610479548, -12.120409116309716], [-77.02677357928135, -12.120875215206885]], [[-77.02690210356393, -12.124882416637613], [-77.02690790115234, -12.124948424754736]], [[-77.02685334349162, -12.123336871849856], [-77.02690210356393, -12.124882416637613]], [[-77.02699335050234, -12.127901760766727], [-77.02697852099136, -12.12798557070316], [-77.02695994006214, -12.128068653511395], [-77.02668982304269, -12.12900001601621]], [[-77.0269768764242, -12.126985570545985], [-77.02697969392219, -12.127051627560242], [-77.02698191895438, -12.12710807868558], [-77.02698636414313, -12.127232490100862], [-77.02698914565048, -12.127303749713034], [-77.02699061418555, -12.127345175090078], [-77.02699216895462, -12.127395337881246], [-77.0269954388086, -12.127526237313226], [-77.02700253977902, -12.127734190236017], [-77.02700356575586, -12.127769558796341], [-77.02700379208126, -12.127787232068616], [-77.02700374215325, -12.12779606176373], [-77.027003520409, -12.127804884581726], [-77.02700307482988, -12.127813745189815], [-77.02700232649623, -12.1278236257043], [-77.02700129630432, -12.12783461725711], [-77.0269987507173, -12.127857908112219], [-77.02699335050234, -12.127901760766727]]]}, "geometry_name": "geometria", "properties": {"tipo": "AVENIDA", "codigo": 124, "observacion": "TRAMO", "nomenclatura": "Av. La Paz", "clasificacion": "LOCALES", "cod_via": 124, "tipo_abreviatura": null, "nom_anterior": null}}, {"type": "Feature", "id": "wms_tg_vias.68", "geometry": {"type": "MultiLineString", "coordinates": [[[-77.03032852836611, -12.11903231803443], [-77.030322071013, -12.11852587481843], [-77.03031881831102, -12.118144987072592], [-77.03031735357389, -12.117996492799554]], [[-77.03031735357389, -12.117996492799554], [-77.03031135628262, -12.116960202973091]], [[-77.03039240065208, -12.116959692666015], [-77.03058305838658, -12.11591756667347]], [[-77.03100686057795, -12.113767923904968], [-77.03102646137484, -12.113674479179528], [-77.03103882564744, -12.11363218342937], [-77.03105805806537, -12.113572857508371], [-77.0312658936181, -12.11294069046138], [-77.03133631075363, -12.112678584212972]], [[-77.03099417697268, -12.113830784569451], [-77.03100376793552, -12.113783451409327], [-77.03100686057795, -12.113767923904968]], [[-77.03058305838658, -12.11591756667347], [-77.03058864989464, -12.115876851572658], [-77.03059350305679, -12.115843924585336], [-77.03059509172962, -12.11583404696338], [-77.03059829535935, -12.115815945498897], [-77.03060506915975, -12.115780480106189], [-77.03061380333371, -12.115736192730923], [-77.03062099745647, -12.115700803795567], [-77.03063796003126, -12.115622108679178], [-77.03064839190739, -12.11557191693554], [-77.03068316078877, -12.115398937939188], [-77.03071349110735, -12.115246790822296], [-77.03075142848004, -12.115053015459285], [-77.03077275798536, -12.114941598467553], [-77.0307794442741, -12.114908774648592], [-77.03078830178572, -12.1148667124544]], [[-77.03078830178572, -12.1148667124544], [-77.03079641595713, -12.114828255578342], [-77.03080273665977, -12.114796399705513], [-77.03080615523955, -12.114777089177489], [-77.03081305173113, -12.11473271132246], [-77.03081594587461, -12.114714981783083], [-77.03082048443166, -12.114690009723137], [-77.03082534486863, -12.114665092246202], [-77.03083368902035, -12.114624862218863], [-77.03084746657511, -12.114561272302057], [-77.03085758173548, -12.114515358802942], [-77.03086991339401, -12.114455506786298], [-77.0309548350808, -12.11402985388502], [-77.0309792238282, -12.11390457806869], [-77.03099417697268, -12.113830784569451]]]}, "geometry_name": "geometria", "properties": {"tipo": "CALLE", "codigo": 309, "observacion": "TRAMO", "nomenclatura": "Ca. Atahualpa", "clasificacion": "LOCALES", "cod_via": 309, "tipo_abreviatura": null, "nom_anterior": null}}, {"type": "Feature", "id": "wms_tg_vias.69", "geometry": {"type": "MultiLineString", "coordinates": [[[-77.02817160942128, -12.117231689394428], [-77.02793249557267, -12.117024749297716], [-77.02788267813702, -12.116992830422978], [-77.02779723682711, -12.116947250667199]], [[-77.0292195553328, -12.117987706374041], [-77.02918975247471, -12.117975128316745], [-77.02916123614294, -12.117959934326544], [-77.02906823042395, -12.117891610884561]], [[-77.02906823042395, -12.117891610884561], [-77.02817160942128, -12.117231689394428]]]}, "geometry_name": "geometria", "properties": {"tipo": "CALLE", "codigo": 410, "observacion": "TRAMO", "nomenclatura": "Ca. General Pershing", "clasificacion": "LOCALES", "cod_via": 410, "tipo_abreviatura": null, "nom_anterior": null}}, {"type": "Feature", "id": "wms_tg_vias.71", "geometry": {"type": "MultiLineString", "coordinates": [[[-77.01950260334613, -12.130530818963559], [-77.01913827409021, -12.131245238335364]], [[-77.0195324649158, -12.130472740829227], [-77.01950260334613, -12.130530818963559]], [[-77.01954437206764, -12.130449583238093], [-77.0195324649158, -12.130472740829227]], [[-77.02018208094589, -12.129206945716522], [-77.01981358499646, -12.12992811122227]], [[-77.021050653628, -12.1275175437844], [-77.02080671665419, -12.12798576091598]], [[-77.02137125760719, -12.126887717505046], [-77.021050653628, -12.1275175437844]], [[-77.02077245515234, -12.1280491160415], [-77.02018208094589, -12.129206945716522]], [[-77.02080671665419, -12.12798576091598], [-77.0207888922101, -12.128018386669163], [-77.02077245515234, -12.1280491160415]], [[-77.0195553178607, -12.13042683846901], [-77.01954437206764, -12.130449583238093]], [[-77.01981358499646, -12.12992811122227], [-77.0195553178607, -12.13042683846901]], [[-77.02254418513462, -12.125042850945444], [-77.02245984794457, -12.125146341274226], [-77.0219835736517, -12.125612771255835]], [[-77.02304035643972, -12.12450153328592], [-77.02297198282207, -12.124579359990479]], [[-77.02411062747743, -12.124549613099608], [-77.02375901003938, -12.12446557245632], [-77.0237095325395, -12.124456590172]], [[-77.02325369220034, -12.124480964941304], [-77.02315820082588, -12.124509244284384], [-77.0230642232759, -12.124542068628442], [-77.02297198282207, -12.124579359990479]], [[-77.0237095325395, -12.124456590172], [-77.02362551101324, -12.124445306436536], [-77.02354082936941, -12.124440891020189], [-77.02345606647125, -12.12444337410688], [-77.02337180173772, -12.124452738723704], [-77.02325369220034, -12.124480964941304]], [[-77.0226246609174, -12.124932186296354], [-77.02258520316504, -12.12498806791739], [-77.02254418513462, -12.125042850945444]], [[-77.02297198282207, -12.124579359990479], [-77.0228395671022, -12.124704421106252], [-77.0226246609174, -12.124932186296354]], [[-77.02195199133935, -12.125742339271126], [-77.02137125760719, -12.126887717505046]], [[-77.0219835736517, -12.125612771255835], [-77.02195199133935, -12.125742339271126]]]}, "geometry_name": "geometria", "properties": {"tipo": "CALLE", "codigo": 603, "observacion": "TRAMO", "nomenclatura": "Ca. Ramon Ribeyro", "clasificacion": "LOCALES", "cod_via": 603, "tipo_abreviatura": null, "nom_anterior": null}}, {"type": "Feature", "id": "wms_tg_vias.72", "geometry": {"type": "MultiLineString", "coordinates": [[[-77.03019743096729, -12.120248785769345], [-77.02999037433763, -12.12023306560235], [-77.02982412105541, -12.120219769673998], [-77.02968934017207, -12.120209272772913]]]}, "geometry_name": "geometria", "properties": {"tipo": "PASAJE", "codigo": 329, "observacion": "TRAMO", "nomenclatura": "Psje. Beato Marcelino Champagnat", "clasificacion": "LOCALES", "cod_via": 329, "tipo_abreviatura": null, "nom_anterior": null}}, {"type": "Feature", "id": "wms_tg_vias.74", "geometry": {"type": "MultiLineString", "coordinates": [[[-77.03391151703474, -12.124399940274431], [-77.03391721771703, -12.124452822698158], [-77.03392525328962, -12.124520370338763], [-77.03393060443744, -12.124563613506599], [-77.03394740074182, -12.124695129805007], [-77.0339559342081, -12.124764378368027], [-77.03396099909956, -12.124807782704387], [-77.03396809654454, -12.124872132323198], [-77.03397019781843, -12.124887845863274], [-77.03397143339927, -12.124895502889919], [-77.03397288404452, -12.12490305620771], [-77.03397463484212, -12.12491046180933], [-77.03397667441543, -12.124917309449511], [-77.03397920449609, -12.124923917595435], [-77.03398282132049, -12.124931150429651], [-77.0339870191963, -12.124938092491655], [-77.03399157656158, -12.124944838499978], [-77.03399475326691, -12.124949264626808], [-77.03399808711193, -12.12495357933553], [-77.03400332655424, -12.124959548485235]], [[-77.03384645451281, -12.12375446462504], [-77.03391151703474, -12.124399940274431]], [[-77.03379589121172, -12.12334518574133], [-77.03384645451281, -12.12375446462504]], [[-77.03371697475895, -12.119159994400004], [-77.03371722554009, -12.119215401417124], [-77.03371719931343, -12.119333412731013], [-77.0337186441815, -12.119505083180877], [-77.03371925576111, -12.119636111879581], [-77.03371982405035, -12.119713662573695], [-77.03371989629692, -12.119744291193836], [-77.03371974684366, -12.119818636826976], [-77.03372030628253, -12.119904473696987], [-77.033721630611, -12.12019720739486]], [[-77.03372030249865, -12.120431651375103], [-77.0337192509943, -12.120513618205429], [-77.03371686098974, -12.120646462976424], [-77.03371611017207, -12.12067125903413], [-77.03371386864835, -12.120728785685115], [-77.03371314251477, -12.120753323976302], [-77.03371164758131, -12.12085555924123], [-77.03370945439676, -12.120941404552177], [-77.03370795750416, -12.121035379929623], [-77.03370718032696, -12.121061666559598], [-77.03370428742728, -12.121139292351478], [-77.03370225390397, -12.121255539685732]], [[-77.033721630611, -12.12019720739486], [-77.0337219972086, -12.120243650494432], [-77.03372194714927, -12.12031595821272], [-77.03372169032308, -12.120338551681595], [-77.03372044429376, -12.120405756235941], [-77.03372030249865, -12.120431651375103]], [[-77.03370225390397, -12.121255539685732], [-77.03370038841814, -12.1213452346206], [-77.03369839290966, -12.12148940572497], [-77.03369447491042, -12.121646899506223], [-77.03369291849654, -12.121691078212134], [-77.03368655034821, -12.1218500794455], [-77.03368546414625, -12.121884674337073], [-77.03368325203327, -12.121969471366532], [-77.03368261844386, -12.121989251332769], [-77.03368063163114, -12.122034570186688], [-77.03367966219373, -12.12205148393086], [-77.03367910507484, -12.122058810670424]], [[-77.03367633748987, -12.122294413932371], [-77.03370015518936, -12.122510996698889], [-77.03372162692457, -12.122694106973137], [-77.03372709809791, -12.122741810475187], [-77.03373676552059, -12.12282860631415], [-77.0337481728791, -12.122924406673901], [-77.03375563215486, -12.12299470975958], [-77.03377148083543, -12.123135150031558], [-77.03378479510626, -12.123255679032352], [-77.03379064499711, -12.123304749017546], [-77.03379589121172, -12.12334518574133]], [[-77.03367910507484, -12.122058810670424], [-77.03367633748987, -12.122294413932371]]]}, "geometry_name": "geometria", "properties": {"tipo": "CALLE", "codigo": 424, "observacion": "TRAMO", "nomenclatura": "Ca. General Recavarren", "clasificacion": "LOCALES", "cod_via": 424, "tipo_abreviatura": null, "nom_anterior": null}}, {"type": "Feature", "id": "wms_tg_vias.77", "geometry": {"type": "MultiLineString", "coordinates": [[[-77.03269426123833, -12.12074194500839], [-77.0333234012221, -12.12077837892233]], [[-77.03199457686712, -12.120701638792989], [-77.03269426123833, -12.12074194500839]]]}, "geometry_name": "geometria", "properties": {"tipo": "CALLE", "codigo": 393, "observacion": "TRAMO", "nomenclatura": "Ca. Francisco De Paula Camino", "clasificacion": "LOCALES", "cod_via": 393, "tipo_abreviatura": null, "nom_anterior": null}}, {"type": "Feature", "id": "wms_tg_vias.82", "geometry": {"type": "MultiLineString", "coordinates": [[[-77.03401959760556, -12.128103223068043], [-77.0340353400996, -12.128140518782208], [-77.0340547599909, -12.128187454617725], [-77.03409516749024, -12.128287594423394], [-77.03410944124157, -12.12832246153812], [-77.03416127858118, -12.128446659901588], [-77.03419017876728, -12.128514688754084], [-77.03423857244894, -12.12862989961152], [-77.03424516351117, -12.128645728393334], [-77.03425154107016, -12.128661624720559], [-77.03425655937671, -12.128675120575206], [-77.03426054908827, -12.128687304424401], [-77.03426324848033, -12.128697093621591], [-77.03426542875638, -12.128706984242095], [-77.0342670448016, -12.128716962156144], [-77.03426758114425, -12.128721432967163], [-77.0342682155248, -12.128729020289374], [-77.03426851292824, -12.128736623643265], [-77.03426842131024, -12.128745616294204], [-77.03426805477972, -12.128752029690464], [-77.03426744470937, -12.128758425895274], [-77.03426618872626, -12.128767340331239], [-77.03426501139516, -12.1287736665895], [-77.03426360135403, -12.128779950270044], [-77.03426123977415, -12.128788663141671], [-77.03425933286549, -12.12879471186581], [-77.03425723540757, -12.12880070595326], [-77.03425320822898, -12.128810831053539], [-77.03424868183843, -12.128820775442955], [-77.03424291468477, -12.128832194919188], [-77.03423893815759, -12.128839552189527], [-77.03423068000446, -12.12885412616919], [-77.03420862494463, -12.128892109749483], [-77.03389169652257, -12.129440412469355]], [[-77.03364238626145, -12.12718899076975], [-77.03369280038802, -12.127311959921478], [-77.03376983824975, -12.127497999037905], [-77.03382297451465, -12.12762856344241], [-77.0338390443483, -12.127667730367232], [-77.03387719000123, -12.127759962253204], [-77.03396577125828, -12.127971925389978], [-77.03400390860764, -12.128065713660833], [-77.03401959760556, -12.128103223068043]]]}, "geometry_name": "geometria", "properties": {"tipo": "CALLE", "codigo": 327, "observacion": "TRAMO", "nomenclatura": "Ca. Buenos Aires", "clasificacion": "LOCALES", "cod_via": 327, "tipo_abreviatura": null, "nom_anterior": null}}, {"type": "Feature", "id": "wms_tg_vias.83", "geometry": {"type": "MultiLineString", "coordinates": [[[-77.03132019124764, -12.122510435619986], [-77.03176069363568, -12.12297833515384]], [[-77.03207881387803, -12.123292346673464], [-77.03217093622091, -12.123438326776451], [-77.03241868916736, -12.123866149743737]], [[-77.03176069363568, -12.12297833515384], [-77.03207881387803, -12.123292346673464]]]}, "geometry_name": "geometria", "properties": {"tipo": "CALLE", "codigo": 330, "observacion": "TRAMO", "nomenclatura": "Ca. Bajada Balta", "clasificacion": "COLECTORAS", "cod_via": 330, "tipo_abreviatura": null, "nom_anterior": null}}, {"type": "Feature", "id": "wms_tg_vias.87", "geometry": {"type": "MultiLineString", "coordinates": [[[-77.0237095325395, -12.124456590172], [-77.02391850258611, -12.123628454889285]]]}, "geometry_name": "geometria", "properties": {"tipo": "PASAJE", "codigo": 713, "observacion": "TRAMO", "nomenclatura": "Psje. Rubini", "clasificacion": "LOCALES", "cod_via": 713, "tipo_abreviatura": null, "nom_anterior": null}}, {"type": "Feature", "id": "wms_tg_vias.89", "geometry": {"type": "MultiLineString", "coordinates": [[[-77.03566606233626, -12.127545542150944], [-77.03595961545206, -12.127596535161492], [-77.03604443816228, -12.127601078519541], [-77.0361293605449, -12.12759901446939], [-77.03621385183806, -12.12759035591236], [-77.03629738397454, -12.12757515696504], [-77.0363794348823, -12.127553512621335], [-77.03645949174724, -12.12752555815818], [-77.03653705421864, -12.127491468290703], [-77.03661163753618, -12.127451456079731], [-77.03668277555974, -12.127405771600198], [-77.03675002368294, -12.127354700378307], [-77.03681296161194, -12.127298561606672], [-77.03687119599188, -12.127237706149558], [-77.03692436286579, -12.127172514349812], [-77.036972129949, -12.12710339365171], [-77.03701419870556, -12.127030776054546], [-77.0370563443078, -12.126948204478314], [-77.03711092277332, -12.126838759005182], [-77.0371368410816, -12.12679552377757], [-77.0371477451845, -12.126783828938187], [-77.0371604959602, -12.12677410913757], [-77.03717472880997, -12.126766642306007], [-77.0371900367563, -12.12676164195146], [-77.03720598208041, -12.126759251055304], [-77.03722210883815, -12.126759537983164], [-77.03723795589761, -12.12676249453051], [-77.0372530701244, -12.126768036157122], [-77.03726701933923, -12.126776004404404], [-77.03727940467488, -12.126786171426541], [-77.03728987198238, -12.126798246505382], [-77.03729812195688, -12.12681188436345], [-77.03732175532951, -12.126860976127604]], [[-77.03569478663961, -12.1274993508328], [-77.0359955332298, -12.127555746330442], [-77.03603738175065, -12.127562134179135], [-77.03609379011773, -12.127565546334184], [-77.03618223153603, -12.12756298297188], [-77.03624923740577, -12.12755388173551], [-77.03631524974492, -12.127541918201379], [-77.03640639762493, -12.12751159615979], [-77.03648876709504, -12.127477511904065], [-77.03660396159664, -12.127413534256052], [-77.0367325761572, -12.127324587879064], [-77.03679342283968, -12.127272488040699], [-77.0368609064608, -12.127198338952617], [-77.03691671916778, -12.127123319432782], [-77.03697044218706, -12.127029184409736], [-77.03702786419647, -12.126910152157558], [-77.03708821682048, -12.12679301171004], [-77.03711031990836, -12.126759371321675], [-77.03713053670188, -12.126733396422074], [-77.03715369867218, -12.126711225676681], [-77.03718848883959, -12.126684187393138], [-77.037232056437, -12.126660910376197], [-77.03732416834812, -12.12662962387314], [-77.03764823798564, -12.126527016793894]], [[-77.03241868916736, -12.123866149743737], [-77.03244800248333, -12.123870979039566], [-77.03247623495555, -12.123880119335471], [-77.03250273579164, -12.12389335993653], [-77.03252689411532, -12.123910395630702], [-77.03257836117379, -12.12396740997637], [-77.03311215216857, -12.124655784170134], [-77.03361657638342, -12.125316872256537], [-77.0343540662002, -12.126266794844826], [-77.03446454582368, -12.126414245993088], [-77.03452845435463, -12.126509429345584], [-77.03461956554133, -12.126666588520822], [-77.03474562373347, -12.126945448013856], [-77.03482358641115, -12.127131398610898], [-77.03490382621962, -12.12729700672652], [-77.03493201079041, -12.12733664418286], [-77.03496578144319, -12.127371801543497], [-77.035004412566, -12.127401723399347], [-77.03504707411112, -12.127425766834014], [-77.03509284943074, -12.127443415237842], [-77.0351407549718, -12.127454289408512], [-77.03566606233626, -12.127545542150944]], [[-77.03207881387803, -12.123292346673464], [-77.03218891761101, -12.123405911781115], [-77.0323164438158, -12.123556236201381], [-77.03257167270982, -12.123884368314311], [-77.03312526480015, -12.12458814096419], [-77.0341962244728, -12.12596055617473], [-77.03448884583479, -12.126347716358863], [-77.03455759311547, -12.126439994587464], [-77.03463337567196, -12.126562830364977], [-77.03470544547226, -12.12670865098105], [-77.03485845616066, -12.127016486450769], [-77.03496605683017, -12.12723282853776], [-77.03498681809359, -12.12727858943585], [-77.03499962128429, -12.127300495861792], [-77.03502707048118, -12.127330903467323], [-77.03505935845423, -12.127358405938867], [-77.03511497554668, -12.12738573613294], [-77.03518315730871, -12.127403409930215], [-77.03569478663961, -12.1274993508328]]]}, "geometry_name": "geometria", "properties": {"tipo": "CALLE", "codigo": 433, "observacion": "TRAMO", "nomenclatura": "Ca. Hernando De Lavalle", "clasificacion": "COLECTORAS", "cod_via": 433, "tipo_abreviatura": null, "nom_anterior": null}}, {"type": "Feature", "id": "wms_tg_vias.97", "geometry": {"type": "MultiLineString", "coordinates": [[[-77.02767492429942, -12.136395183169782], [-77.02768612353444, -12.136535331813826], [-77.027688487862, -12.136589176475276], [-77.02768626384177, -12.136643026923876], [-77.02767946707712, -12.136696505282504], [-77.02766814525944, -12.136749236284809], [-77.02764824616436, -12.136791813380402], [-77.02762437198098, -12.13683236394917], [-77.02759673365404, -12.136870529695878], [-77.02756557538754, -12.136905973396525], [-77.0275357598771, -12.136946059782355], [-77.02751013965597, -12.136988862585257], [-77.02748896826152, -12.137033958233296], [-77.02747245520628, -12.137080900464383], [-77.02746076390434, -12.137129224742742], [-77.02744614553383, -12.137173993684055], [-77.02742482459162, -12.137216077473926], [-77.02739728998175, -12.137254511094968], [-77.02736417309411, -12.137288413230648], [-77.02732623332552, -12.137317006475136], [-77.02728434066687, -12.137339635159686], [-77.02723945575305, -12.137355780387804], [-77.02719260783502, -12.137365071934353], [-77.02714487117765, -12.137367296735329], [-77.02709734042591, -12.137362403773286], [-77.02705110550323, -12.137350505247761], [-77.02700722661845, -12.137331874002257], [-77.02696670995378, -12.137306937267443], [-77.02693048459233, -12.137276266864975]], [[-77.02748537381657, -12.134874340582156], [-77.02750080491816, -12.134944486209147], [-77.02752253073771, -12.135012998711725], [-77.02755037822602, -12.135079332363667], [-77.0275841255721, -12.135142958794196], [-77.0276235039699, -12.13520337119573], [-77.02766819975923, -12.13526008836178], [-77.027691195862, -12.13528313612176], [-77.02771678196439, -12.135303369204756], [-77.02774460446348, -12.13532050798708], [-77.02778150500515, -12.135338191772282], [-77.0278156084152, -12.135360663981963], [-77.02784627687771, -12.135387504331728], [-77.02787293681791, -12.13541821084235], [-77.02789804058062, -12.135461067383998], [-77.02791767773287, -12.135506602829924], [-77.02793155847701, -12.135554145191282], [-77.02793947796509, -12.13560299286187], [-77.02794131932205, -12.135652424972037], [-77.02793705537074, -12.135701712027023], [-77.02792985872806, -12.135772238587663], [-77.02792487836687, -12.13584295014303], [-77.02792705527524, -12.135882628113938], [-77.02792396265069, -12.135922247170331], [-77.02791565315437, -12.135961132648562], [-77.02790226828455, -12.135998622376581], [-77.02788403596706, -12.136034077950029], [-77.02780872664691, -12.136127490536621], [-77.02773086411766, -12.136218854045289], [-77.02770902468367, -12.136249952810607], [-77.02769218957854, -12.136283930890574], [-77.02768074214072, -12.136320014602267], [-77.02767494303146, -12.136357382317215], [-77.02767492429942, -12.136395183169782]], [[-77.02831921441978, -12.133852876298047], [-77.02828335707724, -12.133907938290355], [-77.02825271790638, -12.133965970776709], [-77.0282275489975, -12.134026496289628], [-77.0281329837817, -12.134236684873969], [-77.02812088861086, -12.134261853289498], [-77.02806664142803, -12.134375556764205], [-77.02805485841516, -12.134399857042126], [-77.02805081879806, -12.134407891675236], [-77.0280472100205, -12.134414717470083], [-77.02802675828438, -12.134447876637667], [-77.02800217053851, -12.1344781945659], [-77.02797384938364, -12.134505174825753], [-77.02794225855237, -12.134528375639198], [-77.02748537381657, -12.134874340582156]], [[-77.02987980383715, -12.131469186409237], [-77.02987488945803, -12.131486753617095], [-77.02986709739807, -12.13150870189208], [-77.0298507014746, -12.131534664679993], [-77.02983928493262, -12.131549099037438], [-77.02980342053834, -12.131580635498752], [-77.02930836909084, -12.131984313793824], [-77.02913735322548, -12.132119600910965]], [[-77.0299821022899, -12.13151020346374], [-77.0299648220099, -12.131537889072542], [-77.02994255114449, -12.13156555251134], [-77.02992300825674, -12.131584348565415], [-77.02990142017688, -12.131603682010049], [-77.02957957942817, -12.131860736009369], [-77.02920162197887, -12.132165649098988], [-77.02911449470385, -12.132235916069424]], [[-77.0285160533138, -12.13374385572525], [-77.02847220094532, -12.133756676266902], [-77.02843007841027, -12.133774236316897], [-77.02839021291916, -12.133796316092075], [-77.0283531034332, -12.133822639240135], [-77.02831921441978, -12.133852876298047]], [[-77.02911449470385, -12.132235916069424], [-77.02912796202963, -12.132264398569664], [-77.02914140797425, -12.132291147718538], [-77.02914945331146, -12.13230642009386], [-77.02915362265591, -12.132313957143397], [-77.02915793913199, -12.132321394599465], [-77.02916245757541, -12.132328695907946], [-77.02916724376861, -12.132335814492631], [-77.02917229037945, -12.132342631104244], [-77.02917759375937, -12.132349270495311], [-77.0291887195545, -12.132362192988122], [-77.02920028111754, -12.13237480137688], [-77.02921214301126, -12.13238716263196], [-77.02922432222867, -12.13239921607354], [-77.02923289649588, -12.132407185403137], [-77.0292427640149, -12.132415754423851], [-77.02925460861336, -12.132425465833478], [-77.0292659275373, -12.132434170635234], [-77.02928039651832, -12.132444624724817], [-77.02929309923884, -12.132453270579685], [-77.02930164801708, -12.132458721175958], [-77.02931054409623, -12.132464062577531], [-77.02932448292111, -12.132471825389002], [-77.02933636850852, -12.132477970965176], [-77.02934638786878, -12.13248281426945], [-77.02935747560231, -12.132487793450174], [-77.02937206264998, -12.1324938216173], [-77.0293902687206, -12.132500695439743], [-77.02943616991412, -12.132516696333902], [-77.02945038364766, -12.132522187657838], [-77.02945768201091, -12.132525294795675], [-77.02946486441503, -12.132528615178249], [-77.0294719018106, -12.13253219420909], [-77.02947915452918, -12.132536309428263], [-77.02948620936345, -12.132540736104177], [-77.02949438894525, -12.132546436139021], [-77.02949995856955, -12.13255075078048], [-77.02950533974948, -12.132555289139928], [-77.02951052412955, -12.132560039529166], [-77.02951546185137, -12.13256496796867], [-77.02952143250752, -12.132571539194236], [-77.02952700869515, -12.132578419702023], [-77.0295299619099, -12.132582438087494], [-77.02953242317008, -12.132586021730797], [-77.02953615751244, -12.132591908892515], [-77.0295395826298, -12.132597960102224], [-77.02954189822583, -12.132602565213693], [-77.02954532302911, -12.132610395122613], [-77.0295481973044, -12.132618425192623], [-77.02955022860304, -12.132625638070117], [-77.02955180605626, -12.132632960923134], [-77.02955292758078, -12.132640361229804], [-77.02955362947925, -12.132649115806833], [-77.0295536969722, -12.132656212023853], [-77.02955334652468, -12.132663307688619], [-77.02955259266137, -12.132670380099325], [-77.02955163567728, -12.13267634412073], [-77.02955039085002, -12.132682263253502], [-77.02954880349222, -12.13268831504511], [-77.02954693454943, -12.132694299307055], [-77.02954480511963, -12.132700212269455], [-77.02954204977465, -12.132706923363624], [-77.0295390052231, -12.132713530831506], [-77.029535701775, -12.132720034451086], [-77.0295292348427, -12.132731388500861], [-77.02952270871495, -12.13274183917487], [-77.02951867691523, -12.132747985704484], [-77.02951128810125, -12.132758655999663], [-77.029498198762, -12.132776236119135], [-77.02948820045361, -12.132789101910761], [-77.0294739515686, -12.132806879423441], [-77.02943897209879, -12.132848683888191], [-77.02942690133148, -12.132863461962158], [-77.02940519370173, -12.132891046236828], [-77.02937753889377, -12.132926934007443], [-77.02937589940316, -12.132927190954199], [-77.02923174910589, -12.133118007516304], [-77.02916246183092, -12.133215136992817], [-77.0291402644872, -12.133251451339303], [-77.02912387544582, -12.133290639613376], [-77.02911366818442, -12.133331808789318], [-77.02910987530991, -12.13337402070031], [-77.02911340974352, -12.133435901241482], [-77.02916647583814, -12.133773764936192], [-77.02917307678514, -12.133850015264498], [-77.02916939098154, -12.133876011521055], [-77.02916121638835, -12.133900996737957], [-77.02914879659718, -12.133924226386318], [-77.02913250170158, -12.133945008250917], [-77.02911281726874, -12.133962723057287], [-77.02909032987053, -12.133976842925245], [-77.02906570960384, -12.133986947099583], [-77.02903969012316, -12.133992734487808], [-77.02901304677796, -12.133994032632252], [-77.02898657350846, -12.133990802849675], [-77.02896105918676, -12.133983141383448], [-77.02893726410946, -12.133971276536084], [-77.02886478803889, -12.13390694566683], [-77.02879574518157, -12.133842447721163], [-77.02875604298946, -12.133811273903698], [-77.02871252140213, -12.133785504556608], [-77.02866593540085, -12.133765586708225], [-77.02861709312558, -12.133751865878923], [-77.02856684185593, -12.133744580088267], [-77.0285160533138, -12.13374385572525]], [[-77.03488640435184, -12.1285147470434], [-77.03488886842024, -12.128566337603306], [-77.03488599358846, -12.128617907580436], [-77.03487780959684, -12.128668923420893], [-77.03486440111571, -12.128718857303866], [-77.03484590686924, -12.128767192602051], [-77.03482251820037, -12.128813429227494], [-77.03471834925163, -12.12901745695849], [-77.03468967746174, -12.129082233722702], [-77.03467678346115, -12.129144503122303], [-77.0346763966607, -12.12921798276096]], [[-77.03569478663961, -12.1274993508328], [-77.03568145367733, -12.127520084513588], [-77.03566606233626, -12.127545542150944]], [[-77.03530356801669, -12.128145099323053], [-77.03518313274203, -12.128278452368418], [-77.03515765617598, -12.128305335089735], [-77.03512798087881, -12.128327661622267], [-77.0350949376894, -12.12834480687426], [-77.03505945174042, -12.128356290817829], [-77.03502251655691, -12.128361791928425], [-77.03498516623947, -12.12836115618706]], [[-77.03530356801669, -12.128145099323053], [-77.03523282658621, -12.12828860579113], [-77.03518478716121, -12.128363089853938], [-77.03511890234921, -12.128461143433457], [-77.0349278652066, -12.128773893814396], [-77.0346763966607, -12.12921798276096]], [[-77.03566606233626, -12.127545542150944], [-77.03530356801669, -12.128145099323053]], [[-77.03411527895621, -12.129975306865383], [-77.0340783180012, -12.130006884365633], [-77.03400579459715, -12.130057635176026], [-77.03391970036385, -12.130091308271492], [-77.03383128636735, -12.130118546767662], [-77.03374104853614, -12.130139197877817], [-77.03364949303003, -12.130153145765243], [-77.03355713340004, -12.130160312192578], [-77.03346448770812, -12.130160656960898], [-77.03337207562092, -12.130154178135339], [-77.03330887171907, -12.130139304493825], [-77.03323914876843, -12.1301211989423], [-77.03316829065605, -12.130108034462992], [-77.03309665855764, -12.130099878158143], [-77.0330694030183, -12.130100972078298], [-77.03304370628712, -12.13010154174878], [-77.03301832383036, -12.130105525081298], [-77.03299372185958, -12.130112848912374], [-77.0329703522509, -12.130123378721775]], [[-77.0346763966607, -12.12921798276096], [-77.0346606718039, -12.129245752045737], [-77.03452737725546, -12.129454776624806], [-77.03433866108276, -12.129726382904785], [-77.03425328903774, -12.129845380610195], [-77.03417007424332, -12.129928493060453], [-77.03411527895621, -12.129975306865383]], [[-77.03216083960528, -12.131007367777418], [-77.03210566801488, -12.1310347342205], [-77.03204761427871, -12.131055542176345], [-77.0319874803458, -12.131069504204568], [-77.0319260969018, -12.131076427434165], [-77.03186431189306, -12.13107621622719], [-77.03180297881383, -12.13106887350048], [-77.03174294491515, -12.13105450068528], [-77.03168503950134, -12.131033296326013], [-77.03156968576545, -12.130978433523403], [-77.03148761533659, -12.130939718921152]], [[-77.03148761533659, -12.130939718921152], [-77.03142670550353, -12.130910986207935], [-77.03136915379689, -12.130888184782929], [-77.03130973584848, -12.130870619069325], [-77.03124894247777, -12.130858434168433], [-77.03118727586612, -12.130851730733804], [-77.03112524540775, -12.130850564139367], [-77.03106336350268, -12.13085494402239], [-77.03100214132387, -12.13086483420363], [-77.03094208459515, -12.130880152986224]], [[-77.03148761533659, -12.130939718921152], [-77.03144922019843, -12.130908681347456], [-77.03141458431676, -12.130873622243445], [-77.03138414023859, -12.130834979442561], [-77.03135826816103, -12.13079323553278], [-77.03133729118402, -12.130748911830036], [-77.03132147127451, -12.130702561867444], [-77.03131100599578, -12.130654764482854]], [[-77.03094208459515, -12.130880152986224], [-77.03092354374121, -12.130886065181574], [-77.0308823262122, -12.130901327186509], [-77.03084219460392, -12.130919172578682], [-77.03076681272083, -12.130955226822772], [-77.03069427593618, -12.130996547131963], [-77.03062496357826, -12.13104291742485], [-77.03055923811404, -12.131094095211541], [-77.0299821022899, -12.13151020346374]], [[-77.03131100599578, -12.130654764482854], [-77.03130170825561, -12.130681995514847], [-77.03128816019975, -12.130707441843525], [-77.03127070126864, -12.130730465920166], [-77.0312497688886, -12.130750490884619], [-77.03122588751219, -12.130767015018312], [-77.0311996554786, -12.1307796243145], [-77.03094208459515, -12.130880152986224]], [[-77.0329703522509, -12.130123378721775], [-77.03294699549421, -12.130138124574758], [-77.0329260757255, -12.13015606643147], [-77.0329080408534, -12.130176820143445], [-77.0328932770188, -12.13019994135807], [-77.03288210032763, -12.13022493503266], [-77.03287475008254, -12.130251266033495], [-77.03286314329355, -12.130323091872018], [-77.03284789196238, -12.130386219097808], [-77.03283237475611, -12.130426952583115], [-77.03281171055612, -12.130465409235024], [-77.0327862360536, -12.130500962458186], [-77.03275636631655, -12.130533032963871], [-77.03272258802782, -12.13056109820918], [-77.03268545155495, -12.130584700910761], [-77.03264556198306, -12.130603456495855], [-77.03259269565105, -12.130617811706124], [-77.03254170788341, -12.130637685411598], [-77.0324931917311, -12.13066284645721], [-77.0324477114981, -12.130693002189231], [-77.03240579617727, -12.130727801859557], [-77.03236793329756, -12.130766840704974], [-77.0323345632539, -12.130809664655118], [-77.03230607418429, -12.130855775613838], [-77.03228279745555, -12.130904637252593], [-77.03226786093026, -12.130925556926769], [-77.0322499797422, -12.130944106036113], [-77.03220710008505, -12.130978043045305], [-77.03216083960528, -12.131007367777418]]]}, "geometry_name": "geometria", "properties": {"tipo": "MALECON", "codigo": 519, "observacion": "TRAMO", "nomenclatura": "Ml. De La Reserva", "clasificacion": "LOCALES", "cod_via": 519, "tipo_abreviatura": null, "nom_anterior": null}}, {"type": "Feature", "id": "wms_tg_vias.106", "geometry": {"type": "MultiLineString", "coordinates": [[[-77.00348649801151, -12.12864828916296], [-77.00184961170419, -12.128902163907004], [-77.00179455657461, -12.128913703711985], [-77.00174115070705, -12.128931206888407], [-77.00169005901117, -12.128954455520288], [-77.0016419175856, -12.128983160159775], [-77.00159732579837, -12.129016963431019], [-77.00155683882471, -12.129055444479283], [-77.00152096073508, -12.129098124210598]], [[-77.00448620542949, -12.128457112237767], [-77.0043321495251, -12.128465198080754], [-77.00410579603533, -12.128488626853661], [-77.00219572187828, -12.128785087546394], [-77.00158484077045, -12.128902040812715]], [[-77.00398710571969, -12.12855535607346], [-77.00369401912418, -12.128616157695458], [-77.00348649801151, -12.12864828916296]], [[-77.00383178182737, -12.128409961828487], [-77.00217008698077, -12.128669637631715], [-77.00204509375943, -12.128691806149641], [-77.00188732883008, -12.12872789081185], [-77.0017542619477, -12.128761312311614], [-77.0017307269445, -12.128764548014166], [-77.00170696676594, -12.128764149712596], [-77.0016835574322, -12.128760127062595], [-77.00166106645797, -12.128752577585717], [-77.00164003909408, -12.128741684304384], [-77.00162098510862, -12.128727711305324], [-77.00159774339065, -12.12871064770531], [-77.00157702657022, -12.128690682016543], [-77.0015579579636, -12.128665851141164], [-77.00154229702787, -12.128638811228079]], [[-77.00448620542949, -12.128457112237767], [-77.0043796109685, -12.128473865796359], [-77.00398710571969, -12.12855535607346]], [[-77.00614229479747, -12.128197140070489], [-77.00574371195285, -12.12825946507582], [-77.00565722662506, -12.128273058360117]], [[-77.00576363687117, -12.128140312789535], [-77.00529108854153, -12.12821393265803]], [[-77.00662234179406, -12.128122075298727], [-77.00614229479747, -12.128197140070489]], [[-77.0063052050626, -12.128055939363419], [-77.00576363687117, -12.128140312789535]], [[-77.004399596492, -12.128339263136048], [-77.0040894820006, -12.128419067378648], [-77.00158710601896, -12.128821436795128]], [[-77.00516889887983, -12.128349811065064], [-77.00448620542949, -12.128457112237767]], [[-77.004399596492, -12.128339263136048], [-77.00395952928633, -12.128389997832455], [-77.00383178182737, -12.128409961828487]], [[-77.00565722662506, -12.128273058360117], [-77.00516889887983, -12.128349811065064]], [[-77.00529108854153, -12.12821393265803], [-77.00473429946553, -12.128300674799084], [-77.004399596492, -12.128339263136048]], [[-77.00889113165962, -12.127767416777735], [-77.00782634116234, -12.127933804223247], [-77.00764116598444, -12.127962760653334]], [[-77.00945982099523, -12.127567349750365], [-77.0089690271162, -12.127643422624391]], [[-77.01058664787816, -12.127502460627358], [-77.00960479345831, -12.127655894773198]], [[-77.0095882950123, -12.12754742500484], [-77.00950367326068, -12.127560552193602], [-77.00945982099523, -12.127567349750365]], [[-77.01079048701413, -12.127360934447772], [-77.0095882950123, -12.12754742500484]], [[-77.00847887780503, -12.127719395094815], [-77.00798872807806, -12.127795366740768], [-77.00798732892927, -12.12779558295295]], [[-77.0094776049739, -12.127675770441423], [-77.00889113165962, -12.127767416777735]], [[-77.0089690271162, -12.127643422624391], [-77.00847887780503, -12.127719395094815]], [[-77.00960479345831, -12.127655894773198], [-77.0094776049739, -12.127675770441423]], [[-77.01295947112318, -12.127132914833275], [-77.01281308462858, -12.127155659169166]], [[-77.01355737216115, -12.127040015824475], [-77.01295947112318, -12.127132914833275]], [[-77.01354058359254, -12.126931516998091], [-77.01296206363776, -12.127022071613858]], [[-77.01462362263, -12.126874344212679], [-77.01381313164288, -12.127000277021526]], [[-77.01365438343045, -12.126913703574902], [-77.01354058359254, -12.126931516998091]], [[-77.01379505540808, -12.126891683646036], [-77.01365438343045, -12.126913703574902]], [[-77.01364955124423, -12.127025693712248], [-77.01355737216115, -12.127040015824475]], [[-77.01296206363776, -12.127022071613858], [-77.0128156069106, -12.127044996312192]], [[-77.01381313164288, -12.127000277021526], [-77.01364955124423, -12.127025693712248]], [[-77.0115373837869, -12.12724506860466], [-77.01079048701413, -12.127360934447772]], [[-77.01155560391902, -12.127351038332515], [-77.01058664787816, -12.127502460627358]], [[-77.01281308462858, -12.127155659169166], [-77.01155860583924, -12.127350569146309], [-77.01155560391902, -12.127351038332515]], [[-77.0128156069106, -12.127044996312192], [-77.01153955725857, -12.127244731064668], [-77.0115373837869, -12.12724506860466]], [[-77.00759785897831, -12.127969532288462], [-77.00662234179406, -12.128122075298727]], [[-77.0068583831554, -12.127970105209478], [-77.00656987266743, -12.128014705365716], [-77.0063052050626, -12.128055939363419]], [[-77.00764116598444, -12.127962760653334], [-77.00759785897831, -12.127969532288462]], [[-77.00798732892927, -12.12779558295295], [-77.0068583831554, -12.127970105209478]], [[-77.01621022586652, -12.12662780414799], [-77.01556454826604, -12.126728135782196]], [[-77.01729611477472, -12.126463065297033], [-77.01621022586652, -12.12662780414799]], [[-77.0173014335434, -12.126344892390618], [-77.0161923032603, -12.126517894898358]], [[-77.01807282428, -12.126345228401537], [-77.01729611477472, -12.126463065297033]], [[-77.01895707366012, -12.126079831664761], [-77.01895394786743, -12.126080312675619], [-77.01812558070043, -12.126216166099578]], [[-77.01812262134696, -12.126337673130392], [-77.01807282428, -12.126345228401537]], [[-77.01807577369323, -12.126224106465678], [-77.0173014335434, -12.126344892390618]], [[-77.01895349873915, -12.12621152099698], [-77.01893378562347, -12.126214607462282], [-77.01812262134696, -12.126337673130392]], [[-77.01812558070043, -12.126216166099578], [-77.01810421093363, -12.12621967038697], [-77.01807577369323, -12.126224106465678]], [[-77.02329692164304, -12.125528975764327], [-77.02312298417682, -12.125557230046901]], [[-77.02195199133935, -12.125742339271126], [-77.02187338815415, -12.12575675114089], [-77.0210798177872, -12.125879836779761]], [[-77.0219835736517, -12.125612771255835], [-77.02106302282776, -12.125754161006194], [-77.02105650254103, -12.125755176550507]], [[-77.02312298417682, -12.125557230046901], [-77.02298393801438, -12.125579816552408], [-77.02208392182185, -12.125718149400571], [-77.02195199133935, -12.125742339271126]], [[-77.02389779285502, -12.125339053772377], [-77.02319607176061, -12.125439448338403]], [[-77.02366216298964, -12.125469803956998], [-77.02364166258964, -12.125472976026927], [-77.02329692164304, -12.125528975764327]], [[-77.0230124832407, -12.125459027716113], [-77.0229302903446, -12.1254677937418], [-77.0219835736517, -12.125612771255835]], [[-77.02387015511057, -12.12543762481187], [-77.02366216298964, -12.125469803956998]], [[-77.02319607176061, -12.125439448338403], [-77.0230124832407, -12.125459027716113]], [[-77.02690790115234, -12.124948424754736], [-77.02594744728782, -12.125098094433076]], [[-77.02690210356393, -12.124882416637613], [-77.02594460646688, -12.125030604987344]], [[-77.02793043071252, -12.124789077845893], [-77.02690790115234, -12.124948424754736]], [[-77.0279257135995, -12.124723991901302], [-77.02690210356393, -12.124882416637613]], [[-77.03073563104864, -12.124228999007792], [-77.0307310906177, -12.12424411539633], [-77.03072403657671, -12.124258267667445], [-77.03071466899516, -12.124271054428059], [-77.03070325356016, -12.124282113014294], [-77.0306901140412, -12.124291129777504], [-77.03067562310726, -12.124297848979943], [-77.03017315731898, -12.124376140054787]], [[-77.03168512474535, -12.12414295609017], [-77.03159295805419, -12.124191167623959], [-77.03151197383553, -12.124215674300615], [-77.0313154182057, -12.124254419883886], [-77.03019191190512, -12.124436644661683]], [[-77.03168512474535, -12.12414295609017], [-77.03081399782546, -12.124278182125625], [-77.03079828490323, -12.124275157185336], [-77.03078320685592, -12.124269858331758], [-77.03076910150142, -12.124262404283584], [-77.03075628486526, -12.124252962046224], [-77.03074504409925, -12.12424174316929], [-77.03073563104864, -12.124228999007792]], [[-77.03241868916736, -12.123866149743737], [-77.0323946226179, -12.123865477562475], [-77.03237065423085, -12.123867717505675], [-77.03234714656088, -12.123872835691182], [-77.03220048360679, -12.123932882040345], [-77.03202053689748, -12.124008018342423], [-77.03168512474535, -12.12414295609017]], [[-77.02937499951501, -12.124563955848362], [-77.02793043071252, -12.124789077845893]], [[-77.02936790101103, -12.124500777286753], [-77.0279257135995, -12.124723991901302]], [[-77.03019191190512, -12.124436644661683], [-77.02937499951501, -12.124563955848362]], [[-77.03017315731898, -12.124376140054787], [-77.02936790101103, -12.124500777286753]], [[-77.02443674346712, -12.125333496180396], [-77.02387272967506, -12.125432017732875]], [[-77.02444538654653, -12.125262626557435], [-77.02443280559372, -12.125264574000653], [-77.02389545898528, -12.12534771036517]], [[-77.02594744728782, -12.125098094433076], [-77.0244436747826, -12.125332423328132], [-77.02443674346712, -12.125333496180396]], [[-77.02594460646688, -12.125030604987344], [-77.02444538654653, -12.125262626557435]], [[-77.02025308271065, -12.125880292993484], [-77.01895707366012, -12.126079831664761]], [[-77.02024822803565, -12.12600881647772], [-77.02024337104308, -12.126009569520125], [-77.01895349873915, -12.12621152099698]], [[-77.0210798177872, -12.125879836779761], [-77.02024822803565, -12.12600881647772]], [[-77.02105650254103, -12.125755176550507], [-77.02025815809311, -12.125879511244552], [-77.02025308271065, -12.125880292993484]], [[-77.01490237955117, -12.126831028929912], [-77.01462362263, -12.126874344212679]], [[-77.01462483489003, -12.126761795671031], [-77.01379505540808, -12.126891683646036]], [[-77.01556454826604, -12.126728135782196], [-77.01490237955117, -12.126831028929912]], [[-77.0161923032603, -12.126517894898358], [-77.01462483489003, -12.126761795671031]]]}, "geometry_name": "geometria", "properties": {"tipo": "AVENIDA", "codigo": 1, "observacion": "TRAMO", "nomenclatura": "Av. Alfredo Benavides", "clasificacion": "ARTERIALES", "cod_via": 1, "tipo_abreviatura": null, "nom_anterior": null}}, {"type": "Feature", "id": "wms_tg_vias.107", "geometry": {"type": "MultiLineString", "coordinates": [[[-77.0234940503766, -12.123525929397264], [-77.02346620346067, -12.12363769850363], [-77.02343479257365, -12.123752491722911], [-77.02339733112058, -12.123865513846559], [-77.02335392136597, -12.123976456316242], [-77.02330468181374, -12.124085016250856], [-77.02324974688413, -12.124190897273289], [-77.02318926654692, -12.124293810319543], [-77.0231234059114, -12.124393474428167], [-77.02308290099202, -12.124448262748249], [-77.02304035643972, -12.12450153328592]], [[-77.02372352307071, -12.122604881683372], [-77.0234940503766, -12.123525929397264]], [[-77.02389172034495, -12.121910517534653], [-77.02372352307071, -12.122604881683372]], [[-77.02447123817099, -12.119596427344495], [-77.0244466765156, -12.11969615898179]], [[-77.0244466765156, -12.11969615898179], [-77.02437968805125, -12.119968168010905]], [[-77.0239273103809, -12.121767981226327], [-77.02391036532835, -12.121835397449846], [-77.02389172034495, -12.121910517534653]], [[-77.02437968805125, -12.119968168010905], [-77.0239273103809, -12.121767981226327]]]}, "geometry_name": "geometria", "properties": {"tipo": "CALLE", "codigo": 530, "observacion": "TRAMO", "nomenclatura": "Ca. Mariano Odicio", "clasificacion": "LOCALES", "cod_via": 530, "tipo_abreviatura": null, "nom_anterior": null}}, {"type": "Feature", "id": "wms_tg_vias.112", "geometry": {"type": "MultiLineString", "coordinates": [[[-77.02677357928135, -12.120875215206885], [-77.02688945556322, -12.120874465515323], [-77.02695028949626, -12.120874301755272], [-77.02705704467826, -12.120874234187712], [-77.02722532443327, -12.120874603261157], [-77.02729079768758, -12.120874558240327]]]}, "geometry_name": "geometria", "properties": {"tipo": "PASAJE", "codigo": 702, "observacion": "TRAMO", "nomenclatura": "Psje. Blondell", "clasificacion": "LOCALES", "cod_via": 702, "tipo_abreviatura": null, "nom_anterior": null}}, {"type": "Feature", "id": "wms_tg_vias.118", "geometry": {"type": "MultiLineString", "coordinates": [[[-77.03081636161825, -12.121736936755816], [-77.03125953720564, -12.121674147203032]], [[-77.03125953720564, -12.121674147203032], [-77.03199566711763, -12.121566007358508]]]}, "geometry_name": "geometria", "properties": {"tipo": "CALLE", "codigo": 624, "observacion": "TRAMO", "nomenclatura": "Ca. San Ramon", "clasificacion": "LOCALES", "cod_via": 624, "tipo_abreviatura": null, "nom_anterior": null}}, {"type": "Feature", "id": "wms_tg_vias.121", "geometry": {"type": "MultiLineString", "coordinates": [[[-77.0195324649158, -12.130472740829227], [-77.0188410552099, -12.130452319798643], [-77.01884100376097, -12.130452318365943]], [[-77.01797402847028, -12.130402314860676], [-77.01734494362609, -12.130389028019275]], [[-77.02067185227614, -12.130403079181642], [-77.02051083321614, -12.130431329801349], [-77.02034883663212, -12.130453519748583], [-77.02018609805337, -12.130469616759253], [-77.02002285408855, -12.130479597427763], [-77.01985934208098, -12.130483447241343], [-77.01969579976418, -12.13048116060092], [-77.0195324649158, -12.130472740829227]], [[-77.01884100376097, -12.130452318365943], [-77.01802303483556, -12.130427273690131]], [[-77.0195553178607, -12.13042683846901], [-77.01884284637161, -12.130402539072108]], [[-77.01884284637161, -12.130402539072108], [-77.01802417849153, -12.13038028864548]], [[-77.02250234348716, -12.129670165495163], [-77.02233372102923, -12.129745003191644], [-77.02228665370508, -12.129764527548152], [-77.02163804793328, -12.13002634375379]], [[-77.02068951369344, -12.130351238612501], [-77.02067704617379, -12.130354015702233], [-77.0205183940592, -12.130380893994142], [-77.02035888594723, -12.1304023128824], [-77.02019871581581, -12.130418246317975], [-77.02003807844824, -12.130428674922658], [-77.01987716919614, -12.130433586012423], [-77.01971618374189, -12.130432973613493], [-77.0195553178607, -12.13042683846901]], [[-77.0216067113753, -12.130089981317754], [-77.02149275851916, -12.13013651793186], [-77.02133617968471, -12.130201785521315], [-77.02117707776881, -12.130260850875677], [-77.02101570640203, -12.130313619834194], [-77.02085232283298, -12.130360008273174], [-77.02068718751894, -12.130399942240599], [-77.02067185227614, -12.130403079181642]], [[-77.02163804793328, -12.13002634375379], [-77.02147383376953, -12.13009336246506], [-77.02132133858368, -12.130157007147037], [-77.02116641764343, -12.130214701682977], [-77.02100931063471, -12.130266356808399], [-77.02085026062628, -12.130311892602625], [-77.02068951369344, -12.130351238612501]], [[-77.02248203939939, -12.129731448574363], [-77.02230525349793, -12.129807819984457], [-77.0216067113753, -12.130089981317754]], [[-77.02367035216328, -12.129171805456544], [-77.02306310757378, -12.129416340681848]], [[-77.02604974757017, -12.128281712316317], [-77.0260205208233, -12.128294103117101], [-77.02598834284875, -12.128307346101122], [-77.0259592609474, -12.128318849197736], [-77.02587385659717, -12.128351983865754], [-77.02584090290942, -12.128365044514664], [-77.02573931190653, -12.12840580095922], [-77.0256130915816, -12.128456185909721], [-77.02534892579445, -12.128562194014473], [-77.0251643215871, -12.128636041987876], [-77.02494988185063, -12.128722216315339], [-77.02470677252397, -12.128818091878125], [-77.02444247619951, -12.128924073966417], [-77.02421331127861, -12.129014308679466], [-77.02416258281346, -12.129034417721337], [-77.02399642550724, -12.129101552269404], [-77.02385819866771, -12.129158682629344]], [[-77.02699335050234, -12.127901760766727], [-77.02669550301549, -12.128021185867269], [-77.02653862114003, -12.128084255438125], [-77.02636654549782, -12.128153119232904], [-77.02613869102274, -12.128244695152835], [-77.02609988996672, -12.12826054618209], [-77.02604974757017, -12.128281712316317]], [[-77.02950766564773, -12.126894909462996], [-77.02948646234027, -12.126901931023896]], [[-77.02958146491687, -12.126870471224267], [-77.02950766564773, -12.126894909462996]], [[-77.03313362338024, -12.125450072082925], [-77.03235155627071, -12.125763473902667]], [[-77.03235155627071, -12.125763473902667], [-77.0317657322844, -12.125999531160266]], [[-77.03078063342042, -12.126399265576813], [-77.02958146491687, -12.126870471224267]], [[-77.0317657322844, -12.125999531160266], [-77.03078063342042, -12.126399265576813]], [[-77.0280994160209, -12.127458974551798], [-77.02699335050234, -12.127901760766727]], [[-77.02948646234027, -12.126901931023896], [-77.0280994160209, -12.127458974551798]], [[-77.02301895815285, -12.129549911358122], [-77.02247337297321, -12.129758360527223]], [[-77.02305311238891, -12.129446579340874], [-77.0228682812948, -12.129518123728838], [-77.02268467499769, -12.129592659210784], [-77.02250234348716, -12.129670165495163]], [[-77.02367140961297, -12.129300629896491], [-77.02301895815285, -12.129549911358122]]]}, "geometry_name": "geometria", "properties": {"tipo": "AVENIDA", "codigo": 243, "observacion": "TRAMO", "nomenclatura": "Av. 28 De Julio", "clasificacion": "COLECTORAS", "cod_via": 243, "tipo_abreviatura": null, "nom_anterior": null}}, {"type": "Feature", "id": "wms_tg_vias.124", "geometry": {"type": "MultiLineString", "coordinates": [[[-77.03312473572173, -12.129195206329102], [-77.0332063424565, -12.129215671392506], [-77.0332866634177, -12.129240579261195], [-77.03390679998064, -12.129475307839162]], [[-77.03283947056724, -12.128577534390542], [-77.03309923077457, -12.129201724697452]], [[-77.03245087142675, -12.127647509256455], [-77.03283947056724, -12.128577534390542]], [[-77.03123971552854, -12.124768136772165], [-77.03129069601003, -12.124851150291802], [-77.03139336253402, -12.125104891289391], [-77.0314121389663, -12.125150767453833], [-77.03142883699597, -12.12519072444378]], [[-77.03142883699597, -12.12519072444378], [-77.03146639550508, -12.125280063550065], [-77.03150448020345, -12.125372536813451], [-77.03153450373873, -12.125444834697436], [-77.03156741359184, -12.125523361251174], [-77.03159339105473, -12.125586070455263], [-77.0316604131122, -12.125745173589788], [-77.0317265207528, -12.125906625167813], [-77.03174142984184, -12.125942245209199], [-77.0317657322844, -12.125999531160266]], [[-77.03209039876438, -12.126790006287516], [-77.03245087142675, -12.127647509256455]], [[-77.0317657322844, -12.125999531160266], [-77.03209039876438, -12.126790006287516]]]}, "geometry_name": "geometria", "properties": {"tipo": "CALLE", "codigo": 568, "observacion": "TRAMO", "nomenclatura": "Ca. Ocharan", "clasificacion": "LOCALES", "cod_via": 568, "tipo_abreviatura": null, "nom_anterior": null}}, {"type": "Feature", "id": "wms_tg_vias.130", "geometry": {"type": "MultiLineString", "coordinates": [[[-77.03019743096729, -12.120248785769345], [-77.03019029008105, -12.120333481664797], [-77.03017803813567, -12.120485622936462], [-77.03016662953381, -12.12062151385808], [-77.03014933861401, -12.120832173048855]], [[-77.03025862197815, -12.119192038815134], [-77.03019743096729, -12.120248785769345]]]}, "geometry_name": "geometria", "properties": {"tipo": "CALLE", "codigo": 537, "observacion": "TRAMO", "nomenclatura": "Ca. Martir Jose Olaya", "clasificacion": "LOCALES", "cod_via": 537, "tipo_abreviatura": null, "nom_anterior": null}}, {"type": "Feature", "id": "wms_tg_vias.138", "geometry": {"type": "MultiLineString", "coordinates": [[[-77.03476745708504, -12.119074014508286], [-77.03476669512433, -12.11899118523713]], [[-77.03476669512433, -12.11899118523713], [-77.0347649495071, -12.118801487943681], [-77.03476198923924, -12.118435181104385], [-77.03476131335924, -12.11833619654097], [-77.03475922472157, -12.118094446054318], [-77.03475913950146, -12.118060905476456], [-77.03475928543037, -12.118043683255628], [-77.03475992507691, -12.118011862726474], [-77.03476126992892, -12.117960869974043]], [[-77.03476126992892, -12.117960869974043], [-77.03476260347158, -12.117904022438882], [-77.03476290459638, -12.117871648552327], [-77.03476236140489, -12.117757446506731], [-77.03476220971743, -12.117625095841593], [-77.03476190514195, -12.117540799036938], [-77.03476153909939, -12.117311571707521], [-77.03476080313052, -12.117199195859936], [-77.03476008756724, -12.116999224632508], [-77.03475961817827, -12.116966739807411], [-77.03475858367013, -12.116925253589917]], [[-77.03474063053861, -12.114854327119948], [-77.0347409277612, -12.114788096616381], [-77.03474032600685, -12.114728924216884], [-77.03474029227728, -12.114670289934153], [-77.03473964702377, -12.114618709838723], [-77.0347396236735, -12.11456241453395]], [[-77.03473306793546, -12.113907026627125], [-77.03472837755695, -12.113399127351887], [-77.03472715133789, -12.113266374201924]], [[-77.0347396236735, -12.11456241453395], [-77.03473900904646, -12.11451196668465], [-77.03473612468804, -12.114338580570337], [-77.03473590162511, -12.114302474181027], [-77.03473579806725, -12.114230257985], [-77.03473559748073, -12.114203178663033], [-77.03473496647237, -12.114168628912141], [-77.0347331393924, -12.114090895864292], [-77.03473270333446, -12.114064983277899], [-77.03473255999289, -12.114029336341202], [-77.03473280826603, -12.113969854022487]], [[-77.03473280826603, -12.113969854022487], [-77.03473306793546, -12.113907026627125]], [[-77.03475858367013, -12.116925253589917], [-77.03475641537132, -12.116844935462327], [-77.0347558479624, -12.11680812121361], [-77.03475521971772, -12.116691290607248], [-77.03475380466328, -12.11649802804706], [-77.03475323700393, -12.116369918377533], [-77.0347520699552, -12.116201013418184], [-77.03475104153961, -12.116017675438053], [-77.03475065208444, -12.115976585774543], [-77.03474941089085, -12.115894610484697]], [[-77.03474941089085, -12.115894610484697], [-77.03474838020826, -12.115820778764757], [-77.03474659478732, -12.115632684171398], [-77.03474545086546, -12.115548270596147], [-77.0347444280238, -12.115438866751516], [-77.03474319288063, -12.11536568546318], [-77.03474281472116, -12.11533541700504], [-77.0347425425514, -12.115228471430614], [-77.0347409120653, -12.115075116255074], [-77.03474055715488, -12.115022945652004], [-77.0347402864729, -12.11492686021854], [-77.03474063053861, -12.114854327119948]], [[-77.03459988911348, -12.111618702386668], [-77.03446783847332, -12.111222060440285]], [[-77.03399493153127, -12.109861791818524], [-77.03395213798869, -12.109808138483222], [-77.03390430451792, -12.109758778749287], [-77.03385187358961, -12.109714169203961], [-77.03379533020107, -12.109674722494045], [-77.03373519739, -12.109640803509068], [-77.03367203139624, -12.109612726006318], [-77.03360641651669, -12.109590749708229], [-77.0335389597004, -12.109575077900052]], [[-77.03446783847332, -12.111222060440285], [-77.0342623865613, -12.110604935753978]], [[-77.0342623865613, -12.110604935753978], [-77.03414567810432, -12.110254371002458], [-77.03404929559598, -12.10998095894906], [-77.03399493153127, -12.109861791818524]], [[-77.03391353322776, -12.112517905151238], [-77.03390030057793, -12.112508532985295]], [[-77.03417496419185, -12.112768257102024], [-77.03405656640503, -12.11265262091219], [-77.03393683856882, -12.112534410420597], [-77.03391353322776, -12.112517905151238]], [[-77.03390030057793, -12.112508532985295], [-77.03376239207252, -12.112410861898706], [-77.03368025577772, -12.11234689786957], [-77.03357367684015, -12.112232177981126], [-77.03336350177574, -12.112017695895444]], [[-77.03472715133789, -12.113266374201924], [-77.03465883204792, -12.113254825806655], [-77.03459173759298, -12.113237680227622], [-77.03452290259001, -12.113197293291355], [-77.03441847167133, -12.113077536526681], [-77.03433068740217, -12.112964472322666]], [[-77.03472715133789, -12.113266374201924], [-77.03477410295672, -12.113257055902032], [-77.0348199567385, -12.113243436497365], [-77.0348643067389, -12.113225636561097], [-77.03492919858056, -12.11319079928741], [-77.03499035466554, -12.113149938517244], [-77.03504719944577, -12.113103438798792], [-77.03509919794882, -12.113051737748805], [-77.03514595385323, -12.11299918895131], [-77.03518717020381, -12.112942327136697], [-77.0352224387762, -12.112881715494739], [-77.03525141025663, -12.112817954354842], [-77.03527379770158, -12.112751675240252], [-77.03528937937966, -12.112683534613044]], [[-77.03433068740217, -12.112964472322666], [-77.0342498903179, -12.112862118475803], [-77.03417496419185, -12.112768257102024]], [[-77.03528937937966, -12.112683534613044], [-77.03528959332333, -12.112682314710398], [-77.03529347358146, -12.112628390825357], [-77.0352920490296, -12.112574350101326], [-77.03528533296087, -12.112520696695396], [-77.03527338803397, -12.112467931151134], [-77.03522609639876, -12.112384343354922], [-77.03513246980602, -12.112247289134602], [-77.03507360675792, -12.112175981277609], [-77.03493566460105, -12.112059340132973], [-77.03487266567294, -12.112009161437996], [-77.0348140724448, -12.11195405577039], [-77.03476028164646, -12.111894396247617], [-77.03471165749006, -12.111830586820957], [-77.03466852920384, -12.111763059540333], [-77.03463118880326, -12.111692271628755], [-77.03459988911348, -12.111618702386668]]]}, "geometry_name": "geometria", "properties": {"tipo": "CALLE", "codigo": 374, "observacion": "TRAMO", "nomenclatura": "Ca. Elias Aguirre", "clasificacion": "LOCALES", "cod_via": 374, "tipo_abreviatura": null, "nom_anterior": null}}, {"type": "Feature", "id": "wms_tg_vias.139", "geometry": {"type": "MultiLineString", "coordinates": [[[-77.03138546611179, -12.12249616235723], [-77.03144181262887, -12.122445305969453]], [[-77.03144181262887, -12.122445305969453], [-77.03194911096998, -12.121987439522158]], [[-77.03194911096998, -12.121987439522158], [-77.03200017137699, -12.121943388621519]], [[-77.03266020844237, -12.121366711029584], [-77.03266484982704, -12.121363584159575], [-77.03267649825221, -12.121354973110527], [-77.03269338168384, -12.12134157325263], [-77.03271160255912, -12.121326368622038], [-77.03273489098832, -12.121306095325062], [-77.03279514690077, -12.121252308839733], [-77.03288899629513, -12.121167757972222], [-77.03296838273847, -12.121097490296657], [-77.03299548827083, -12.121073317976121], [-77.03313178179916, -12.120950504827798], [-77.03325570880197, -12.120840821583819], [-77.03328617940838, -12.120812978596309], [-77.0333234012221, -12.12077837892233]], [[-77.0333234012221, -12.12077837892233], [-77.03339147671397, -12.120718372816842], [-77.03347774771676, -12.120643831035137], [-77.03354701991549, -12.120582972869457], [-77.03361603571233, -12.120523070089494], [-77.03372030249865, -12.120431651375103]], [[-77.03584698878318, -12.120174658719868], [-77.036909283765, -12.120162114417484]], [[-77.036909283765, -12.120162114417484], [-77.03699652573809, -12.120153236048566], [-77.03708658140542, -12.120144041431221], [-77.03708750016357, -12.120143955144538]], [[-77.033721630611, -12.12019720739486], [-77.03378736197877, -12.120196491054065], [-77.0338843013867, -12.12019520679138], [-77.03405818914726, -12.120193733854702], [-77.03418903384109, -12.120191955760035], [-77.03436440822108, -12.120190309940584], [-77.03447585652751, -12.120188832225443], [-77.0346273988586, -12.120187576256699], [-77.03478737571578, -12.1201852288552]], [[-77.03478737571578, -12.1201852288552], [-77.03501872468833, -12.120181845851425], [-77.03513153756036, -12.120180695879492], [-77.03527715153321, -12.120178791667737], [-77.03536863687113, -12.120178119945756], [-77.03546201453504, -12.120176994144293], [-77.03556880679923, -12.120176350048695], [-77.03570567564503, -12.120174555020371], [-77.03576791407436, -12.120174347398725], [-77.03584698878318, -12.120174658719868]], [[-77.03200017137699, -12.121943388621519], [-77.03249429386747, -12.121510039854721]], [[-77.03249429386747, -12.121510039854721], [-77.03253794802612, -12.121472028210418], [-77.03258310478279, -12.12143218979093], [-77.03266020844237, -12.121366711029584]], [[-77.03901795099719, -12.120117526304114], [-77.03932048778172, -12.120114592183887], [-77.03947579760435, -12.120113619472749], [-77.03958271634647, -12.120112734297935], [-77.04011055746605, -12.120107136462213]], [[-77.0412469520954, -12.12009007878683], [-77.04128245332758, -12.120090156289297]], [[-77.0432534151666, -12.120041399320906], [-77.04376136206419, -12.11952575442497]], [[-77.0432367418078, -12.120073736473065], [-77.04323706132112, -12.120066481098057], [-77.04323954994094, -12.120058211936096], [-77.04324582098678, -12.120049108701815]], [[-77.04324582098678, -12.120049108701815], [-77.0432534151666, -12.120041399320906]], [[-77.042346499504, -12.120083022815367], [-77.0432367418078, -12.120073736473065]], [[-77.0416838272781, -12.120091034270276], [-77.04171953106396, -12.120089848514418]], [[-77.04011055746605, -12.120107136462213], [-77.04030752112652, -12.120104869769989], [-77.04040335151376, -12.1201032262585], [-77.04043971950415, -12.120102778705126], [-77.04062766953125, -12.120100939655371], [-77.04078580792904, -12.120099933638668]], [[-77.04078580792904, -12.120099933638668], [-77.0412469520954, -12.12009007878683]], [[-77.04128245332758, -12.120090156289297], [-77.0416838272781, -12.120091034270276]], [[-77.04171953106396, -12.120089848514418], [-77.042346499504, -12.120083022815367]], [[-77.03708750016357, -12.120143955144538], [-77.03712264518312, -12.120140653754678], [-77.03714068486966, -12.120139261276744], [-77.03714971318513, -12.120138713199294], [-77.03717488669743, -12.120137788885172], [-77.03720008666852, -12.120137325315513], [-77.03744819558334, -12.120133895750273], [-77.03755412346018, -12.120132654406314], [-77.0376549738384, -12.120131163839082], [-77.03777891059666, -12.120129677957262], [-77.03797862034973, -12.120126740182686], [-77.038067330231, -12.120125636977953], [-77.038116381154, -12.120124746707328]], [[-77.038116381154, -12.120124746707328], [-77.03814389895548, -12.120124226242893], [-77.03817799674853, -12.120123813753672], [-77.03826496699014, -12.120123315269531], [-77.03850387853456, -12.120121295444617], [-77.03861227349886, -12.120120791135728], [-77.03872045767518, -12.120119865353832], [-77.03883403557964, -12.120119347242243], [-77.03901795099719, -12.120117526304114]]]}, "geometry_name": "geometria", "properties": {"tipo": "CALLE", "codigo": 324, "observacion": "INTERSECCION", "nomenclatura": "Ca. Berlin", "clasificacion": "LOCALES", "cod_via": 324, "tipo_abreviatura": null, "nom_anterior": null}}, {"type": "Feature", "id": "wms_tg_vias.151", "geometry": {"type": "MultiLineString", "coordinates": [[[-77.03292835892488, -12.121951226554097], [-77.03295590470772, -12.121978855479707], [-77.03300872471056, -12.122032642313727], [-77.03308617059248, -12.122110780560961], [-77.03324149824884, -12.122270017357636], [-77.0333303221518, -12.122359963446645]], [[-77.03249429386747, -12.121510039854721], [-77.03252185516028, -12.121538273372247], [-77.03258550006935, -12.121604016048828], [-77.0326409320253, -12.12165984902492], [-77.03265952351953, -12.121678779425803], [-77.0327535893572, -12.121776665237071], [-77.03277881433694, -12.121802634642416], [-77.03280924093649, -12.121833108435565], [-77.03287863696234, -12.121901791409204], [-77.03292835892488, -12.121951226554097]], [[-77.03269426123833, -12.12074194500839], [-77.0326919137311, -12.120764525802349], [-77.03268992175164, -12.120786509283134], [-77.03268819037416, -12.120809551020205], [-77.03268693674507, -12.120830184219475], [-77.0326852984115, -12.12086514741204], [-77.03267711415208, -12.121057798173501], [-77.03267375341555, -12.12112790232139], [-77.03267067546328, -12.121186955336764], [-77.03266413990349, -12.121296530391849], [-77.03266020844237, -12.121366711029584]], [[-77.03282718355108, -12.119168243160582], [-77.03269426123833, -12.12074194500839]]]}, "geometry_name": "geometria", "properties": {"tipo": "CALLE", "codigo": 499, "observacion": "TRAMO", "nomenclatura": "Ca. Libertad", "clasificacion": "LOCALES", "cod_via": 499, "tipo_abreviatura": null, "nom_anterior": null}}, {"type": "Feature", "id": "wms_tg_vias.154", "geometry": {"type": "MultiLineString", "coordinates": [[[-77.02900086489723, -12.12109551999147], [-77.02861913454474, -12.121104157166288]]]}, "geometry_name": "geometria", "properties": {"tipo": "PASAJE", "codigo": 708, "observacion": "TRAMO", "nomenclatura": "Psje. El Porvenir", "clasificacion": "LOCALES", "cod_via": 708, "tipo_abreviatura": null, "nom_anterior": null}}, {"type": "Feature", "id": "wms_tg_vias.162", "geometry": {"type": "MultiLineString", "coordinates": [[[-77.02837537849487, -12.121430073763346], [-77.02837868292482, -12.121470983166843], [-77.02838583889799, -12.12155555459143], [-77.0283971211041, -12.121694244921672], [-77.0284055497051, -12.121791396207685], [-77.02841836594968, -12.12194419553854], [-77.02842618748922, -12.122034911612223], [-77.02843546283474, -12.12214832528587], [-77.02844488104213, -12.12225718451386], [-77.02845645544198, -12.122396480952485]], [[-77.028326891044, -12.120788414782515], [-77.02833577553298, -12.120923784000144], [-77.02835199583724, -12.121133616014742], [-77.02836438685223, -12.12128667967703], [-77.02837537849487, -12.121430073763346]]]}, "geometry_name": "geometria", "properties": {"tipo": "PASAJE", "codigo": 717, "observacion": "TRAMO", "nomenclatura": "Psje. Tello", "clasificacion": "LOCALES", "cod_via": 717, "tipo_abreviatura": null, "nom_anterior": null}}, {"type": "Feature", "id": "wms_tg_vias.163", "geometry": {"type": "MultiLineString", "coordinates": [[[-77.02671508317584, -12.118298683449362], [-77.02668417172471, -12.118299838536707], [-77.02665798147295, -12.118300404168073], [-77.02660229813523, -12.118300814825789], [-77.02652074662655, -12.118301993901799], [-77.02642829189067, -12.1183024717548], [-77.02628904361123, -12.118301374596715]], [[-77.0290030357983, -12.118276097221026], [-77.02875576993941, -12.11827872648315], [-77.02861917406656, -12.118281224523297], [-77.02849737645383, -12.118282564898376], [-77.02836644546164, -12.118285137054063], [-77.02832194877948, -12.118285826833334], [-77.02827107427045, -12.118286298448345], [-77.02824223715956, -12.118286405477061], [-77.02820800815813, -12.118286224768408], [-77.02817377763701, -12.118285721406107]], [[-77.02744091153755, -12.118290522271723], [-77.02714559586762, -12.118292731429886], [-77.02681719518523, -12.118295683763115], [-77.02679846719775, -12.118295939978902], [-77.02677570623011, -12.118296456148432], [-77.02674373138477, -12.118297518693186], [-77.02671508317584, -12.118298683449362]], [[-77.02817377763701, -12.118285721406107], [-77.02813954622404, -12.118285221661248], [-77.0281161077824, -12.118285055096347], [-77.02806631812838, -12.118285178000992], [-77.02766752355609, -12.118288758344576], [-77.02744091153755, -12.118290522271723]]]}, "geometry_name": "geometria", "properties": {"tipo": "CALLE", "codigo": 344, "observacion": "TRAMO", "nomenclatura": "Ca. Narciso De La Colina", "clasificacion": "LOCALES", "cod_via": 344, "tipo_abreviatura": null, "nom_anterior": null}}, {"type": "Feature", "id": "wms_tg_vias.167", "geometry": {"type": "MultiLineString", "coordinates": [[[-77.02308082001207, -12.134916179583815], [-77.02299084404247, -12.135153400002613]], [[-77.02336268157096, -12.132700365868265], [-77.02330450672159, -12.133651505959]], [[-77.02354024732715, -12.132208779091034], [-77.0234896672819, -12.132939966960391]], [[-77.02339472461809, -12.132195299089354], [-77.02336268157096, -12.132700365868265]], [[-77.0234303166598, -12.134446959367223], [-77.0234178316017, -12.134815441849957], [-77.0234172271577, -12.134870686380156], [-77.0234189884374, -12.134912969220263]], [[-77.02309713824717, -12.134872990971264], [-77.02308082001207, -12.134916179583815]], [[-77.02344348066191, -12.133703644610707], [-77.02339334193901, -12.134089968747956], [-77.0233547779748, -12.134293515263844], [-77.02330872439448, -12.134470811044597], [-77.0230434582288, -12.135239986757494]], [[-77.02330450672159, -12.133651505959], [-77.02326810376239, -12.134096005765194], [-77.02325202119412, -12.134283604733032], [-77.02323062405961, -12.134410979926926], [-77.02320057112398, -12.134550853924361], [-77.02309713824717, -12.134872990971264]], [[-77.02344348066191, -12.133703644610707], [-77.02343182572905, -12.13435871364747], [-77.0234303166598, -12.134446959367223]], [[-77.0234896672819, -12.132939966960391], [-77.02344348066191, -12.133703644610707]], [[-77.02384171940045, -12.129336781795446], [-77.0236917175245, -12.13065545206014]], [[-77.02369079987216, -12.129324371489076], [-77.0235271251843, -12.130636640550348]], [[-77.02383253383165, -12.128602001382873], [-77.02371430388887, -12.129131139075827]], [[-77.02408710699203, -12.128149655087697], [-77.02383662766479, -12.129139668556064]], [[-77.02409196688365, -12.12758753225773], [-77.02383253383165, -12.128602001382873]], [[-77.02435177571023, -12.12711295363429], [-77.02408710699203, -12.128149655087697]], [[-77.0240982192659, -12.126402717571136], [-77.02416819814798, -12.126417609112373], [-77.02421692724421, -12.126433992621822], [-77.0242365670209, -12.126460153695295], [-77.02424702700048, -12.126558122855284], [-77.02423968857157, -12.12687383298289], [-77.02422631674612, -12.127034150422562], [-77.02418653842672, -12.12723770576751], [-77.02409196688365, -12.12758753225773]], [[-77.02439766634863, -12.126247090497305], [-77.0243778132385, -12.126930881983768], [-77.0243732264403, -12.126992093920038], [-77.02436453457302, -12.127052873221976], [-77.02435177571023, -12.12711295363429]], [[-77.02356707656574, -12.13182093515003], [-77.02354024732715, -12.132208779091034]], [[-77.02342785549223, -12.131673100727337], [-77.02339472461809, -12.132195299089354]], [[-77.0236917175245, -12.13065545206014], [-77.02356707656574, -12.13182093515003]], [[-77.0235271251843, -12.130636640550348], [-77.02346533401061, -12.131151532191582], [-77.02342785549223, -12.131673100727337]]]}, "geometry_name": "geometria", "properties": {"tipo": "AVENIDA", "codigo": 197, "observacion": "TRAMO", "nomenclatura": "Av. Reducto", "clasificacion": "COLECTORAS", "cod_via": 197, "tipo_abreviatura": null, "nom_anterior": null}}, {"type": "Feature", "id": "wms_tg_vias.168", "geometry": {"type": "MultiLineString", "coordinates": [[[-77.02766047403175, -12.12040457940641], [-77.02682172336414, -12.120408866093358], [-77.02675610479548, -12.120409116309716]], [[-77.02675610479548, -12.120409116309716], [-77.02577613925484, -12.1204070300817]], [[-77.02897230924812, -12.120351893957489], [-77.02864462970233, -12.120371165923286], [-77.02831672924805, -12.120386372324585], [-77.02798865998292, -12.12039751074301], [-77.02766047403175, -12.12040457940641]], [[-77.0252260377891, -12.120168213407958], [-77.02437968805125, -12.119968168010905]], [[-77.02437968805125, -12.119968168010905], [-77.02412944656119, -12.119909019614543]]]}, "geometry_name": "geometria", "properties": {"tipo": "CALLE", "codigo": 380, "observacion": "TRAMO", "nomenclatura": "Ca. Esperanza", "clasificacion": "LOCALES", "cod_via": 380, "tipo_abreviatura": null, "nom_anterior": null}}, {"type": "Feature", "id": "wms_tg_vias.172", "geometry": {"type": "MultiLineString", "coordinates": [[[-77.03187482558086, -12.130061072021942], [-77.03216083960528, -12.131007367777418]], [[-77.0317350259693, -12.12959257441669], [-77.03187482558086, -12.130061072021942]], [[-77.03157949503967, -12.12907904949806], [-77.0317278956566, -12.129567628276885], [-77.0317350259693, -12.12959257441669]], [[-77.03017315731898, -12.124376140054787], [-77.03019191190512, -12.124436644661683]], [[-77.03052911124024, -12.12555604639281], [-77.03055756319701, -12.125649975054587], [-77.03058486511736, -12.125741951775526], [-77.0307257500373, -12.12622162194923], [-77.03074105277116, -12.126271884500376], [-77.03078063342042, -12.126399265576813]], [[-77.03019191190512, -12.124436644661683], [-77.03048689528617, -12.125415507007201], [-77.03052911124024, -12.12555604639281]], [[-77.03078063342042, -12.126399265576813], [-77.03102657703292, -12.127223125786376]], [[-77.0312831609709, -12.128082048476623], [-77.03157949503967, -12.12907904949806]], [[-77.03102657703292, -12.127223125786376], [-77.0312831609709, -12.128082048476623]]]}, "geometry_name": "geometria", "properties": {"tipo": "CALLE", "codigo": 353, "observacion": "TRAMO", "nomenclatura": "Ca. Colon", "clasificacion": "LOCALES", "cod_via": 353, "tipo_abreviatura": null, "nom_anterior": null}}, {"type": "Feature", "id": "wms_tg_vias.188", "geometry": {"type": "MultiLineString", "coordinates": [[[-77.03313277013172, -12.124349977664364], [-77.03374258418769, -12.12384113113898]], [[-77.03374258418769, -12.12384113113898], [-77.03384608207014, -12.123754769230192], [-77.03384645451281, -12.12375446462504]]]}, "geometry_name": "geometria", "properties": {"tipo": "CALLE", "codigo": 671, "observacion": "TRAMO", "nomenclatura": "Ca. Victor Fajardo", "clasificacion": "LOCALES", "cod_via": 671, "tipo_abreviatura": null, "nom_anterior": null}}, {"type": "Feature", "id": "wms_tg_vias.191", "geometry": {"type": "MultiLineString", "coordinates": [[[-77.03246096515169, -12.119012563872326], [-77.0324604408824, -12.11896964584005], [-77.0324592463181, -12.118837956109916], [-77.03245660947537, -12.11865795029906], [-77.03245525190538, -12.118496356537017], [-77.03245297296161, -12.118335107552243], [-77.03245160807313, -12.11817351293615], [-77.03245021378387, -12.118068934406537], [-77.03245012620336, -12.118036742283794], [-77.03245061336656, -12.117979891851835]], [[-77.03245061336656, -12.117979891851835], [-77.03245132067838, -12.117905533029713], [-77.0324512146504, -12.117855010895978], [-77.03244903944218, -12.11761221680174], [-77.03244678935984, -12.117312331456679], [-77.03244640790463, -12.117278444133543], [-77.032445308124, -12.117208028315588], [-77.0324439904463, -12.117053867168169], [-77.03244373078333, -12.117002095286129], [-77.03244380060094, -12.116946285482276]], [[-77.03244380060094, -12.116946285482276], [-77.03244384538114, -12.116862659337011], [-77.03244203135668, -12.11655483804925], [-77.03244123615443, -12.116329182686702], [-77.03243998423179, -12.116214879923298], [-77.03243913446478, -12.116154310168868], [-77.03243826700941, -12.115991541449112], [-77.0324376362435, -12.115956747622104], [-77.03243620178321, -12.115911394159696]], [[-77.03239723702349, -12.113879955120524], [-77.0323970641165, -12.113839753153918], [-77.03239699113088, -12.113816637868682]], [[-77.03239699113088, -12.113816637868682], [-77.032396672112, -12.113715986608335], [-77.03239695491872, -12.113584051913254], [-77.03239596569914, -12.113367166678604], [-77.03239630677686, -12.113233218770787], [-77.0323960974749, -12.113124728870256], [-77.0323963367366, -12.113027814380159], [-77.03239582146502, -12.11282427221361], [-77.03239609977378, -12.1127717190979], [-77.03239707979309, -12.11267377154681], [-77.03239785779944, -12.112640887078198], [-77.03239972726917, -12.11258959576968]], [[-77.03243620178321, -12.115911394159696], [-77.03243444823386, -12.115860166470254], [-77.0324333594292, -12.115819585296407], [-77.03243269805249, -12.115778077296818], [-77.03243214615381, -12.115712081599721], [-77.03243170389837, -12.115679742942866], [-77.03242929010186, -12.115560458760319], [-77.03242732637537, -12.115479398780593], [-77.0324240743623, -12.115321813701268], [-77.0324206177315, -12.115186702425241], [-77.0324184070852, -12.115115488539608], [-77.0324166120072, -12.115024427578078], [-77.03241532689785, -12.114970648613625], [-77.03241411074127, -12.114931440351778], [-77.03241187159142, -12.11487017128337]], [[-77.03241187159142, -12.11487017128337], [-77.03241004481087, -12.114818484990447], [-77.03240901838856, -12.114776675982803], [-77.03240839236297, -12.11473291723607], [-77.03240773435647, -12.11465823489896], [-77.03240728691613, -12.114623751538486], [-77.03240466227126, -12.114468950099981], [-77.03240202929452, -12.114329307405425], [-77.03240040834855, -12.114225810557153], [-77.03239988528138, -12.114181939885306], [-77.03239882775948, -12.114053008432165], [-77.0323975572895, -12.113954676993359], [-77.03239723702349, -12.113879955120524]], [[-77.03238407770836, -12.110627186429511], [-77.0323866230062, -12.11059577577567], [-77.0323908926682, -12.11054924441347], [-77.03242188525122, -12.110231906844769], [-77.03242999105754, -12.110152804822944], [-77.0324548556179, -12.109915464923716], [-77.03245744631265, -12.109889083635911], [-77.03245894525645, -12.109871482718987], [-77.03245992740368, -12.109856470482686], [-77.03246048386141, -12.109843706427181], [-77.03246123434059, -12.10981057722433], [-77.03246161504795, -12.109757829935571], [-77.0324624599671, -12.109686802415366], [-77.03246223400048, -12.109646494178488], [-77.0324622910937, -12.109625268703889], [-77.03246261215664, -12.109601664277008], [-77.03246336073182, -12.109567918689809]], [[-77.03246336073182, -12.109567918689809], [-77.03246355597742, -12.109554270643585], [-77.03246415308381, -12.109534496345603], [-77.03246472484477, -12.109523026432676], [-77.03246554480856, -12.109511221195772], [-77.03246666391652, -12.109499622547306], [-77.03246799185308, -12.109489525403777], [-77.03246949951142, -12.109480481688959], [-77.03247110320211, -12.109472355540872], [-77.03247457940846, -12.109456187137054], [-77.03248753294677, -12.109399679177049], [-77.03249331984946, -12.109373657689044], [-77.03254851672241, -12.109111094404849]], [[-77.03292374407741, -12.10698158387183], [-77.03293037343461, -12.106945160600116], [-77.03293581622128, -12.10691384531275], [-77.03295358103341, -12.106803388987252], [-77.03297969754266, -12.106644403805891], [-77.03302258027428, -12.106387077044184], [-77.03304660027474, -12.106244284503893], [-77.0330715079089, -12.106093778680691], [-77.03309920896878, -12.105931191059764], [-77.03310699974892, -12.105884883357822]], [[-77.03273935081317, -12.108051485771073], [-77.03275346468182, -12.107973542707361], [-77.0327804236331, -12.107819426495887], [-77.03281879399735, -12.107597400322733], [-77.03283134903063, -12.107525501606473], [-77.03284803766965, -12.10742830571739], [-77.03287061733116, -12.107298705782245], [-77.03287890313244, -12.107249597162582], [-77.03289668242226, -12.107138016391392], [-77.03290791269336, -12.107069594393453], [-77.03291515617205, -12.107028029371138], [-77.03292374407741, -12.10698158387183]], [[-77.03254851672241, -12.109111094404849], [-77.03259447675765, -12.108881816492557], [-77.0326189658296, -12.108744663891237], [-77.03263661246226, -12.108647462788257], [-77.03265244562584, -12.1085574891764]], [[-77.03265244562584, -12.1085574891764], [-77.03267290422411, -12.108439120145148], [-77.03268899453107, -12.108341011270943], [-77.03271199705671, -12.108202709071193], [-77.03272242459911, -12.108143871522127], [-77.03273935081317, -12.108051485771073]], [[-77.03239972726917, -12.11258959576968], [-77.03240089452513, -12.112559842858637], [-77.03240175786001, -12.112527189139762], [-77.03240191713392, -12.112506726638179], [-77.03240166957853, -12.112481537484467], [-77.0324012154532, -12.112456845131776], [-77.03240056113339, -12.112432156957324], [-77.0323965966333, -12.112335490180092], [-77.03239555426616, -12.112296297808355], [-77.03239337143198, -12.11215336192705], [-77.03239222441782, -12.112067930541889], [-77.03238718361666, -12.111757644603042], [-77.03238569992257, -12.111655147245774]], [[-77.03238569992257, -12.111655147245774], [-77.03238441903278, -12.111533689196678], [-77.03238303246948, -12.111456408306005], [-77.03238257203117, -12.111423353050949], [-77.0323820814105, -12.111347585802301], [-77.03238138032089, -12.11129413514429], [-77.03238084873529, -12.111219507898477], [-77.03237992383768, -12.111143760099054], [-77.03237963615705, -12.111063858242465], [-77.03237938914263, -12.110866359662838], [-77.03237959439339, -12.110823807724763], [-77.03238048374762, -12.110764604416234], [-77.03238183682853, -12.11069336981692], [-77.03238302160383, -12.110650147306073], [-77.03238363539121, -12.110634399356272], [-77.03238407770836, -12.110627186429511]]]}, "geometry_name": "geometria", "properties": {"tipo": "CALLE", "codigo": 443, "observacion": "TRAMO", "nomenclatura": "Ca. Independencia", "clasificacion": "LOCALES", "cod_via": 443, "tipo_abreviatura": null, "nom_anterior": null}}, {"type": "Feature", "id": "wms_tg_vias.203", "geometry": {"type": "MultiLineString", "coordinates": [[[-77.02610900252114, -12.130060282551847], [-77.02615361182016, -12.130878924967913]], [[-77.0260814923494, -12.129254161108811], [-77.02608337987483, -12.129291603055297], [-77.02608478471814, -12.129324486092141], [-77.02609019919278, -12.12949357852269], [-77.02609414362826, -12.129635746316268], [-77.02610347585106, -12.129952217198454], [-77.0261044082769, -12.129977642725674], [-77.02610535715593, -12.129998315892536], [-77.02610716207965, -12.130030778439476], [-77.02610900252114, -12.130060282551847]], [[-77.02604974757017, -12.128281712316317], [-77.02605241201121, -12.128326798445375], [-77.02605429145629, -12.128361594094912], [-77.0260550842931, -12.128379610297161], [-77.02605594044606, -12.128404062981499], [-77.0260640282008, -12.128686791973875], [-77.02607384875255, -12.12902088363744], [-77.02607794769243, -12.129174635362464], [-77.02607913918719, -12.129206269988954], [-77.0260814923494, -12.129254161108811]], [[-77.02585622897755, -12.122149769726786], [-77.02589726342072, -12.12350658578373]], [[-77.02594460646688, -12.125030604987344], [-77.02594536960234, -12.125055155972174], [-77.02594744728782, -12.125098094433076]], [[-77.02589726342072, -12.12350658578373], [-77.02594460646688, -12.125030604987344]], [[-77.02594744728782, -12.125098094433076], [-77.02598024671892, -12.126006456492975]], [[-77.0260239727851, -12.127371730989537], [-77.02602601971172, -12.127459472505633], [-77.02603122025303, -12.127658040730667], [-77.02603353382749, -12.127769164609802], [-77.02603720816157, -12.127907582681805], [-77.02604156854632, -12.128082954394205], [-77.02604336491835, -12.128150043836857], [-77.02604443573847, -12.128183581872694], [-77.02604521380087, -12.12820183136667], [-77.0260470803827, -12.12823662711095], [-77.02604974757017, -12.128281712316317]], [[-77.02598024671892, -12.126006456492975], [-77.02598242998252, -12.126056680706565], [-77.02598458485726, -12.126115673004142], [-77.02599018476502, -12.126295271848337], [-77.02599388636837, -12.126403876611004], [-77.02600021056762, -12.126601413525213], [-77.02600638756498, -12.126785049985912], [-77.02600771131087, -12.126832015009194], [-77.02600948000347, -12.126910893980519], [-77.0260104078815, -12.1269458204165], [-77.02601236128102, -12.127006710378469], [-77.02601513274556, -12.127083608091125], [-77.02601738700892, -12.12715295552828], [-77.0260208905006, -12.12724821062584], [-77.02602221646652, -12.12729425103143], [-77.0260239727851, -12.127371730989537]]]}, "geometry_name": "geometria", "properties": {"tipo": "CALLE", "codigo": 420, "observacion": "TRAMO", "nomenclatura": "Ca. Grimaldo Del Solar", "clasificacion": "LOCALES", "cod_via": 420, "tipo_abreviatura": null, "nom_anterior": null}}, {"type": "Feature", "id": "wms_tg_vias.205", "geometry": {"type": "MultiLineString", "coordinates": [[[-77.03073048063467, -12.122987622081762], [-77.03101411802166, -12.123050416323323], [-77.0311512449565, -12.123005418447471]], [[-77.0307013876174, -12.12293892380383], [-77.03069714990505, -12.122941467369923], [-77.03069341950908, -12.122944689751574], [-77.03069030744328, -12.12294849505325], [-77.03068790632045, -12.12295277003205], [-77.03068628759611, -12.122957387467904], [-77.03068549944221, -12.122962209949435], [-77.03068556531387, -12.122967093963322], [-77.0306864832507, -12.122971894164943], [-77.03068822593575, -12.122976467704193], [-77.03069074150797, -12.122980678475823], [-77.03069395510583, -12.122984401170436], [-77.03069777109518, -12.122987525003671], [-77.03070207591519, -12.122989957012383], [-77.03070674145754, -12.122991624822026], [-77.03071162887929, -12.12299247879976], [-77.03071659273445, -12.122992493531886], [-77.03072148530238, -12.122991668580054], [-77.03072616098403, -12.122990028494085], [-77.03073048063467, -12.122987622081762]], [[-77.0307013876174, -12.12293892380383], [-77.03070584179721, -12.122937183556392], [-77.0307105277289, -12.122936194884073], [-77.03071531542939, -12.122935985211504], [-77.03072007209236, -12.122936560355026], [-77.03072466577274, -12.12293790436046], [-77.03072896904636, -12.122939979946562], [-77.03073286254453, -12.122942729538495], [-77.03073623826549, -12.122946076865338], [-77.0307390025699, -12.122949929075517], [-77.03074107877882, -12.12295417931247], [-77.0307424093, -12.122958709678663], [-77.03074295722605, -12.122963394506229], [-77.03074270735813, -12.122968103842611], [-77.03074166662728, -12.122972707055387], [-77.03073986390227, -12.122977076455879], [-77.03073734918881, -12.122981090841092], [-77.03073419224285, -12.122984638855861], [-77.03073048063467, -12.122987622081762]], [[-77.03064329775286, -12.12265844546667], [-77.0307013876174, -12.12293892380383]]]}, "geometry_name": "geometria", "properties": {"tipo": "PASAJE", "codigo": 723, "observacion": "TRAMO", "nomenclatura": "Psje. Porta", "clasificacion": "LOCALES", "cod_via": 723, "tipo_abreviatura": null, "nom_anterior": null}}, {"type": "Feature", "id": "wms_tg_vias.209", "geometry": {"type": "MultiLineString", "coordinates": [[[-77.03583376636696, -12.119060442303159], [-77.03583293830066, -12.11898129296884]], [[-77.03583293830066, -12.11898129296884], [-77.03583017319438, -12.118716975036136], [-77.03582706008977, -12.118562150450366], [-77.03582553435498, -12.118430727326873], [-77.03582343275106, -12.11832643529484], [-77.03582232178461, -12.118250186542507], [-77.03582080304562, -12.118166311748844], [-77.03581936407991, -12.118048021204185], [-77.03581896333382, -12.118030663821198], [-77.03581820151359, -12.118009900833155], [-77.0358151968854, -12.117947491520304]], [[-77.0358151968854, -12.117947491520304], [-77.0358135611263, -12.117914313928951], [-77.03581262926201, -12.1178909908], [-77.03581226937867, -12.117879263834649], [-77.03581191560684, -12.11785962218598], [-77.03581187370933, -12.11776798097681], [-77.03581078419427, -12.117604200156224], [-77.03581028279773, -12.117415503380899], [-77.03580747362146, -12.116996953768824], [-77.03580764577505, -12.116953036517376], [-77.03580825108351, -12.116912461979362]], [[-77.03578824904665, -12.114846870760076], [-77.03578922251265, -12.114797062027149], [-77.03578938745753, -12.114773629613488], [-77.03578912379686, -12.114745878340027], [-77.03578811748486, -12.114679652924563], [-77.03578817521868, -12.114662795591741], [-77.03578874734474, -12.114633586668088], [-77.03578883365154, -12.11462243666818], [-77.03578870270285, -12.114606132946617], [-77.03578787695672, -12.114552578486613]], [[-77.03578787695672, -12.114552578486613], [-77.03578724095183, -12.114478255853951], [-77.03578554985643, -12.114370888734365], [-77.03578495588256, -12.114279816435852], [-77.03578292140234, -12.114135147189632], [-77.03578244839875, -12.114110553546514], [-77.03578175576513, -12.11408497546188], [-77.03577923383166, -12.114010125289798]], [[-77.03580825108351, -12.116912461979362], [-77.0358096445996, -12.116827088973356], [-77.03580982268053, -12.116771113083415], [-77.03580942671923, -12.116707143618727], [-77.0358081821971, -12.116573538429458], [-77.0358068327204, -12.116356558704295], [-77.0358055664601, -12.11624539972184], [-77.03580399683273, -12.116137717200397], [-77.0358025107909, -12.115979398267788], [-77.03580176676226, -12.11593977811252], [-77.03580031607561, -12.115883152590333]], [[-77.03580031607561, -12.115883152590333], [-77.03579821524332, -12.115799167270948], [-77.03579706454528, -12.11572916862205], [-77.0357953720325, -12.11559812539], [-77.03579370822513, -12.115449787594915], [-77.03578729080986, -12.114969197258445], [-77.03578700235417, -12.114933572198556], [-77.03578710546927, -12.114912403372285], [-77.03578824904665, -12.114846870760076]], [[-77.03576903515143, -12.113297328457945], [-77.0357679437856, -12.11327645851907], [-77.03576706478687, -12.113255857259842], [-77.03576639497092, -12.113234741102566], [-77.03576587252584, -12.113206530783422], [-77.03576579232706, -12.113182379832214], [-77.03576620393699, -12.113116724245215], [-77.03576609559028, -12.113083407086267], [-77.03576531255806, -12.112988829394046], [-77.0357641294726, -12.112886669885967], [-77.03576333652323, -12.11277236395785], [-77.035762740192, -12.112731133027285], [-77.03576176690646, -12.112686337535546]], [[-77.03576176690646, -12.112686337535546], [-77.03575998751376, -12.112604988047806], [-77.03575844739585, -12.112489771140458], [-77.03575731503305, -12.112382181181376], [-77.0357556399414, -12.112258484837795], [-77.03575457721078, -12.11215086996293], [-77.03575301922334, -12.112050740439875], [-77.0357522465777, -12.111978488514998], [-77.03575126350916, -12.111907677899266], [-77.03574923003075, -12.11169282164417], [-77.03574831701228, -12.11164930820902], [-77.03574683931967, -12.111604606795872]], [[-77.03471674553822, -12.109314552800527], [-77.03467435350224, -12.109258692026664], [-77.03462244090069, -12.109191936967097], [-77.034529489343, -12.109073943182036], [-77.03442954991189, -12.108946323518028], [-77.03440698436894, -12.108917825609378], [-77.03436255575934, -12.108862264400095], [-77.03431379385887, -12.108800513136957], [-77.03422951012118, -12.108692595478718], [-77.03415565544918, -12.108598375362902]], [[-77.03568058634845, -12.110668462842], [-77.03563707505815, -12.11054677263528], [-77.03558507192349, -12.110442806030482], [-77.03554993455005, -12.110381868853523], [-77.03551261998068, -12.110325961969426], [-77.0353019046547, -12.11005817781692]], [[-77.0353019046547, -12.11005817781692], [-77.03525026445469, -12.109989718153495], [-77.0352297277966, -12.109963184795111], [-77.03514795534586, -12.10986000404624], [-77.0350717010761, -12.109763492653828], [-77.03496315969872, -12.109627259809503], [-77.03477139873316, -12.109385412714573], [-77.03474565406222, -12.10935239291117], [-77.03471674553822, -12.109314552800527]], [[-77.03574683931967, -12.111604606795872], [-77.03573717112067, -12.110916803442539], [-77.03572889770885, -12.110870885663005]], [[-77.03572889770885, -12.110870885663005], [-77.0357077516238, -12.110774496125918], [-77.03569207548706, -12.110710044962016], [-77.03568058634845, -12.110668462842]], [[-77.03577923383166, -12.114010125289798], [-77.03577710797951, -12.113947419379793]], [[-77.03577710797951, -12.113947419379793], [-77.03576903515143, -12.113297328457945]]]}, "geometry_name": "geometria", "properties": {"tipo": "CALLE", "codigo": 307, "observacion": "TRAMO", "nomenclatura": "Ca. Arica", "clasificacion": "LOCALES", "cod_via": 307, "tipo_abreviatura": null, "nom_anterior": null}}, {"type": "Feature", "id": "wms_tg_vias.214", "geometry": {"type": "MultiLineString", "coordinates": [[[-77.03138546611179, -12.12249616235723], [-77.03125953720564, -12.121674147203032]]]}, "geometry_name": "geometria", "properties": {"tipo": "CALLE", "codigo": 472, "observacion": "TRAMO", "nomenclatura": "Ca. Juan Figari", "clasificacion": "LOCALES", "cod_via": 472, "tipo_abreviatura": null, "nom_anterior": null}}, {"type": "Feature", "id": "wms_tg_vias.222", "geometry": {"type": "MultiLineString", "coordinates": [[[-77.03569478663961, -12.1274993508328], [-77.03596728074591, -12.127075588968795], [-77.03599501350124, -12.127034915428041]], [[-77.03599501350124, -12.127034915428041], [-77.03601076666581, -12.12699364141889], [-77.03602346421285, -12.126951360032548], [-77.03602842684946, -12.126918214729061], [-77.03602806444168, -12.126884713548014], [-77.03602238589683, -12.126851679700035], [-77.0360115307533, -12.126819924911544], [-77.03599289492892, -12.126789203871619], [-77.03597079624286, -12.12676079249], [-77.03594552723345, -12.126735066870253], [-77.03591742240674, -12.126712367562337]], [[-77.03673762936097, -12.126002117038054], [-77.03684406142811, -12.125803964196392], [-77.03692532015457, -12.125623539267936], [-77.03695244089613, -12.12553870840133]], [[-77.03599501350124, -12.127034915428041], [-77.0360393855478, -12.126969840654422], [-77.0362325901186, -12.126729969531308]], [[-77.0362325901186, -12.126729969531308], [-77.03624788637372, -12.126541827435014], [-77.03629625681982, -12.126165551774108], [-77.036305485919, -12.126105996317243], [-77.03632394970396, -12.126075111321578], [-77.03634593470659, -12.126051922567417], [-77.03638669899853, -12.126012431217397], [-77.03638705410553, -12.126012020990837], [-77.03638962865108, -12.126009230998942]], [[-77.0362325901186, -12.126729969531308], [-77.03641875999328, -12.12647528874085], [-77.0365395403033, -12.126306863335238], [-77.03673762936097, -12.126002117038054]], [[-77.03638962865108, -12.126009230998942], [-77.03686029300155, -12.125499282112653]], [[-77.0388026925633, -12.123526090410449], [-77.03892830796659, -12.12346355746487], [-77.03902101574485, -12.123429149884583], [-77.03914208095587, -12.123385255161118]], [[-77.0388026925633, -12.123526090410449], [-77.0389475892932, -12.12336082016695], [-77.03897205627091, -12.123331427365958]], [[-77.03748466006499, -12.124331580406384], [-77.03752010472856, -12.124294732831702], [-77.03758388564474, -12.124242681860297], [-77.03759191690948, -12.124236611595018], [-77.03761964141842, -12.124215841637774], [-77.03765332852635, -12.124191155027255], [-77.03768620075864, -12.124167899707157], [-77.03771388059096, -12.124149110309475], [-77.03775572732289, -12.12412159171674], [-77.03777656014411, -12.124107702484396], [-77.03782185407032, -12.124076441181913], [-77.03783703694941, -12.124066154487902], [-77.03784470410746, -12.124061124463308], [-77.03785855879723, -12.12405240660027], [-77.03787257517827, -12.124043935190333], [-77.03788670590117, -12.124035643700056], [-77.03790815923378, -12.124023517740408], [-77.03797583060837, -12.123987041388881], [-77.0380089854864, -12.123968838944107]], [[-77.0380089854864, -12.123968838944107], [-77.0388026925633, -12.123526090410449]], [[-77.03695244089613, -12.12553870840133], [-77.03719080429016, -12.1249625620361]], [[-77.03719080429016, -12.1249625620361], [-77.0372160612159, -12.124900951890572], [-77.03725475010262, -12.124805670217738], [-77.03732732322007, -12.124623955202734], [-77.03737461088186, -12.12450831986245], [-77.03739840450264, -12.124461944176096], [-77.03743944988551, -12.124394565539024], [-77.03748466006499, -12.124331580406384]], [[-77.04025398356723, -12.122662822873204], [-77.04025970441194, -12.122655025212108], [-77.04080264909133, -12.121861763497444]], [[-77.04080264909133, -12.121861763497444], [-77.04087703403778, -12.121755764422586], [-77.04091839881342, -12.12172257853528], [-77.0409356406313, -12.121712886615057], [-77.04105037869668, -12.121661226228808], [-77.04112819153724, -12.121627473657545], [-77.04116958893735, -12.12161790661198], [-77.04121348366635, -12.12161847540772], [-77.04126272491962, -12.121622298283157], [-77.0412913230348, -12.121628065425723], [-77.04134126686529, -12.121644436949795], [-77.04138459082587, -12.121669226444936], [-77.0414050950297, -12.12168258548945], [-77.04143659424342, -12.121716670020891], [-77.04145261613111, -12.121746443520953], [-77.0414675884647, -12.121797747032675], [-77.04151004524873, -12.121948087576747], [-77.04152544642132, -12.121976071590105], [-77.0415573511192, -12.12201708709605], [-77.04161448453414, -12.122056210376615], [-77.0416720376066, -12.122078416767195], [-77.04170941728171, -12.12208753012438]], [[-77.04324350074951, -12.120593240568018], [-77.0432367418078, -12.120073736473065]], [[-77.04238057526311, -12.121167130806343], [-77.04296691551193, -12.121166108650726]], [[-77.04296691551193, -12.121166108650726], [-77.04298958321513, -12.121153943588887], [-77.04300261856393, -12.121142369209652], [-77.04301924369102, -12.12112359488493], [-77.04324350074951, -12.120593240568018]], [[-77.04453733678267, -12.119860439720958], [-77.04453518184262, -12.119848916312108], [-77.04453114365714, -12.119837893798792], [-77.04452533061868, -12.119827668045628], [-77.04451789876013, -12.119818513530525], [-77.04450904756612, -12.119810675977336], [-77.04449901461905, -12.119804365760325], [-77.04447265369186, -12.119789256091911], [-77.04435901966517, -12.119738441828787], [-77.04394849443023, -12.119593347533499]], [[-77.04394849443023, -12.119593347533499], [-77.04376136206419, -12.11952575442497]], [[-77.04394849443023, -12.119593347533499], [-77.0439164905483, -12.11956994323373], [-77.04388841893255, -12.119542077486908], [-77.043864915525, -12.119510381572002], [-77.04384651277762, -12.119475573537953], [-77.04383362758986, -12.119438441936262], [-77.04382655186434, -12.119399827956961], [-77.04382544589404, -12.119360606372009]], [[-77.04376136206419, -12.11952575442497], [-77.04382544589404, -12.119360606372009]], [[-77.04382544589404, -12.119360606372009], [-77.04395833989675, -12.119018127392307]], [[-77.04324350074951, -12.120593240568018], [-77.0433361267873, -12.120374469209683], [-77.04336477755831, -12.120307301571332], [-77.04338490590649, -12.12026984872488], [-77.04342247227541, -12.12022461483085], [-77.04346535303965, -12.120188189988076]], [[-77.0432534151666, -12.120041399320906], [-77.04346535303965, -12.120188189988076]], [[-77.04346535303965, -12.120188189988076], [-77.043537056739, -12.120158008522397], [-77.04381830055613, -12.120071761170921], [-77.04384390192457, -12.120067937315753], [-77.04386674442641, -12.120067768894641], [-77.04417839769944, -12.120145340782933], [-77.04419981814651, -12.120149965743485], [-77.04422708252554, -12.120155981940698], [-77.04424167003181, -12.12015683058732], [-77.0442528410741, -12.120155791982091], [-77.04426640132054, -12.120149474722144], [-77.04451109541334, -12.119922886271972], [-77.04451965496715, -12.119914740998851], [-77.04452674802656, -12.119905329745952], [-77.04453218419881, -12.119894905131583], [-77.0445358175655, -12.11988374697487], [-77.04453755059959, -12.119872154784886], [-77.04453733678267, -12.119860439720958]], [[-77.04170941728171, -12.12208753012438], [-77.04173897692851, -12.122080837520015], [-77.04176658147581, -12.122068038756545], [-77.04181975170026, -12.122029068198065], [-77.04191221746862, -12.12194765292409], [-77.04247764353717, -12.121430697610345], [-77.04250816211585, -12.121409297508858], [-77.04254660907694, -12.121383905626942], [-77.04258289231772, -12.121362048192378]], [[-77.04258289231772, -12.121362048192378], [-77.04262135891274, -12.121338875898433], [-77.04292859172209, -12.121186676075014], [-77.04296691551193, -12.121166108650726]], [[-77.03914208095587, -12.123385255161118], [-77.03916270334787, -12.123377778080695]], [[-77.03916270334787, -12.123377778080695], [-77.03916642772397, -12.123376427505915], [-77.03947607037348, -12.123265742077344], [-77.03966412084793, -12.123195488197494], [-77.03981899167385, -12.123108260939865], [-77.0399369541052, -12.123025131088776], [-77.04004319395445, -12.122934434975042], [-77.04011255456778, -12.122851662822676], [-77.04025398356723, -12.122662822873204]]]}, "geometry_name": "geometria", "properties": {"tipo": "MALECON", "codigo": 517, "observacion": "ACCESO", "nomenclatura": "Ml. Cisneros", "clasificacion": "LOCALES", "cod_via": 517, "tipo_abreviatura": null, "nom_anterior": null}}, {"type": "Feature", "id": "wms_tg_vias.223", "geometry": {"type": "MultiLineString", "coordinates": [[[-77.02432268910098, -12.123723209412955], [-77.02455847009416, -12.123712552819262]], [[-77.02391850258611, -12.123628454889285], [-77.02432268910098, -12.123723209412955]], [[-77.02204950512478, -12.121642264561002], [-77.02250439696041, -12.122292249234738]], [[-77.02250439696041, -12.122292249234738], [-77.0230495232853, -12.123073979168796]], [[-77.0234940503766, -12.123525929397264], [-77.02391850258611, -12.123628454889285]], [[-77.0230495232853, -12.123073979168796], [-77.02334196919352, -12.123492042337078], [-77.0234940503766, -12.123525929397264]]]}, "geometry_name": "geometria", "properties": {"tipo": "CALLE", "codigo": 462, "observacion": "PUENTE", "nomenclatura": "Ca. Jose Felix Olcay", "clasificacion": "LOCALES", "cod_via": 462, "tipo_abreviatura": null, "nom_anterior": null}}, {"type": "Feature", "id": "wms_tg_vias.225", "geometry": {"type": "MultiLineString", "coordinates": [[[-77.02530297884066, -12.126110681631419], [-77.02439766634863, -12.126247090497305]], [[-77.02598024671892, -12.126006456492975], [-77.02530297884066, -12.126110681631419]], [[-77.0294163625595, -12.12548216694687], [-77.02798900549662, -12.125702765075275]], [[-77.02693873015583, -12.125858897473753], [-77.02598024671892, -12.126006456492975]], [[-77.02798900549662, -12.125702765075275], [-77.02693873015583, -12.125858897473753]]]}, "geometry_name": "geometria", "properties": {"tipo": "CALLE", "codigo": 325, "observacion": "TRAMO", "nomenclatura": "Ca. Bolivar", "clasificacion": "LOCALES", "cod_via": 325, "tipo_abreviatura": null, "nom_anterior": null}}, {"type": "Feature", "id": "wms_tg_vias.227", "geometry": {"type": "MultiLineString", "coordinates": [[[-77.02908403129032, -12.122378711352523], [-77.02899600304765, -12.122404531439997], [-77.02898740062643, -12.122405787446262], [-77.02897871502643, -12.122406611136052], [-77.02896997014506, -12.122407126156384], [-77.02895236668544, -12.122407574974837], [-77.02894352520663, -12.122407583663962], [-77.02845645544198, -12.122396480952485]], [[-77.02845645544198, -12.122396480952485], [-77.0282356190345, -12.122392983375804], [-77.02808209862836, -12.122390100040148], [-77.02792878019626, -12.122381834265118], [-77.027775858575, -12.12236819655335]], [[-77.027775858575, -12.12236819655335], [-77.02681635627158, -12.122261764059566]], [[-77.0297548682292, -12.122168431052605], [-77.02908403129032, -12.122378711352523]], [[-77.03014088400059, -12.122050799202588], [-77.0297548682292, -12.122168431052605]], [[-77.02681635627158, -12.122261764059566], [-77.02585622897755, -12.122149769726786]], [[-77.02472269628177, -12.122107324497149], [-77.02389172034495, -12.121910517534653]], [[-77.02303850191956, -12.121559104844412], [-77.02225242842884, -12.121373507377333]], [[-77.0247600319992, -12.12196735125971], [-77.0239273103809, -12.121767981226327]], [[-77.02389172034495, -12.121910517534653], [-77.02299776648385, -12.12169879097903]], [[-77.02299776648385, -12.12169879097903], [-77.02220065300043, -12.121510262493503]], [[-77.0239273103809, -12.121767981226327], [-77.02303850191956, -12.121559104844412]], [[-77.02585622897755, -12.122149769726786], [-77.02580720110936, -12.12214371463402], [-77.02563980014386, -12.122123604564024], [-77.02544744145754, -12.122100810788504], [-77.02537997436811, -12.122092539551941], [-77.02530604098285, -12.122083172227056], [-77.02522701790336, -12.122074380744317]], [[-77.02522701790336, -12.122074380744317], [-77.0247587343162, -12.122096296822361], [-77.02474035618299, -12.122100674332886], [-77.02472269628177, -12.122107324497149]]]}, "geometry_name": "geometria", "properties": {"tipo": "AVENIDA", "codigo": 49, "observacion": "TRAMO", "nomenclatura": "Av. Ernesto Diez Canseco", "clasificacion": "LOCALES", "cod_via": 49, "tipo_abreviatura": null, "nom_anterior": null}}, {"type": "Feature", "id": "wms_tg_vias.237", "geometry": {"type": "MultiLineString", "coordinates": [[[-77.02672251608786, -12.119134880866245], [-77.02672081150666, -12.11907614285903]], [[-77.02672081150666, -12.11907614285903], [-77.02671955129286, -12.119032586542481], [-77.02671895743153, -12.119005511782891], [-77.02671856879473, -12.118973380504181], [-77.02671830877549, -12.1189242213772], [-77.02671818855575, -12.118798323098071], [-77.02671767891626, -12.118702353773253], [-77.02671752284267, -12.118612824232835], [-77.02671660005701, -12.118380741174436], [-77.02671611826024, -12.118337971807852], [-77.02671508317584, -12.118298683449362]], [[-77.02670581887924, -12.116809178123042], [-77.0267030839102, -12.116684012045567], [-77.02670298413344, -12.11667943316043]], [[-77.02671508317584, -12.118298683449362], [-77.02671305939045, -12.118230751487266], [-77.0267125179451, -12.118201249608266], [-77.02671199882191, -12.11815742847699], [-77.02671166431489, -12.118113972039849], [-77.0267114169803, -12.118038385362453], [-77.02671043468189, -12.117933211453778], [-77.02671002561345, -12.11783303685568], [-77.02670932541092, -12.117752331586143], [-77.02670910982927, -12.117711365183501], [-77.0267090306247, -12.117630793657135], [-77.0267093595353, -12.117579218850757], [-77.02671029264314, -12.117538328105436], [-77.02671191012844, -12.11748771728495]], [[-77.02671191012844, -12.11748771728495], [-77.02671301161516, -12.117446987091014], [-77.02671352407663, -12.117402448924594], [-77.02671349998194, -12.117349737895255], [-77.02671291520392, -12.117262175463498], [-77.02671230233325, -12.117199240299595], [-77.02671054974746, -12.117097995462363], [-77.02670950123007, -12.116977713913156], [-77.02670893709707, -12.116951895230228], [-77.02670581887924, -12.116809178123042]]]}, "geometry_name": "geometria", "properties": {"tipo": "CALLE", "codigo": 302, "observacion": "INTERSECCION", "nomenclatura": "Ca. Alfonso Ugarte", "clasificacion": "LOCALES", "cod_via": 302, "tipo_abreviatura": null, "nom_anterior": null}}, {"type": "Feature", "id": "wms_tg_vias.256", "geometry": {"type": "MultiLineString", "coordinates": [[[-77.03897205627091, -12.123331427365958], [-77.03914208095587, -12.123385255161118]], [[-77.03379589121172, -12.12334518574133], [-77.03386713795399, -12.123344939439768], [-77.03396901621727, -12.1233448442913], [-77.03407721627123, -12.12334410528851], [-77.03414357315371, -12.123344259944188], [-77.03420253900033, -12.123344076582864], [-77.03427714207714, -12.123344089335328], [-77.03430878781865, -12.123343781120498], [-77.03435143004054, -12.123343124653529], [-77.03446985384878, -12.123340673652404], [-77.03451702200327, -12.123339955916556], [-77.03459388678391, -12.123339288585326], [-77.03468389850556, -12.123339152855806], [-77.03476605169791, -12.123337955882494], [-77.03485394437539, -12.123337572648158]], [[-77.03485394437539, -12.123337572648158], [-77.0349599081126, -12.123336995234], [-77.03545172574724, -12.123331620109349]], [[-77.03800103900475, -12.123310905215284], [-77.03900057270077, -12.123297169412599]], [[-77.03694447526652, -12.123317344422745], [-77.03699771523752, -12.12331597608724], [-77.03703987962002, -12.123315422138242], [-77.03719074259513, -12.123314976589755], [-77.03748125525846, -12.123314430693718], [-77.03766577291869, -12.123313592846818], [-77.03788170969885, -12.123312854633514], [-77.03793054266225, -12.123312334662304], [-77.03800103900475, -12.123310905215284]], [[-77.03631296917341, -12.12332528690512], [-77.0363222148836, -12.123326017030827], [-77.03633915004605, -12.123326468318865], [-77.0363561396967, -12.123326474532613], [-77.0363731581405, -12.123326280792632], [-77.03646605878725, -12.123324735009476], [-77.03652119913183, -12.123323967388808], [-77.03665643927775, -12.123322793683723], [-77.03677463975448, -12.123321075424709], [-77.03686809244147, -12.123319535391891], [-77.03690263250972, -12.123318644344812], [-77.03694447526652, -12.123317344422745]]]}, "geometry_name": "geometria", "properties": {"tipo": "CALLE", "codigo": 514, "observacion": "TRAMO", "nomenclatura": "Ca. Madrid", "clasificacion": "LOCALES", "cod_via": 514, "tipo_abreviatura": null, "nom_anterior": null}}, {"type": "Feature", "id": "wms_tg_vias.257", "geometry": {"type": "MultiLineString", "coordinates": [[[-77.03031735357389, -12.117996492799554], [-77.03138299996883, -12.117989325017595]], [[-77.03352117069556, -12.117973244732953], [-77.03360879117783, -12.11797340644352], [-77.0336703659975, -12.117972952980368], [-77.03423076599354, -12.117967092007104], [-77.03442574968118, -12.117965219342262], [-77.03467711196966, -12.117962373337384], [-77.03476126992892, -12.117960869974043]], [[-77.03138299996883, -12.117989325017595], [-77.03156214309953, -12.117987612002626], [-77.0316631968267, -12.117987196876436], [-77.03176025200663, -12.11798637086088], [-77.03186255765347, -12.117985231574611], [-77.0320374192388, -12.11798358578318], [-77.03225852847758, -12.11798168132493], [-77.03236121175316, -12.117980563489674], [-77.03245061336656, -12.117979891851835]], [[-77.03245061336656, -12.117979891851835], [-77.03260429923726, -12.117978747999437], [-77.03277139278106, -12.117977912471883], [-77.03287470270854, -12.117977680103435], [-77.03342210357738, -12.117973269981842], [-77.03346359806463, -12.117973136466151], [-77.03352117069556, -12.117973244732953]], [[-77.0292195553328, -12.117987706374041], [-77.0292634145416, -12.118000829720824], [-77.02930862371095, -12.118008299424488], [-77.03031735357389, -12.117996492799554]], [[-77.03476126992892, -12.117960869974043], [-77.03482480317615, -12.117959602011833], [-77.03486472599684, -12.117958970977767], [-77.03572232490409, -12.117948337948077], [-77.0358151968854, -12.117947491520304]], [[-77.04166283195067, -12.117890237327407], [-77.04172726484549, -12.117889792662561], [-77.04186660944083, -12.117888276601771], [-77.04197573926037, -12.117886599795165], [-77.0421182446278, -12.117884880471774], [-77.04230619515462, -12.117882612114649]], [[-77.04118664538764, -12.117890712190098], [-77.04137222932394, -12.117889440708913], [-77.04140735644313, -12.11788903565174], [-77.04149351719774, -12.117887648362458], [-77.04154483465679, -12.117887392501636], [-77.04157968007723, -12.11788750737662], [-77.04160112876338, -12.11788790075497], [-77.04163357409712, -12.117888970541607], [-77.04166283195067, -12.117890237327407]], [[-77.04111170459245, -12.117891223242914], [-77.04118664538764, -12.117890712190098]], [[-77.0389945998689, -12.117915926099716], [-77.0391704953908, -12.117912172285378], [-77.03928628968144, -12.117911429050736], [-77.03945872677212, -12.117909691575266], [-77.03969989091553, -12.117907532436378], [-77.03986762993596, -12.117905436114894], [-77.03999457397478, -12.117904491247696], [-77.04001629619775, -12.117904134385872], [-77.0400399514044, -12.117903479504463], [-77.04008336947203, -12.117901712129717]], [[-77.04008336947203, -12.117901712129717], [-77.04011697380209, -12.117900344139274], [-77.04015048511582, -12.117899426924067], [-77.04017050455286, -12.11789908167642], [-77.04023063277195, -12.11789842229705], [-77.04040918756984, -12.117897139919993], [-77.04064069051947, -12.117895046545996], [-77.04074105216611, -12.117894283433387], [-77.04088935278511, -12.117892739901018], [-77.04111170459245, -12.117891223242914]], [[-77.03809387841389, -12.117925522395552], [-77.03812069351633, -12.117926475818006], [-77.03814117340555, -12.117926891047576], [-77.0381637980308, -12.117927073595455], [-77.03818444616755, -12.117927026643981], [-77.03840375770775, -12.117924843998011], [-77.03861861078836, -12.11792252766179], [-77.038921562429, -12.11791720977762]], [[-77.0358151968854, -12.117947491520304], [-77.03588449745466, -12.117946853399484], [-77.03595949657645, -12.117945643783635], [-77.03614245659914, -12.117943228254482], [-77.03672079644683, -12.117935907330589], [-77.0368922216831, -12.117934053253753]], [[-77.0368922216831, -12.117934053253753], [-77.03696762879915, -12.117933238043303], [-77.03705753514787, -12.117932301820334]], [[-77.03705753514787, -12.117932301820334], [-77.03709406508186, -12.117931921346452], [-77.03721426584843, -12.117930981203543], [-77.03746060653744, -12.117928528388896], [-77.03769844687763, -12.11792671807421], [-77.03797920796696, -12.117924048873693], [-77.03801387772634, -12.117923881693407], [-77.03804643904192, -12.117924130393952], [-77.03806701642989, -12.117924563892227], [-77.03809387841389, -12.117925522395552]], [[-77.038921562429, -12.11791720977762], [-77.0389945998689, -12.117915926099716]]]}, "geometry_name": "geometria", "properties": {"tipo": "CALLE", "codigo": 363, "observacion": "TRAMO", "nomenclatura": "Ca. 2 De Mayo", "clasificacion": "LOCALES", "cod_via": 363, "tipo_abreviatura": null, "nom_anterior": null}}, {"type": "Feature", "id": "wms_tg_vias.260", "geometry": {"type": "MultiLineString", "coordinates": [[[-77.02516635666117, -12.127716033326653], [-77.02516161421083, -12.127717723777431], [-77.02514694856853, -12.12772338309947], [-77.02511506232574, -12.127735969486087], [-77.02495228658118, -12.127801197096465], [-77.02479638577076, -12.127864214264664], [-77.02469422356278, -12.127905113683667], [-77.02450380177503, -12.127981787436934], [-77.02440651309912, -12.128020729643156], [-77.02408710699203, -12.128149655087697]], [[-77.02564177498256, -12.127525549929167], [-77.02553753124889, -12.127567485244294], [-77.0254709521966, -12.127594774551882], [-77.0253195994907, -12.127656236708482], [-77.0252400423457, -12.127688976832882], [-77.0252115113212, -12.127700080853174], [-77.02519284533832, -12.127707057352557], [-77.02517675546171, -12.127712769566486], [-77.0251712406441, -12.12771459671612], [-77.02516635666117, -12.127716033326653]], [[-77.0260239727851, -12.127371730989537], [-77.02572051666587, -12.127493336261606], [-77.02568680625735, -12.127507012483893], [-77.02564177498256, -12.127525549929167]], [[-77.0269768764242, -12.126985570545985], [-77.026922562352, -12.127006607339448], [-77.02687532369583, -12.12702546117471], [-77.0261529409416, -12.127319790265789], [-77.02609404091157, -12.127343675827637], [-77.0260239727851, -12.127371730989537]], [[-77.03052911124024, -12.12555604639281], [-77.02944109273417, -12.125992388048479]], [[-77.03142883699597, -12.12519072444378], [-77.03052911124024, -12.12555604639281]], [[-77.0320160449267, -12.12495916344916], [-77.03142883699597, -12.12519072444378]], [[-77.03276328806577, -12.124659382029142], [-77.0320160449267, -12.12495916344916]], [[-77.02804554501226, -12.126555970517549], [-77.0269768764242, -12.126985570545985]], [[-77.02944109273417, -12.125992388048479], [-77.02804554501226, -12.126555970517549]]]}, "geometry_name": "geometria", "properties": {"tipo": "CALLE", "codigo": 623, "observacion": "TRAMO", "nomenclatura": "Ca. San Martin", "clasificacion": "LOCALES", "cod_via": 623, "tipo_abreviatura": null, "nom_anterior": null}}, {"type": "Feature", "id": "wms_tg_vias.265", "geometry": {"type": "MultiLineString", "coordinates": [[[-77.02013243529711, -12.125043913977473], [-77.02003243743556, -12.125072530177743], [-77.02001651859217, -12.125075706541713], [-77.01897691159708, -12.12525262566836]], [[-77.02091545237874, -12.124790376753493], [-77.02013243529711, -12.125043913977473]], [[-77.02117112323484, -12.124571659895832], [-77.02115023932706, -12.124597158601219], [-77.02112607056685, -12.124619672885405], [-77.02109905311458, -12.124638796444449], [-77.02106967454029, -12.124654184164708], [-77.02104781726854, -12.124660538171248], [-77.02102527348129, -12.124663833554317], [-77.02089553556578, -12.124673598259344]], [[-77.02372352307071, -12.122604881683372], [-77.0230495232853, -12.123073979168796]], [[-77.02236751741974, -12.123531543274526], [-77.02167651804467, -12.12399731591616]], [[-77.0230495232853, -12.123073979168796], [-77.02236751741974, -12.123531543274526]], [[-77.02155749255215, -12.124066248641812], [-77.02151223869252, -12.124105620789996], [-77.02147023287101, -12.12414833599747], [-77.02138706297073, -12.12424820768864], [-77.02130934721296, -12.124352246079884], [-77.02123730079951, -12.124460163089575], [-77.02117112323484, -12.124571659895832]], [[-77.02167651804467, -12.12399731591616], [-77.02156733578744, -12.124060452078341], [-77.02155749255215, -12.124066248641812]]]}, "geometry_name": "geometria", "properties": {"tipo": "CALLE", "codigo": 322, "observacion": "TRAMO", "nomenclatura": "Ca. Bartolome Trujillo", "clasificacion": "LOCALES", "cod_via": 322, "tipo_abreviatura": null, "nom_anterior": null}}, {"type": "Feature", "id": "wms_tg_vias.268", "geometry": {"type": "MultiLineString", "coordinates": [[[-77.03703452499231, -12.116233761197309], [-77.03729803890708, -12.116230834639001]], [[-77.03729803890708, -12.116230834639001], [-77.03807044557593, -12.116222254543686]], [[-77.04109874411544, -12.116190692320274], [-77.04113058924163, -12.116189797226136], [-77.04118596982264, -12.116188948502343], [-77.04131859954792, -12.116187680215523], [-77.0413502281262, -12.116187538655517], [-77.04136714152534, -12.116187608458494], [-77.04139368682499, -12.116188136979302], [-77.04142081571058, -12.116189074239696], [-77.0415564443759, -12.116194707804292]], [[-77.0389753137347, -12.116211685132756], [-77.03902646996924, -12.11621224349443], [-77.03906750081943, -12.116212189413194], [-77.03943717710763, -12.116208445777804], [-77.03975224274967, -12.116205964704747], [-77.03983473262737, -12.11620552057119], [-77.039941805962, -12.116204518671783], [-77.04001620154665, -12.116204352753156], [-77.04006257040795, -12.116204397534556]], [[-77.03807044557593, -12.116222254543686], [-77.0389753137347, -12.116211685132756]], [[-77.04006257040795, -12.116204397534556], [-77.04014646034541, -12.11620447806022], [-77.04016949765266, -12.116204599586272], [-77.04021209427293, -12.11620427623089], [-77.04035101767727, -12.1162020637163], [-77.04056050054047, -12.116199858809388], [-77.04074155644268, -12.116196928425783], [-77.04095091613921, -12.11619471870809], [-77.0410250471743, -12.116193346983215], [-77.04105948208057, -12.116192287321988], [-77.04109874411544, -12.116190692320274]], [[-77.02940202150927, -12.115923051208128], [-77.02956979603057, -12.115922272475016]], [[-77.03058305838658, -12.11591756667347], [-77.03062823393287, -12.115919622816948], [-77.03066338512151, -12.115920825054198], [-77.03069113975224, -12.115921175836677], [-77.03072676358642, -12.1159212358042], [-77.03081582924462, -12.115921035432288], [-77.03099123674373, -12.11591959709534], [-77.03108011894925, -12.11591930940873], [-77.03114640329377, -12.115918845581774], [-77.03122314015816, -12.115918527509667], [-77.03136653149805, -12.115917259287174]], [[-77.03580031607561, -12.115883152590333], [-77.03586844681054, -12.115881171951765], [-77.03588976105068, -12.11588068466995], [-77.0359170222308, -12.115880289294715], [-77.0361708488881, -12.115877863389887], [-77.03630860924724, -12.11587632034096], [-77.03642543226051, -12.11587530697044], [-77.03678292182515, -12.115871502797157], [-77.03686426962936, -12.115870636837098]], [[-77.03686426962936, -12.115870636837098], [-77.03702958176613, -12.115868877489953]], [[-77.02956979603057, -12.115922272475016], [-77.03058305838658, -12.11591756667347]], [[-77.03243620178321, -12.115911394159696], [-77.03250824787821, -12.11591034549066], [-77.03255681057475, -12.115909951570993], [-77.03311668273196, -12.115907194728024], [-77.03337820432618, -12.115906150205358], [-77.0334474447295, -12.115905506888959], [-77.03351917328291, -12.115904134011405]], [[-77.03351917328291, -12.115904134011405], [-77.03359132876585, -12.115902739908194], [-77.0336368432121, -12.115902254274559], [-77.03368861944058, -12.115901954987887], [-77.03382209802015, -12.115901740636417], [-77.03388465596757, -12.115901397482348], [-77.03463395708829, -12.115896093025224], [-77.0346809329037, -12.115895619996575], [-77.03474941089085, -12.115894610484697]], [[-77.03136653149805, -12.115917259287174], [-77.03148148562755, -12.115916349358598], [-77.03170162892685, -12.115914214979085], [-77.0317515980319, -12.11591360301961], [-77.03181241173237, -12.115912514817445], [-77.0318344079373, -12.11591232201046], [-77.0318701458663, -12.115912290614034], [-77.03193167591698, -12.115912529351466], [-77.03201066179373, -12.115912412399142], [-77.0321023339962, -12.11591281342974], [-77.0322125479673, -12.115912534449674], [-77.03231134433747, -12.115912870546369], [-77.0323612777919, -12.115912526265802], [-77.03243620178321, -12.115911394159696]], [[-77.03474941089085, -12.115894610484697], [-77.03482597014816, -12.115893542558132], [-77.03490623767712, -12.115892886648036], [-77.03499727435727, -12.11589186246397], [-77.03522964568342, -12.115889951878755], [-77.03535998659574, -12.115888645421384], [-77.03543335059553, -12.11588808431775], [-77.03570228462755, -12.115885553369955], [-77.0357444837195, -12.115884760032534], [-77.03580031607561, -12.115883152590333]]]}, "geometry_name": "geometria", "properties": {"tipo": "CALLE", "codigo": 582, "observacion": "TRAMO", "nomenclatura": "Ca. Piura", "clasificacion": "LOCALES", "cod_via": 582, "tipo_abreviatura": null, "nom_anterior": null}}, {"type": "Feature", "id": "wms_tg_vias.279", "geometry": {"type": "MultiLineString", "coordinates": [[[-77.02818803823045, -12.119068747559183], [-77.02818975138004, -12.119127361623779], [-77.02819147191421, -12.11918622327814]], [[-77.02817377763701, -12.118285721406107], [-77.02817261690674, -12.118297546321877], [-77.02817127057621, -12.118315076546352], [-77.02817015858237, -12.118336999385434], [-77.02816982200923, -12.118348616722244], [-77.0281696376485, -12.118359835268736], [-77.02816964911291, -12.118379223737419], [-77.02817058279109, -12.118440560363991], [-77.02817155399971, -12.11848485987927], [-77.02817368551524, -12.118565176810206], [-77.02817697222834, -12.118667461452263], [-77.02817905807547, -12.118761669385966], [-77.02818371414176, -12.118892017278885], [-77.02818613541703, -12.119003630154694], [-77.02818803823045, -12.119068747559183]], [[-77.02817160942128, -12.117231689394428], [-77.02817377763701, -12.118285721406107]], [[-77.02859407370859, -12.114491924516411], [-77.02839737850854, -12.115643385954321]], [[-77.02890091911783, -12.112582304496968], [-77.02873306831877, -12.113653893891948]], [[-77.02908088556826, -12.111544496819565], [-77.02906778507452, -12.111616426633894], [-77.02905436101626, -12.111693793429946], [-77.02901066861338, -12.111950964341348], [-77.02897514740796, -12.11215811100871], [-77.0289371834156, -12.11238184330375], [-77.02892116773344, -12.112475305143313], [-77.02891681156278, -12.112500127637706], [-77.02891311230547, -12.1125202355681], [-77.02890684172549, -12.11255267673114], [-77.02890091911783, -12.112582304496968]], [[-77.02872376089685, -12.11371668735751], [-77.02859407370859, -12.114491924516411]], [[-77.02873306831877, -12.113653893891948], [-77.02872808104236, -12.113687458143808], [-77.02872376089685, -12.11371668735751]], [[-77.02817837707191, -12.116962897105063], [-77.02817160942128, -12.117231689394428]], [[-77.02839737850854, -12.115643385954321], [-77.02818810512322, -12.116868470786438], [-77.0281850867014, -12.116887645525026], [-77.02818355291573, -12.11689884321345], [-77.02818213204928, -12.116910519999518], [-77.02818091764676, -12.116922170872533], [-77.02817933282537, -12.116942418794089], [-77.02817837707191, -12.116962897105063]], [[-77.02947920016727, -12.109237090547463], [-77.02947647447137, -12.109261203370659], [-77.02947378495405, -12.109280986675575], [-77.02947192585778, -12.109292398233093], [-77.02946552021054, -12.109328712307114], [-77.02946294320485, -12.109344301106862], [-77.02946000723749, -12.109364774014628], [-77.0294545288533, -12.10940577931425], [-77.02945226407974, -12.109421119089665], [-77.02945052321692, -12.109431160508946], [-77.02944755894573, -12.10944594142338], [-77.02943558606408, -12.10949994945512]], [[-77.02986407125331, -12.106998606132896], [-77.02985801340654, -12.107038521153912], [-77.02984969166843, -12.107089634682236], [-77.029822468353, -12.107248740926261], [-77.02979029996447, -12.107440661849354], [-77.02978177544013, -12.107489370917447], [-77.02976987365876, -12.107553508337501]], [[-77.02995078366372, -12.106490566145286], [-77.02994351946134, -12.10653771776484], [-77.02993724496686, -12.106576186465455], [-77.02993183363094, -12.106607214104987], [-77.02991999367056, -12.10667320749857], [-77.02989828451673, -12.106800666238664], [-77.02986407125331, -12.106998606132896]], [[-77.03047126827694, -12.103396221442502], [-77.03040771396988, -12.103791118361581], [-77.03037386998602, -12.103994484729508], [-77.0303533093953, -12.104119305873493], [-77.03034518648874, -12.104169250219982], [-77.03032906923661, -12.104271325194576], [-77.03032341146829, -12.104302672776331], [-77.03031920629499, -12.104324000028932], [-77.03031305398093, -12.104353832826542]], [[-77.03012939955568, -12.105423734494572], [-77.03010870435465, -12.105549840039085], [-77.03008407625742, -12.105703168210281], [-77.0300730362215, -12.10577012282808], [-77.03006018894821, -12.105845867572146], [-77.03002391180831, -12.106057513483831], [-77.03000640492128, -12.106156926964635], [-77.02998323967483, -12.106290656147591], [-77.0299615744611, -12.106421495720923], [-77.02995078366372, -12.106490566145286]], [[-77.03031305398093, -12.104353832826542], [-77.03030669588338, -12.104384631495591], [-77.03030232322548, -12.104406645061852], [-77.0302965007196, -12.104438191783318], [-77.03027568512134, -12.104564640749569], [-77.03024454717367, -12.104748850039151], [-77.03023284495609, -12.104817382129927], [-77.03017730702256, -12.105138669212652], [-77.03014308505045, -12.105340776633131], [-77.03012939955568, -12.105423734494572]], [[-77.02958411642315, -12.10862596518459], [-77.02957807391851, -12.108654663803275], [-77.0295738524769, -12.108675549213638], [-77.02956784865238, -12.108707544651253], [-77.02955616288503, -12.108776333310928], [-77.02953985148496, -12.108870740883662], [-77.02951124679132, -12.109040935248757], [-77.02949186302838, -12.109149434015558], [-77.02948843139069, -12.109170310937284], [-77.02948486498218, -12.109193651729372], [-77.0294818187167, -12.109215329319854], [-77.02947920016727, -12.109237090547463]], [[-77.02976987365876, -12.107553508337501], [-77.02976213696294, -12.107595260434126], [-77.02975439341098, -12.107639144670523], [-77.02972804287796, -12.107793793264268], [-77.02965530815135, -12.108223428470174], [-77.02960409679807, -12.108523864650403], [-77.02960003688666, -12.108546922543995], [-77.02959653692267, -12.108565562129776], [-77.02959016628114, -12.10859726741585], [-77.02958411642315, -12.10862596518459]], [[-77.02925646956672, -12.110514145129605], [-77.02908088556826, -12.111544496819565]], [[-77.02943558606408, -12.10949994945512], [-77.02942901940415, -12.109529904590422], [-77.02942244502113, -12.109561877088057], [-77.0294187253126, -12.10958133894189], [-77.0294131262072, -12.109612564988081], [-77.0293804801945, -12.109802577856838], [-77.02929052913402, -12.110318288722011], [-77.0292841896521, -12.110353516836108], [-77.02927060537122, -12.110423890209619], [-77.02926694328359, -12.110444051191992], [-77.02926501049681, -12.110455557285214], [-77.02926174256793, -12.11047658756176], [-77.02925646956672, -12.110514145129605]]]}, "geometry_name": "geometria", "properties": {"tipo": "AVENIDA", "codigo": 177, "observacion": "INTERSECCION", "nomenclatura": "Av. Petit Thouars", "clasificacion": "COLECTORAS", "cod_via": 177, "tipo_abreviatura": null, "nom_anterior": null}}, {"type": "Feature", "id": "wms_tg_vias.280", "geometry": {"type": "MultiLineString", "coordinates": [[[-77.02516635666117, -12.127716033326653], [-77.02501819325194, -12.127343663030487], [-77.02501096313964, -12.127314408867145], [-77.0250094581661, -12.12729597938978]], [[-77.0250094581661, -12.12729597938978], [-77.02499704453682, -12.127293587786754], [-77.02498538894523, -12.127287252232126], [-77.02497513341233, -12.127277323012917], [-77.02496684497368, -12.127264349122242], [-77.02496098190267, -12.12724904789556], [-77.02495786837217, -12.127232265348034], [-77.02495767653092, -12.127214929398258], [-77.02496041694077, -12.127197998562322]], [[-77.0250094581661, -12.12729597938978], [-77.02501999138, -12.127294830180114], [-77.02503016381173, -12.127290829830267], [-77.02503957200271, -12.127284135482773], [-77.02504784633962, -12.127275010134147], [-77.02505466175447, -12.12726381228563], [-77.02505975049478, -12.127250981859369], [-77.0250629126431, -12.127237022915448], [-77.02506402403714, -12.127222483849538], [-77.0250608818899, -12.127197103340881], [-77.02505161551262, -12.127174793194648], [-77.02504501321393, -12.12716566478362], [-77.02503735600264, -12.127158276747904], [-77.02502887936272, -12.127152856293625], [-77.02501984397833, -12.12714957011737], [-77.02501052771652, -12.127148519279537], [-77.02500121708258, -12.127149736096992], [-77.02499219840838, -12.127153183148634], [-77.02498374904741, -12.127158754426596], [-77.02497612884476, -12.1271662785959], [-77.0249695721465, -12.127175524264057], [-77.02496041694077, -12.127197998562322]], [[-77.02496041694077, -12.127197998562322], [-77.02435177571023, -12.12711295363429]]]}, "geometry_name": "geometria", "properties": {"tipo": "PASAJE", "codigo": 715, "observacion": "TRAMO", "nomenclatura": "Psje. San Martin", "clasificacion": "LOCALES", "cod_via": 715, "tipo_abreviatura": null, "nom_anterior": null}}, {"type": "Feature", "id": "wms_tg_vias.285", "geometry": {"type": "MultiLineString", "coordinates": [[[-77.02772444856981, -12.121540077178391], [-77.0267902887817, -12.121433010445559]], [[-77.02837537849487, -12.121430073763346], [-77.02821328532185, -12.12145922645466], [-77.02805007479608, -12.121481541164796], [-77.02788604470074, -12.121496977177996], [-77.02772149431472, -12.121505506328619]], [[-77.02900769800277, -12.12132531256294], [-77.02837537849487, -12.121430073763346]], [[-77.0267902887817, -12.121433010445559], [-77.02545016928605, -12.121273946434712]]]}, "geometry_name": "geometria", "properties": {"tipo": "CALLE", "codigo": 337, "observacion": "TRAMO", "nomenclatura": "Ca. Cantuarias", "clasificacion": "LOCALES", "cod_via": 337, "tipo_abreviatura": null, "nom_anterior": null}}, {"type": "Feature", "id": "wms_tg_vias.286", "geometry": {"type": "MultiLineString", "coordinates": [[[-77.02745160460435, -12.119189954137719], [-77.02745091998075, -12.119135185469823], [-77.02745013582438, -12.119072467605521]], [[-77.02745013582438, -12.119072467605521], [-77.02744923140575, -12.119000150337015], [-77.02744563114062, -12.118794174573496], [-77.02744409144547, -12.118582165257816], [-77.0274436620868, -12.118546963139393], [-77.02744185010249, -12.118433402556134], [-77.02744091153755, -12.118290522271723]], [[-77.02744091153755, -12.118290522271723], [-77.02744073960264, -12.118245135931447], [-77.02744076666778, -12.118185478762472], [-77.02743980560662, -12.118060899916038], [-77.0274393963844, -12.117897378128495], [-77.02743737750217, -12.117671765423184], [-77.02743598994093, -12.117480488411191]], [[-77.02730293926918, -12.114551353116159], [-77.02730122353208, -12.114520448974627], [-77.02730027004533, -12.114498292676334], [-77.0272996303207, -12.114476088893708], [-77.02729934807651, -12.114457316981982], [-77.02729833588889, -12.114223232649987], [-77.02729621416134, -12.113862241384806], [-77.02729621159934, -12.113800945800488], [-77.02729662010472, -12.113730591922138], [-77.02729733972873, -12.1136855126702], [-77.02729858149682, -12.113622850464496]], [[-77.02729858149682, -12.113622850464496], [-77.02729981549709, -12.113559524013878]], [[-77.02738005490741, -12.116331674965243], [-77.02737889966488, -12.116283898899063], [-77.02737807859691, -12.11626188986231], [-77.02737709573603, -12.116241686919956], [-77.0273590858892, -12.115935367751902], [-77.02734998942124, -12.115783703284604], [-77.02734790477535, -12.115744939588403], [-77.02734482505177, -12.115679487286066], [-77.02734034895728, -12.115598305314034], [-77.02733822464168, -12.115553191727098], [-77.02733509456603, -12.115492260656564], [-77.02733367714863, -12.115460118827187], [-77.02733198941347, -12.115409813265524], [-77.02733145091325, -12.115384717451777], [-77.02733144346263, -12.115374971706265]], [[-77.02733144346263, -12.115374971706265], [-77.02733156425664, -12.115362382535839], [-77.02733149987773, -12.115343880176379], [-77.02733118469446, -12.115323666927518], [-77.02733067896075, -12.115303154102488], [-77.02732489687978, -12.115130862103433], [-77.02732093965956, -12.115017183402639], [-77.02731746542824, -12.11492404571078], [-77.02730933150134, -12.114687074255636], [-77.02730640095093, -12.114615580681745], [-77.02730293926918, -12.114551353116159]], [[-77.02743598994093, -12.117480488411191], [-77.0274349253129, -12.117333065579103], [-77.02743242886804, -12.117059891473755], [-77.0274321564059, -12.116972605167721], [-77.02743194711081, -12.116946592294209], [-77.02743169438509, -12.116937208060609], [-77.027431181149, -12.116926652584763], [-77.02743038533069, -12.116915408663072], [-77.02742929493385, -12.116903955403592], [-77.02742805342376, -12.116893654704734], [-77.02742668411521, -12.116883945129137], [-77.02742403320083, -12.116867747424338], [-77.02742197867813, -12.116856940208969]], [[-77.02742197867813, -12.116856940208969], [-77.02741995353881, -12.11684613187499], [-77.02741717040472, -12.116829939655796], [-77.02741413078067, -12.11680994607346], [-77.02741133103808, -12.116787297146663], [-77.02741024763185, -12.116776769338525], [-77.02740871193329, -12.116758769413101], [-77.02740489511338, -12.116706886911233], [-77.02739907583452, -12.116620074084667], [-77.02738494909373, -12.116415183898193], [-77.02738219989118, -12.116371492965168], [-77.02738005490741, -12.116331674965243]], [[-77.02748917291274, -12.10936646632655], [-77.02750581105784, -12.108918990421412]], [[-77.02754126225818, -12.108925011937341], [-77.02754688163233, -12.108914819257045], [-77.02755477053799, -12.108899517011446], [-77.02755916943774, -12.108890319308932], [-77.02756351522136, -12.108880533613084], [-77.02756753578045, -12.108870492707561], [-77.02757130702425, -12.10885954529314], [-77.02757428399816, -12.108849232736153], [-77.02757644378535, -12.108840047781722], [-77.0275799539543, -12.108822376107858], [-77.02758298098765, -12.10880555302867], [-77.02759782836583, -12.108718110997554], [-77.02762257165023, -12.10857559427664], [-77.02764889109473, -12.108421894020127], [-77.02766911331184, -12.108306100806185]], [[-77.02766911331184, -12.108306100806185], [-77.02768384908944, -12.10822139994898], [-77.02771117548447, -12.108060931822934], [-77.0277581814335, -12.10778980900561], [-77.02776342814076, -12.107758595483077], [-77.02777235084156, -12.107703937333278], [-77.02777531190218, -12.107687258442882], [-77.02778542192992, -12.107634029580673], [-77.02779024335874, -12.107607436740494], [-77.02782098608174, -12.107429895952832], [-77.0278389156076, -12.107323576079287], [-77.02785269153263, -12.107238143824764]], [[-77.02785269153263, -12.107238143824764], [-77.0278722063701, -12.107117229363606], [-77.02788346917053, -12.107050022763278], [-77.02793089639063, -12.106776451159652], [-77.02803402754932, -12.10618339890978]], [[-77.02740357193828, -12.11142444501218], [-77.02740415001503, -12.111373627587138], [-77.0274046488053, -12.111352827233274], [-77.02740555030888, -12.111327823922979], [-77.02740992876343, -12.111222457181624], [-77.02741406854656, -12.1111321966864], [-77.02741760100702, -12.11104908706937], [-77.02742278737398, -12.110933330529315], [-77.02742698620627, -12.110829718494738], [-77.0274374331725, -12.110580049099942], [-77.02743898114156, -12.110539815451316], [-77.02744134399867, -12.110470159485157], [-77.02744285013463, -12.11043837768611], [-77.02744494909555, -12.110401661261093]], [[-77.02744494909555, -12.110401661261093], [-77.0274471022636, -12.110364947151385], [-77.02744879011455, -12.110333024837194], [-77.0274510754334, -12.110279137337772], [-77.02745475823106, -12.110165805865849], [-77.027459684614, -12.11003896326071], [-77.02746384652507, -12.10990988840408], [-77.02746763426212, -12.109811554920885], [-77.02747090391371, -12.109732683387984], [-77.02747350780992, -12.10964981283402], [-77.02747444178823, -12.109625338015139], [-77.02747959957583, -12.109520392173591], [-77.02748198543664, -12.109458405784517], [-77.02748297316062, -12.109438496630126], [-77.02748371276496, -12.109427088735234], [-77.02748542753835, -12.109405426295424], [-77.02748917291274, -12.10936646632655]], [[-77.02729981549709, -12.113559524013878], [-77.02730120643382, -12.113487177279126], [-77.02730244399113, -12.113444519167606], [-77.02730408182138, -12.11340548693401], [-77.02730743185215, -12.113339829449917], [-77.02731205965827, -12.113243168211765], [-77.0273169864477, -12.113157642459413], [-77.02732299438391, -12.113048281616852], [-77.02732879958089, -12.112952823783612], [-77.02733149261574, -12.112912071113692], [-77.02733744734888, -12.112831312684557], [-77.02733979397844, -12.11279723358077], [-77.0273444278923, -12.11272376862451], [-77.0273512679659, -12.112619152133442], [-77.02735881682086, -12.112496003225505]], [[-77.02735881682086, -12.112496003225505], [-77.0273619091222, -12.112444871878756], [-77.02736387084335, -12.1124054296581], [-77.02737591175568, -12.112126747111542], [-77.02737947028076, -12.112034074074034], [-77.02738155220962, -12.111983665026921], [-77.02740084540783, -12.111542169246706], [-77.0274022080055, -12.11150755595141], [-77.02740280081805, -12.111486313850422], [-77.02740333037283, -12.111453892060462], [-77.02740357193828, -12.11142444501218]]]}, "geometry_name": "geometria", "properties": {"tipo": "CALLE", "codigo": 412, "observacion": "TRAMO", "nomenclatura": "Ca. General Suarez", "clasificacion": "LOCALES", "cod_via": 412, "tipo_abreviatura": null, "nom_anterior": null}}, {"type": "Feature", "id": "wms_tg_vias.287", "geometry": {"type": "MultiLineString", "coordinates": [[[-77.03139622580906, -12.119022429452638], [-77.03139515646137, -12.118938167920133], [-77.03139276516592, -12.118768548576213], [-77.0313904944422, -12.118571164228877], [-77.03138844107158, -12.118425075790599], [-77.03138607403535, -12.118218720028748], [-77.03138299996883, -12.117989325017595]], [[-77.03138299996883, -12.117989325017595], [-77.03138161868851, -12.11788495239092], [-77.03138046422967, -12.117782150729813], [-77.03137800264629, -12.117599217869842], [-77.03137592994807, -12.11739702921089], [-77.03137482350957, -12.117335044129101], [-77.03137089908172, -12.117137576975743], [-77.03137051968149, -12.117112076062162], [-77.03137052946595, -12.117076830135996], [-77.03137094065691, -12.11705044944654], [-77.03137180908399, -12.11702064720009], [-77.03137416954243, -12.116954116765966]], [[-77.03137416954243, -12.116954116765966], [-77.03137526972432, -12.11692046892022], [-77.03137580238847, -12.116896910841167], [-77.03137603254206, -12.11687622276559], [-77.0313760426578, -12.116858865032096], [-77.0313753693774, -12.116721927476041], [-77.03137493676216, -12.116696069043176], [-77.03137348749718, -12.116636720170314], [-77.03137294600593, -12.1165872450912], [-77.03137124569281, -12.11621379535986], [-77.0313711323794, -12.116099390183878], [-77.03137087627036, -12.116043200419435], [-77.03137051332412, -12.116012102091492], [-77.03137012232268, -12.115995384481113], [-77.03136874469278, -12.115961039872285], [-77.03136653149805, -12.115917259287174]], [[-77.03136653149805, -12.115917259287174], [-77.03136424144923, -12.115869511541284], [-77.03136344232898, -12.11584765334076], [-77.03136293369647, -12.115827891657723], [-77.03136003286816, -12.11561454608809], [-77.03135967773818, -12.115556919989814], [-77.03135898449435, -12.115504256474576], [-77.03135660696758, -12.115360320538894], [-77.03135448696783, -12.115265479454656], [-77.0313533731812, -12.115198382469643], [-77.0313509524894, -12.115034409389619], [-77.03135024487955, -12.11497486617936], [-77.03135027111762, -12.114936203727499], [-77.03135086352934, -12.114871488434128]], [[-77.03135086352934, -12.114871488434128], [-77.0313514632951, -12.114790746736169], [-77.03135106310326, -12.11473250185503], [-77.03134598294602, -12.114383901767027], [-77.03134490425467, -12.114293754665164], [-77.03134209044869, -12.114086418766261], [-77.03134022564424, -12.113966655061374], [-77.03133962237595, -12.113904264985715], [-77.03133949425876, -12.113842885503871]], [[-77.03133631075363, -12.112678584212972], [-77.0313350273501, -12.112604588773968], [-77.03133345675971, -12.112440644684552], [-77.03133155014994, -12.112194378645533], [-77.03132777336415, -12.111748061693252], [-77.03132786315031, -12.11172167792643], [-77.03132853913823, -12.111700302395493], [-77.03132913250018, -12.111689133288818], [-77.03133061801147, -12.111667440015111], [-77.03133316915932, -12.111637394966442]], [[-77.03133316915932, -12.111637394966442], [-77.03133859207551, -12.111574521498516], [-77.03134698993031, -12.111482745909251], [-77.0313561177713, -12.111380135526272], [-77.0313675509128, -12.111255171508203], [-77.03137636618193, -12.111161631337357], [-77.03138450234518, -12.111071565865268], [-77.03139313010823, -12.110978857668828], [-77.03140042641989, -12.1108978518091], [-77.03140964722753, -12.110798547785695], [-77.0314181961353, -12.110702942553099], [-77.03142120734992, -12.110665963722647], [-77.03142273780178, -12.110643654625552], [-77.03142461219196, -12.110612415177453]], [[-77.03140736270531, -12.109239811711483], [-77.03140479755433, -12.109185165364597], [-77.03140364583895, -12.10915128002554], [-77.03140291752975, -12.1091070691742], [-77.03140090945615, -12.10901604582496], [-77.03139920904745, -12.108921739392681]], [[-77.03142461219196, -12.110612415177453], [-77.03142635060236, -12.110581169494615], [-77.03142722506773, -12.11055883356786], [-77.03142750940904, -12.110547487769775], [-77.03142774128199, -12.110526653257601], [-77.03142753584646, -12.110492078616973], [-77.03142680936055, -12.11042285211143], [-77.03142376979761, -12.110197016833927], [-77.03142284999785, -12.110112426976565], [-77.03142155626198, -12.11002296199554], [-77.03142019784605, -12.109910246077447], [-77.03141772155938, -12.109658441115169], [-77.03141674956086, -12.109613221590886], [-77.03141518250501, -12.109562306999035]], [[-77.03141518250501, -12.109562306999035], [-77.03141393700452, -12.109469256247458], [-77.03141374656617, -12.109438240697264], [-77.03141396752207, -12.109419240093622], [-77.03141535068382, -12.109361659993146], [-77.03141539398011, -12.10934248535122], [-77.03141522171448, -12.10933610119625], [-77.03141453476856, -12.10932420576254], [-77.03141352553622, -12.1093123226305], [-77.03141009151415, -12.109277839412563], [-77.03140869266126, -12.10926240806445], [-77.03140771730548, -12.109249417517143], [-77.03140736270531, -12.109239811711483]], [[-77.03133949425876, -12.113842885503871], [-77.03133936257015, -12.113779576414437]], [[-77.03133936257015, -12.113779576414437], [-77.0313355412407, -12.112831374350824], [-77.03133631075363, -12.112678584212972]]]}, "geometry_name": "geometria", "properties": {"tipo": "CALLE", "codigo": 349, "observacion": "TRAMO", "nomenclatura": "Ca. Coronel Inclan", "clasificacion": "LOCALES", "cod_via": 349, "tipo_abreviatura": null, "nom_anterior": null}}, {"type": "Feature", "id": "wms_tg_vias.295", "geometry": {"type": "MultiLineString", "coordinates": [[[-77.03184923791989, -12.122899998220397], [-77.03176069363568, -12.12297833515384]], [[-77.03184923791989, -12.122899998220397], [-77.03228487306063, -12.122505262427696], [-77.03231211467418, -12.122480719489667], [-77.03232912875964, -12.122466125655977], [-77.03233843490497, -12.122458465422797], [-77.0323477457079, -12.12245105641395], [-77.03235665699697, -12.122444258597762], [-77.03236384052013, -12.122439029809351], [-77.0323749069139, -12.122431421741501], [-77.03237928035261, -12.122428689994713]], [[-77.03237928035261, -12.122428689994713], [-77.03238365286579, -12.12242595735082], [-77.03239472204119, -12.122418352877238], [-77.03240190928453, -12.122413130387459], [-77.0324105166217, -12.12240658515378], [-77.03241951361498, -12.122399461336343], [-77.03242853255733, -12.122392082483842], [-77.03244521073952, -12.122377889687527], [-77.03256175385043, -12.122273540817474], [-77.03258108382529, -12.122256570144428], [-77.03261955624653, -12.122223215838453], [-77.03263877924209, -12.12220618900706], [-77.03273469530652, -12.122120021433458], [-77.03282358231237, -12.122038987504219], [-77.03285644653303, -12.122009545318093], [-77.03287161569604, -12.12199646079415], [-77.03288892415537, -12.121982177493463], [-77.0329054684922, -12.121968995212207], [-77.03292835892488, -12.121951226554097]], [[-77.03691016211064, -12.121222337863339], [-77.03693131795148, -12.121222225776773]], [[-77.03693131795148, -12.121222225776773], [-77.03710208283026, -12.121220708703106]], [[-77.03710208283026, -12.121220708703106], [-77.03792327491252, -12.121213412297928]], [[-77.03585635320877, -12.121227937087415], [-77.03691016211064, -12.121222337863339]], [[-77.03481113217246, -12.121237972931045], [-77.03487448248936, -12.121235977713383], [-77.03491304593724, -12.121234920038846], [-77.03493898814843, -12.121234450305861], [-77.03498261225042, -12.121233961922876], [-77.03506187768846, -12.121233337483803], [-77.03524377333156, -12.121232451127888], [-77.03537984143226, -12.121231332682761], [-77.035478114392, -12.121230966223061], [-77.03574501625717, -12.121228518932885], [-77.03585635320877, -12.121227937087415]], [[-77.03292835892488, -12.121951226554097], [-77.03296177841209, -12.121925368404925], [-77.03297975434924, -12.121911171488685], [-77.03299610469297, -12.12189784420933], [-77.03301385788424, -12.121882494762081], [-77.03303797334254, -12.121860935577729], [-77.03310530683669, -12.121800181161698], [-77.033221879416, -12.121696031612565], [-77.03337764148719, -12.12155598268243], [-77.03345886086689, -12.121483366886954], [-77.03353547794248, -12.121414312402262], [-77.03359346171158, -12.121362275033889], [-77.0336196904706, -12.121338281717222], [-77.03363113512077, -12.121327390012754], [-77.03365060913458, -12.12130811261365], [-77.03370225390397, -12.121255539685732]], [[-77.03370225390397, -12.121255539685732], [-77.03371433499711, -12.121253487069906], [-77.03373222661355, -12.121250840497416], [-77.0337428333032, -12.121249487400142], [-77.03375397472786, -12.121248277699582], [-77.03376476191033, -12.121247349874487], [-77.03377525702437, -12.121246666412487], [-77.03379381196677, -12.121245981655102], [-77.0338183192234, -12.121245717778205], [-77.03395626918106, -12.12124492695861], [-77.03410883016815, -12.121243833623515], [-77.03421241634592, -12.121243416871234], [-77.03441299347631, -12.121241685371027], [-77.03451566133562, -12.121241416239503], [-77.03464481708137, -12.121240325393021], [-77.0347215935692, -12.121240086267145], [-77.03475367863469, -12.121239606706133], [-77.03481113217246, -12.121237972931045]], [[-77.03804485547954, -12.121210137740613], [-77.03812184777988, -12.121207980017887]], [[-77.04011755252543, -12.12119076848388], [-77.04041650721337, -12.121187102862699], [-77.04051716287078, -12.121185704815291], [-77.04065894724374, -12.121184345573186]], [[-77.04065894724374, -12.121184345573186], [-77.04079937471496, -12.121183554800135]], [[-77.04079937471496, -12.121183554800135], [-77.04169823144893, -12.121178488926995]], [[-77.04169823144893, -12.121178488926995], [-77.04238057526311, -12.121167130806343]], [[-77.03812184777988, -12.121207980017887], [-77.03813126497225, -12.12120771645406], [-77.03815837605244, -12.12120708327482], [-77.03818433987834, -12.12120668538424], [-77.03878726342383, -12.12120241934803], [-77.03891036992955, -12.121201130598362], [-77.03897958257555, -12.121200190350773], [-77.03902535577235, -12.1211998129596]], [[-77.03902535577235, -12.1211998129596], [-77.03913101131583, -12.121199194769991], [-77.03928527475783, -12.121197867341825], [-77.03939807353665, -12.121197262473206], [-77.03961375206309, -12.121195185630238], [-77.03975927957292, -12.121193487491302], [-77.03987719870351, -12.121192368441923], [-77.03994032139448, -12.121191874966458], [-77.04005922685593, -12.12119134418791], [-77.04011755252543, -12.12119076848388]], [[-77.03792327491252, -12.121213412297928], [-77.03798452209782, -12.121211828606253]], [[-77.03798452209782, -12.121211828606253], [-77.03804485547954, -12.121210137740613]]]}, "geometry_name": "geometria", "properties": {"tipo": "CALLE", "codigo": 464, "observacion": "INTERSECCION", "nomenclatura": "Ca. Jose Galvez", "clasificacion": "LOCALES", "cod_via": 464, "tipo_abreviatura": null, "nom_anterior": null}}, {"type": "Feature", "id": "wms_tg_vias.297", "geometry": {"type": "MultiLineString", "coordinates": [[[-77.03461856131152, -12.127863966820435], [-77.03478573418106, -12.128237858689353], [-77.03482681947894, -12.128322940461427], [-77.03484892614681, -12.12836846326029], [-77.03486633240169, -12.128415920066026], [-77.03487886638742, -12.128464842332116], [-77.03488640435184, -12.1285147470434]], [[-77.03461856131152, -12.127863966820435], [-77.03480810226657, -12.128241033056824], [-77.03482757591125, -12.128272400681771], [-77.03485209228731, -12.128300134226661], [-77.03488096499818, -12.128323457221152], [-77.03491338567999, -12.128341716679126], [-77.03494844663385, -12.128354401381168], [-77.03498516623947, -12.12836115618706]], [[-77.03420274456424, -12.126983322733338], [-77.03434929463356, -12.127300802605696], [-77.03457025418416, -12.127755923486536], [-77.03461856131152, -12.127863966820435]], [[-77.03241868916736, -12.123866149743737], [-77.03269391866193, -12.12435511228004], [-77.03271545387705, -12.124402939147263], [-77.03273252194857, -12.124452480836496], [-77.03274498401743, -12.12450333430361], [-77.03275273869656, -12.12455508583204], [-77.03276328806577, -12.124659382029142]], [[-77.03276328806577, -12.124659382029142], [-77.0327784510161, -12.12474365043586], [-77.0327985852858, -12.124826904648318], [-77.03282362226638, -12.12490886095649], [-77.03285347664207, -12.124989240072894], [-77.03288804668028, -12.125067768084783], [-77.03294400213639, -12.125166634965156], [-77.03300363872745, -12.125263395843792], [-77.03306687470355, -12.125357918075295], [-77.03313362338024, -12.125450072082925]], [[-77.03364084789679, -12.126158377721218], [-77.03395725135363, -12.12660129973566], [-77.03406262976272, -12.126749028011623], [-77.03411264298214, -12.126825179976901], [-77.03415937518467, -12.126903323813794], [-77.03420274456424, -12.126983322733338]], [[-77.03313362338024, -12.125450072082925], [-77.03364084789679, -12.126158377721218]]]}, "geometry_name": "geometria", "properties": {"tipo": "MALECON", "codigo": 520, "observacion": "ACCESO", "nomenclatura": "Ml. 28 De Julio", "clasificacion": "LOCALES", "cod_via": 520, "tipo_abreviatura": null, "nom_anterior": null}}, {"type": "Feature", "id": "wms_tg_vias.304", "geometry": {"type": "MultiLineString", "coordinates": [[[-77.03590471407453, -12.126019143729614], [-77.03591742240674, -12.126712367562337]], [[-77.03588725816347, -12.124974512251852], [-77.03590471407453, -12.126019143729614]], [[-77.0358820568498, -12.124378984373987], [-77.03588220591848, -12.124446445214712], [-77.03588351080839, -12.124562369617367], [-77.03588399837062, -12.124593941424], [-77.03588572594715, -12.124681319602617], [-77.03588713428022, -12.124816441903407], [-77.03588826098319, -12.12488624455263], [-77.03588826995862, -12.124917567712702], [-77.03588795574176, -12.1249410391677], [-77.03588725816347, -12.124974512251852]], [[-77.03587105675996, -12.123697442212615], [-77.0358820568498, -12.124378984373987]], [[-77.03606132359238, -12.123529410455065], [-77.03602935057188, -12.123552203802163], [-77.0359944437833, -12.12357035751414], [-77.03595729379708, -12.123583512450406], [-77.03591863556213, -12.123591408362662], [-77.03587923386553, -12.123593889043482]], [[-77.03569800528251, -12.123527086878305], [-77.03572967552063, -12.123550287877668], [-77.0357643407259, -12.123568886867064], [-77.0358013150658, -12.12358251587552], [-77.03583986702243, -12.123590905260768], [-77.03587923386553, -12.123593889043482]], [[-77.03606132359238, -12.123529410455065], [-77.03587105675996, -12.123697442212615]], [[-77.03569800528251, -12.123527086878305], [-77.03587105675996, -12.123697442212615]], [[-77.03612389722633, -12.123456225925006], [-77.03610596865258, -12.123482952074836], [-77.03608501690009, -12.123507456711767], [-77.03606132359238, -12.123529410455065]], [[-77.03583376636696, -12.119060442303159], [-77.03583466907824, -12.119140350286697]], [[-77.03584698878318, -12.120174658719868], [-77.0358457135674, -12.120226078429896], [-77.03584525583632, -12.120256915164099], [-77.03584535288304, -12.1203860802069], [-77.03584562572098, -12.120427378562962], [-77.03584648024535, -12.120493173947667], [-77.03584806348185, -12.120656128642734], [-77.03584893288667, -12.120845336033977], [-77.03584990509376, -12.12097192963994], [-77.03585093414247, -12.12108313009278], [-77.035851490981, -12.121117548390679], [-77.0358519898895, -12.121134642944245], [-77.0358527395371, -12.121153431197838], [-77.03585635320877, -12.121227937087415]], [[-77.03583466907824, -12.119140350286697], [-77.03583557963532, -12.119220928836993], [-77.03584837467137, -12.120063114249746], [-77.03584859314248, -12.120090585663986], [-77.03584843306555, -12.120112106482104], [-77.03584778751967, -12.120144822706697], [-77.03584698878318, -12.120174658719868]], [[-77.0358691418465, -12.122276519347416], [-77.03586960201544, -12.122929203632708]], [[-77.03585635320877, -12.121227937087415], [-77.0358691418465, -12.122276519347416]], [[-77.03587896006623, -12.123041473546527], [-77.03583843026621, -12.123044668946942], [-77.03579879477634, -12.123053592353479], [-77.03576088518072, -12.123068056546286], [-77.03572549685346, -12.123087758055485], [-77.03569337227093, -12.123112283527833]], [[-77.03587896006623, -12.123041473546527], [-77.03591543583298, -12.123043545301023], [-77.0359513291638, -12.123050261273388], [-77.0359860319782, -12.123061507686094], [-77.03601895636463, -12.123077094009568], [-77.03604954454029, -12.123096756190844]], [[-77.03586960201544, -12.122929203632708], [-77.03569337227093, -12.123112283527833]], [[-77.03586960201544, -12.122929203632708], [-77.03604954454029, -12.123096756190844]], [[-77.03631296917341, -12.12332528690512], [-77.03612389722633, -12.123456225925006]], [[-77.03610134159496, -12.123146479976317], [-77.0361247623311, -12.123180612680462], [-77.03614276506265, -12.123217792625878], [-77.0361549495563, -12.12325719323898], [-77.03616104492735, -12.123297938576657], [-77.03616091566246, -12.123339122799807], [-77.0361545646326, -12.123379830311997], [-77.03614213302939, -12.12341915611425], [-77.03612389722633, -12.123456225925006]], [[-77.03545172574724, -12.123331620109349], [-77.03569800528251, -12.123527086878305]], [[-77.03564365545512, -12.123170286283706], [-77.03562302762585, -12.123208914961332], [-77.03560883969911, -12.12325025823404], [-77.03560144578269, -12.123293284249675], [-77.0356010304186, -12.123336919157225], [-77.03560760397697, -12.123380073908335], [-77.03562100239695, -12.123421671438082], [-77.03564089128068, -12.123460673546541], [-77.03566677423954, -12.123496106810421], [-77.03569800528251, -12.123527086878305]], [[-77.03564365545512, -12.123170286283706], [-77.03545172574724, -12.123331620109349]], [[-77.03610134159496, -12.123146479976317], [-77.03631296917341, -12.12332528690512]], [[-77.03604954454029, -12.123096756190844], [-77.03607707823254, -12.123119968819111], [-77.03610134159496, -12.123146479976317]], [[-77.03569337227093, -12.123112283527833], [-77.03566648009347, -12.12313959701476], [-77.03564365545512, -12.123170286283706]]]}, "geometry_name": "geometria", "properties": {"tipo": "CALLE", "codigo": 326, "observacion": "OVALO BOLOGNESI", "nomenclatura": "Ca. Bolognesi", "clasificacion": "LOCALES", "cod_via": 326, "tipo_abreviatura": null, "nom_anterior": null}}, {"type": "Feature", "id": "wms_tg_vias.310", "geometry": {"type": "MultiLineString", "coordinates": [[[-77.03704672377376, -12.117134243345506], [-77.03711256653409, -12.117133314021512], [-77.0372521545425, -12.117130952589505], [-77.03745280782768, -12.117129301044589], [-77.03771016336825, -12.117126275508822], [-77.03786030660427, -12.11712501204956], [-77.03798643342823, -12.117123400829962], [-77.03808578086498, -12.117122385882093]], [[-77.03808578086498, -12.117122385882093], [-77.03828422606361, -12.117120499612675], [-77.03864329373967, -12.117118002549136], [-77.03889029463983, -12.117116015509893], [-77.0389271833718, -12.117115853605316], [-77.0389875494, -12.11711592666365]], [[-77.03137416954243, -12.116954116765966], [-77.03244380060094, -12.116946285482276]], [[-77.04110761628189, -12.117090489014597], [-77.04122682752671, -12.117089474034104], [-77.04179733258262, -12.117085996458098], [-77.04182293014034, -12.117086289683689], [-77.04184964829344, -12.117086951540907], [-77.04196541700583, -12.117090645106416]], [[-77.0389875494, -12.11711592666365], [-77.0390352598781, -12.117115909306309], [-77.0390957022093, -12.11711550818591], [-77.03935463301966, -12.1171128907138], [-77.03963208762684, -12.117110378051821], [-77.03987820421771, -12.11710783176001], [-77.03998747797085, -12.11710686873111], [-77.04001466472539, -12.117106341526148], [-77.04003529792092, -12.117105669123127], [-77.04005488414904, -12.117104768528884], [-77.04008117490037, -12.117103090135888]], [[-77.04008117490037, -12.117103090135888], [-77.04010746563031, -12.117101409029106], [-77.04012773773974, -12.117100478980397], [-77.04014971077315, -12.117099776826747], [-77.04016957629199, -12.117099369454488], [-77.0403281573996, -12.117097986537152], [-77.04042368930354, -12.11709697081215], [-77.04053356151084, -12.117096081795651], [-77.0406555678757, -12.117094722024087], [-77.0408200332631, -12.117093288287506], [-77.04089482387958, -12.11709250188901], [-77.04098211585926, -12.117091824091688], [-77.04110761628189, -12.117090489014597]], [[-77.0293927552371, -12.116966318721234], [-77.03031135628262, -12.116960202973091]], [[-77.02930867501114, -12.116959024860535], [-77.0293927552371, -12.116966318721234]], [[-77.03687829894523, -12.11690633229054], [-77.03696008645382, -12.116905998077824], [-77.03704362728674, -12.116905656382501]], [[-77.03580825108351, -12.116912461979362], [-77.03585953593955, -12.116911057797452], [-77.03590075253322, -12.116910280663713], [-77.03597632241072, -12.116909885745756], [-77.03610602190169, -12.116908842964383], [-77.0362890821616, -12.116908234324008], [-77.03644222099594, -12.116908115562818], [-77.03687829894523, -12.11690633229054]], [[-77.03475858367013, -12.116925253589917], [-77.03484883638176, -12.116923873631293], [-77.03492635235168, -12.116922964007847], [-77.03536436718522, -12.116918555994138], [-77.03568542060053, -12.116915159674557], [-77.03574100683252, -12.116914254469114], [-77.03580825108351, -12.116912461979362]], [[-77.03244380060094, -12.116946285482276], [-77.03249727510855, -12.11694668252506], [-77.03253968684021, -12.116946524372137], [-77.03262320995447, -12.116945631911403], [-77.03270967077029, -12.116943941517166], [-77.0328568856769, -12.11694175686879], [-77.03304998619286, -12.1169402886338], [-77.0332589424454, -12.116939176684776], [-77.03342536353894, -12.11693805567001], [-77.03346698306538, -12.116937474779913], [-77.03351837097507, -12.116936326051198]], [[-77.03039240065208, -12.116959692666015], [-77.03137416954243, -12.116954116765966]], [[-77.03031135628262, -12.116960202973091], [-77.03036271274742, -12.11695986125641], [-77.03039240065208, -12.116959692666015]], [[-77.03351837097507, -12.116936326051198], [-77.0335829053415, -12.116934836865422], [-77.03362176542761, -12.116934215635526], [-77.0337094720004, -12.116933662726103], [-77.03385233682683, -12.116932321980453], [-77.03398440438494, -12.11693176895272], [-77.03413619808514, -12.116930347196265], [-77.03426761840502, -12.116929714727783], [-77.03435257745417, -12.116929001011275], [-77.0345936452403, -12.11692735600187], [-77.03467315240125, -12.116926554755803], [-77.03475858367013, -12.116925253589917]]]}, "geometry_name": "geometria", "properties": {"tipo": "CALLE", "codigo": 378, "observacion": "TRAMO", "nomenclatura": "Ca. Enrique Palacios", "clasificacion": "LOCALES", "cod_via": 378, "tipo_abreviatura": null, "nom_anterior": null}}, {"type": "Feature", "id": "wms_tg_vias.312", "geometry": {"type": "MultiLineString", "coordinates": [[[-77.02564177498256, -12.127525549929167], [-77.0255687444082, -12.127219937535509], [-77.02552061639646, -12.127019580817672], [-77.02543777155282, -12.12667318598228], [-77.02530297884066, -12.126110681631419]]]}, "geometry_name": "geometria", "properties": {"tipo": "PASAJE", "codigo": 719, "observacion": "TRAMO", "nomenclatura": "Psje. Sucre", "clasificacion": "LOCALES", "cod_via": 719, "tipo_abreviatura": null, "nom_anterior": null}}, {"type": "Feature", "id": "wms_tg_vias.317", "geometry": {"type": "MultiLineString", "coordinates": [[[-77.03014088400059, -12.122050799202588], [-77.03020433305788, -12.122181273876643], [-77.0302709677063, -12.122315895367683], [-77.03032527036441, -12.122426695080366], [-77.03034764809622, -12.12249348807536], [-77.03039208296728, -12.122713376659389]], [[-77.02968705290048, -12.121335514557055], [-77.0297839325905, -12.121471495528212], [-77.02990423805304, -12.121639920675346], [-77.02993370820634, -12.121680596817647], [-77.03005261118871, -12.12188203294781], [-77.03014088400059, -12.122050799202588]]]}, "geometry_name": "geometria", "properties": {"tipo": "CALLE", "codigo": 500, "observacion": "TRAMO", "nomenclatura": "Ca. Lima", "clasificacion": "LOCALES", "cod_via": 500, "tipo_abreviatura": null, "nom_anterior": null}}, {"type": "Feature", "id": "wms_tg_vias.324", "geometry": {"type": "MultiLineString", "coordinates": [[[-77.03638962865108, -12.126009230998942], [-77.03673762936097, -12.126002117038054]], [[-77.03489914925113, -12.126031906463842], [-77.03590471407453, -12.126019143729614]], [[-77.03590471407453, -12.126019143729614], [-77.03638962865108, -12.126009230998942]]]}, "geometry_name": "geometria", "properties": {"tipo": "CALLE", "codigo": 669, "observacion": "TRAMO", "nomenclatura": "Ca. Venecia", "clasificacion": "LOCALES", "cod_via": 669, "tipo_abreviatura": null, "nom_anterior": null}}, {"type": "Feature", "id": "wms_tg_vias.330", "geometry": {"type": "MultiLineString", "coordinates": [[[-77.02930867501114, -12.116959024860535], [-77.02922719265295, -12.116955184400815], [-77.02922701348946, -12.116955176673956]], [[-77.02922701348946, -12.116955176673956], [-77.02817837707191, -12.116962897105063]], [[-77.02817837707191, -12.116962897105063], [-77.02788613251347, -12.116961692362581], [-77.02784152910519, -12.116958439483769], [-77.02779723682711, -12.116947250667199]], [[-77.02738005490741, -12.116331674965243], [-77.02734689761749, -12.116333144770218], [-77.02731154581618, -12.116334946949975], [-77.02721848582169, -12.11634068505319], [-77.02718276129734, -12.116342633647823], [-77.02713724265013, -12.116344299545585], [-77.02701885483108, -12.116347777030692], [-77.02699154374092, -12.11634876570775], [-77.02697337692562, -12.116349608905276], [-77.02692806877694, -12.11635227103837], [-77.02645655786777, -12.116365037454752]], [[-77.02670298413344, -12.11667943316043], [-77.02641496943716, -12.116681777705702]], [[-77.02670298413344, -12.11667943316043], [-77.02651443443033, -12.116627999724965]], [[-77.02670581887924, -12.116809178123042], [-77.02642007440203, -12.116809069423818]], [[-77.02779723682711, -12.116947250667199], [-77.0276666598715, -12.116913923131444], [-77.02763179797324, -12.116905199609498], [-77.02758723681514, -12.116894526991482], [-77.02750669440098, -12.116875653280816], [-77.02746197978277, -12.116865578278874], [-77.02742197867813, -12.116856940208969]], [[-77.02742197867813, -12.116856940208969], [-77.02739239618755, -12.116850761144587], [-77.02737102451299, -12.116846100999682], [-77.0273388037648, -12.116838657807362], [-77.02731307090319, -12.116832389127445], [-77.0272443026949, -12.116815228735005], [-77.02714751268631, -12.116790329592188], [-77.02694226417002, -12.116738454578273], [-77.02690702015487, -12.116729844920068], [-77.02670298413344, -12.11667943316043]]]}, "geometry_name": "geometria", "properties": {"tipo": "CALLE", "codigo": 418, "observacion": "INTERSECCION", "nomenclatura": "Ca. Gonzales Prada", "clasificacion": "LOCALES", "cod_via": 418, "tipo_abreviatura": null, "nom_anterior": null}}, {"type": "Feature", "id": "wms_tg_vias.335", "geometry": {"type": "MultiLineString", "coordinates": [[[-77.03591742240674, -12.126712367562337], [-77.03597383681462, -12.126711153139768], [-77.03611221983408, -12.126705353258592], [-77.03614586384901, -12.126706636152063], [-77.03616883051912, -12.12670991086937], [-77.03619084922231, -12.126716445350528], [-77.0362093651251, -12.126722430752237], [-77.0362325901186, -12.126729969531308]], [[-77.03490492066328, -12.126347157166917], [-77.03497120488527, -12.126422683422621], [-77.03504265997101, -12.126493497376742], [-77.03511894082514, -12.12655925702748], [-77.03519967904498, -12.126619644783489], [-77.03528448469972, -12.126674368997037], [-77.03534127461884, -12.126698279552889], [-77.0354002685423, -12.126716297201968], [-77.03546083682627, -12.126728229642], [-77.03552233302341, -12.126733949518371], [-77.03558410078269, -12.126733395783306], [-77.03564548085494, -12.126726574347527], [-77.03579849837936, -12.126714927925097], [-77.03591742240674, -12.126712367562337]], [[-77.03184923791989, -12.122899998220397], [-77.0322192693032, -12.123312956643824]], [[-77.0322192693032, -12.123312956643824], [-77.03313277013172, -12.124349977664364]], [[-77.03395121811097, -12.125275734004138], [-77.03471703293093, -12.126141947500297], [-77.03490492066328, -12.126347157166917]], [[-77.03313277013172, -12.124349977664364], [-77.03395121811097, -12.125275734004138]]]}, "geometry_name": "geometria", "properties": {"tipo": "MALECON", "codigo": 515, "observacion": "TRAMO", "nomenclatura": "Ml. Balta", "clasificacion": "COLECTORAS", "cod_via": 515, "tipo_abreviatura": null, "nom_anterior": null}}, {"type": "Feature", "id": "wms_tg_vias.342", "geometry": {"type": "MultiLineString", "coordinates": [[[-77.02674228188928, -12.119922992955477], [-77.02670321588, -12.119923669925457], [-77.02665540585434, -12.119924846454541], [-77.02643014438532, -12.119931603392814], [-77.02628952023666, -12.119935491001819], [-77.02614183833698, -12.119940110696342], [-77.02595696716077, -12.11994678262101]], [[-77.02895383967969, -12.119843334796993], [-77.0288485555656, -12.119847172906992], [-77.02818930976105, -12.119871206631673], [-77.0280573064579, -12.119875895195701], [-77.02789903967943, -12.119881810690858], [-77.02774026274805, -12.119887556296415], [-77.02757690717716, -12.119893922778719], [-77.02741884868718, -12.119899697291949], [-77.02737608007078, -12.119901082909657], [-77.02728942383186, -12.119902845521263], [-77.02725515677457, -12.119903858035261], [-77.02719016362532, -12.119906268390213], [-77.0268254568804, -12.11992072091069], [-77.02677337030151, -12.119922380634028], [-77.02674228188928, -12.119922992955477]]]}, "geometry_name": "geometria", "properties": {"tipo": "CALLE", "codigo": 524, "observacion": "TRAMO", "nomenclatura": "Ca. Manuel Bonilla", "clasificacion": "LOCALES", "cod_via": 524, "tipo_abreviatura": null, "nom_anterior": null}}, {"type": "Feature", "id": "wms_tg_vias.343", "geometry": {"type": "MultiLineString", "coordinates": [[[-77.03277427961004, -12.122836338164065], [-77.03374258418769, -12.12384113113898]], [[-77.03237928035261, -12.122428689994713], [-77.032494416423, -12.122548096489323], [-77.03262579859765, -12.122683318816065], [-77.03271332324162, -12.12277417212213], [-77.0327421475968, -12.122803732157015], [-77.03277427961004, -12.122836338164065]], [[-77.03194911096998, -12.121987439522158], [-77.03237928035261, -12.122428689994713]], [[-77.03197423920152, -12.119017074503061], [-77.03197615964635, -12.119176129899836]], [[-77.03197615964635, -12.119176129899836], [-77.03199457686712, -12.120701638792989]], [[-77.03199566711763, -12.121566007358508], [-77.03200017137699, -12.121943388621519]], [[-77.03199457686712, -12.120701638792989], [-77.03199566711763, -12.121566007358508]]]}, "geometry_name": "geometria", "properties": {"tipo": "CALLE", "codigo": 323, "observacion": "INTERSECCION", "nomenclatura": "Ca. Bellavista", "clasificacion": "LOCALES", "cod_via": 323, "tipo_abreviatura": null, "nom_anterior": null}}, {"type": "Feature", "id": "wms_tg_vias.344", "geometry": {"type": "MultiLineString", "coordinates": [[[-77.02412944656119, -12.119909019614543], [-77.02407177205833, -12.119887728338577], [-77.02401302611533, -12.11986949271229], [-77.02395337579422, -12.119854364594467]], [[-77.02395337579422, -12.119854364594467], [-77.0238787445586, -12.119840043882494], [-77.02380331570268, -12.11983059988431], [-77.02225732985201, -12.119727688042222]], [[-77.02225732985201, -12.119727688042222], [-77.02121696783739, -12.11965845489035]], [[-77.01913556756229, -12.119516811849367], [-77.01829646692704, -12.119463991631216]], [[-77.01975955943924, -12.119559838563758], [-77.01913556756229, -12.119516811849367]], [[-77.02121696783739, -12.11965845489035], [-77.02043649914334, -12.119606514381518]], [[-77.02043649914334, -12.119606514381518], [-77.01975955943924, -12.119559838563758]]]}, "geometry_name": "geometria", "properties": {"tipo": "AVENIDA", "codigo": 4, "observacion": "TRAMO", "nomenclatura": "Av. Andres A. Caceres", "clasificacion": "LOCALES", "cod_via": 4, "tipo_abreviatura": null, "nom_anterior": null}}, {"type": "Feature", "id": "wms_tg_vias.345", "geometry": {"type": "MultiLineString", "coordinates": [[[-77.03487999994974, -12.124985958164483], [-77.03588725816347, -12.124974512251852]], [[-77.03588725816347, -12.124974512251852], [-77.03591971170745, -12.124975934101045], [-77.03594277313894, -12.124976707331417], [-77.03596519634831, -12.12497713637987], [-77.03599212400805, -12.124977090368423], [-77.03616387013088, -12.124975281599466], [-77.03627935671224, -12.12497362405407], [-77.03637064835621, -12.124972637746415], [-77.03655868862123, -12.12497019653029], [-77.0368783481005, -12.12496633581605], [-77.03695158255147, -12.124965451321053]], [[-77.03695158255147, -12.124965451321053], [-77.03719080429016, -12.1249625620361]], [[-77.03400332655424, -12.124959548485235], [-77.03400898449406, -12.124965229863449], [-77.03401502611916, -12.1249705143651], [-77.0340214306958, -12.124975332549015], [-77.03402820841653, -12.124979574979726], [-77.0340355674774, -12.124983201265197], [-77.0340418728539, -12.124985596164823], [-77.0340477274733, -12.124987294825992], [-77.03405535004283, -12.124988847649691], [-77.034063151426, -12.124989876759686], [-77.03407108220355, -12.124990527128162], [-77.0340797762645, -12.124990935095784], [-77.03408854217174, -12.12499112742958], [-77.03411504777556, -12.124991016913198], [-77.03417701340882, -12.124989927557642], [-77.03421260434462, -12.12498949636657], [-77.0343696697474, -12.124988371302967], [-77.03457013270885, -12.124987205883478], [-77.03487999994974, -12.124985958164483]]]}, "geometry_name": "geometria", "properties": {"tipo": "CALLE", "codigo": 646, "observacion": "TRAMO", "nomenclatura": "Ca. Tripoli", "clasificacion": "LOCALES", "cod_via": 646, "tipo_abreviatura": null, "nom_anterior": null}}, {"type": "Feature", "id": "wms_tg_vias.346", "geometry": {"type": "MultiLineString", "coordinates": [[[-77.03392285611571, -12.129512404213704], [-77.03411527895621, -12.129975306865383]], [[-77.03390679998064, -12.129475307839162], [-77.03392285611571, -12.129512404213704]], [[-77.03389169652257, -12.129440412469355], [-77.03390679998064, -12.129475307839162]], [[-77.03371189888311, -12.129025004113121], [-77.03389169652257, -12.129440412469355]], [[-77.03342637273587, -12.128339599904859], [-77.0334276944057, -12.128344071282099], [-77.03371189888311, -12.129025004113121]], [[-77.03235155627071, -12.125763473902667], [-77.03268064486166, -12.126549471666692]], [[-77.0320160449267, -12.12495916344916], [-77.03202732057233, -12.124982929560149], [-77.03203616086431, -12.125002401458614], [-77.03204582165445, -12.125024454943679], [-77.03205751433134, -12.125052104371168], [-77.03230721437554, -12.125653430575657], [-77.03232558096235, -12.125698406748175], [-77.03235155627071, -12.125763473902667]], [[-77.03095241658059, -12.12259085397656], [-77.0311512449565, -12.123005418447471]], [[-77.03168512474535, -12.12414295609017], [-77.0316876546247, -12.124154155617436], [-77.03169166000045, -12.124170740969268], [-77.03169702139266, -12.124190882808929], [-77.03170008439419, -12.12420128397921], [-77.03170312782429, -12.12421079865657], [-77.03170620447024, -12.12421972651833], [-77.03170917150123, -12.124227764028271], [-77.03171484536558, -12.124242106546484], [-77.03172617088838, -12.12426967825258], [-77.03177667661411, -12.1243906704903], [-77.03197969928712, -12.124878506566608], [-77.03198751372963, -12.124896783924882], [-77.03199645333007, -12.124917120042253], [-77.03200486648713, -12.124935618961436], [-77.0320160449267, -12.12495916344916]], [[-77.0311512449565, -12.123005418447471], [-77.03127381349722, -12.123260976855656], [-77.03168512474535, -12.12414295609017]], [[-77.03304350342633, -12.127422985166026], [-77.03342637273587, -12.128339599904859]], [[-77.03268064486166, -12.126549471666692], [-77.03304350342633, -12.127422985166026]]]}, "geometry_name": "geometria", "properties": {"tipo": "CALLE", "codigo": 583, "observacion": "TRAMO", "nomenclatura": "Ca. Porta", "clasificacion": "LOCALES", "cod_via": 583, "tipo_abreviatura": null, "nom_anterior": null}}, {"type": "Feature", "id": "wms_tg_vias.356", "geometry": {"type": "MultiLineString", "coordinates": [[[-77.02671191012844, -12.11748771728495], [-77.026643478261, -12.117489460239984], [-77.02641076849052, -12.117490559204999]], [[-77.02743598994093, -12.117480488411191], [-77.02680578209826, -12.117485819073583], [-77.02676384682802, -12.117486462744166], [-77.02671191012844, -12.11748771728495]]]}, "geometry_name": "geometria", "properties": {"tipo": "CALLE", "codigo": 497, "observacion": "TRAMO", "nomenclatura": "Ca. Leoncio Prado", "clasificacion": "LOCALES", "cod_via": 497, "tipo_abreviatura": null, "nom_anterior": null}}, {"type": "Feature", "id": "wms_tg_vias.358", "geometry": {"type": "MultiLineString", "coordinates": [[[-77.02383253383165, -12.128602001382873], [-77.02337476232834, -12.128482958233088]], [[-77.0214862913567, -12.12805760457386], [-77.02077245515234, -12.1280491160415]], [[-77.02292072093721, -12.128370081759522], [-77.02209411006643, -12.12816178450707]], [[-77.02209411006643, -12.12816178450707], [-77.02175638694352, -12.128075526522515], [-77.02170419417737, -12.128064918823288], [-77.02165128875878, -12.128058593831701], [-77.02159803300565, -12.128056594864379], [-77.0214862913567, -12.12805760457386]], [[-77.02080671665419, -12.12798576091598], [-77.02021072958618, -12.127650171263367]], [[-77.01891544583962, -12.127619156943574], [-77.01809184882353, -12.127601342026368]], [[-77.02021072958618, -12.127650171263367], [-77.01960613766467, -12.127636830206763], [-77.01954660146609, -12.12763562649869]], [[-77.01954660146609, -12.12763562649869], [-77.01891544583962, -12.127619156943574]]]}, "geometry_name": "geometria", "properties": {"tipo": "CALLE", "codigo": 463, "observacion": "TRAMO", "nomenclatura": "Ca. Jose Gabriel Chariarse", "clasificacion": "LOCALES", "cod_via": 463, "tipo_abreviatura": null, "nom_anterior": null}}, {"type": "Feature", "id": "wms_tg_vias.361", "geometry": {"type": "MultiLineString", "coordinates": [[[-77.01819557264969, -12.123342105353286], [-77.01814590568381, -12.123344292748769]], [[-77.01814590568381, -12.123344292748769], [-77.01721838706777, -12.123324056685822]], [[-77.01721838706777, -12.123324056685822], [-77.0159112234494, -12.123295532867367]], [[-77.0159112234494, -12.123295532867367], [-77.01460890507104, -12.123267108603056]], [[-77.02041600954531, -12.122431278293245], [-77.02041582593478, -12.12243129047759], [-77.02037138431783, -12.12244487927319], [-77.02032944740502, -12.122464732240754], [-77.01972533445857, -12.122873721769848]], [[-77.02057591862199, -12.122420905374472], [-77.02041600954531, -12.122431278293245]], [[-77.02105009794535, -12.122322837616938], [-77.02089560143529, -12.122444524887786], [-77.02079840371489, -12.122510517021327], [-77.02077116585843, -12.122531942585583], [-77.02074739047094, -12.122557043969882], [-77.02072758479859, -12.122585285639396], [-77.02071217139455, -12.122616065061585]], [[-77.02105009794535, -12.122322837616938], [-77.0209839112237, -12.122359944615182], [-77.0209442270869, -12.122376392861279], [-77.02090306898094, -12.122388849533364], [-77.02086085037692, -12.122397189492165], [-77.02081799539991, -12.122401328954703], [-77.02057591862199, -12.122420905374472]], [[-77.02031476568675, -12.122293161460242], [-77.0202812211263, -12.122335289255703], [-77.02024249753674, -12.122372870552294], [-77.01964820828965, -12.122771755043752]], [[-77.02038511997553, -12.122147617981362], [-77.02031715798822, -12.122289689641757], [-77.02031476568675, -12.122293161460242]], [[-77.01373069179927, -12.123247937604818], [-77.01317347932859, -12.12323541795073], [-77.01315356835887, -12.123235330157916], [-77.01313391015398, -12.12323844333273], [-77.01311503259923, -12.123244673876561], [-77.01309744261715, -12.123253854479634], [-77.01308161255488, -12.12326573861358], [-77.01306796750056, -12.123280007151633], [-77.01305687386771, -12.123296276937886], [-77.01304862955654, -12.123314111076747]], [[-77.01722201350044, -12.123179285920955], [-77.01591512319632, -12.12315012464139]], [[-77.01591512319632, -12.12315012464139], [-77.01461297617968, -12.123121062755166]], [[-77.01461297617968, -12.123121062755166], [-77.01373285298351, -12.123101416609593]], [[-77.01460890507104, -12.123267108603056], [-77.01373069179927, -12.123247937604818]], [[-77.01904506315297, -12.123212450265216], [-77.01892696853831, -12.123247442983837], [-77.01880735743782, -12.123277031219876], [-77.01868648514767, -12.123301151819351], [-77.01856460965656, -12.12331975329813], [-77.0184419910944, -12.12333279595231], [-77.01831889117749, -12.12334025194243], [-77.01819557264969, -12.123342105353286]], [[-77.01819855303154, -12.12321970970463], [-77.0181494202094, -12.123199975674341]], [[-77.01900655979252, -12.123083272778164], [-77.01887545557656, -12.123122943926948], [-77.01874245462872, -12.123155940522858], [-77.01860790764792, -12.12318217555818], [-77.01847216941016, -12.12320157985409], [-77.01833559783287, -12.123214102243242], [-77.01819855303154, -12.12321970970463]], [[-77.0181494202094, -12.123199975674341], [-77.01722201350044, -12.123179285920955]], [[-77.01373285298351, -12.123101416609593], [-77.01305393220063, -12.123086258805033]], [[-77.01972533445857, -12.122873721769848], [-77.01962089445101, -12.12294169463114], [-77.01951343464657, -12.123004946020313], [-77.01940317533195, -12.123063346273312], [-77.01929034253295, -12.123116775670372], [-77.01917516755174, -12.12316512468181], [-77.01905788649209, -12.123208294192564], [-77.01904506315297, -12.123212450265216]], [[-77.01964820828965, -12.122771755043752], [-77.0195475365425, -12.122835290718374], [-77.0194440753726, -12.122894328440792], [-77.01933803219215, -12.122948749853876], [-77.01922961958988, -12.122998445855265], [-77.01911905490529, -12.12304331681548], [-77.01900655979252, -12.123083272778164]], [[-77.02222691923205, -12.121185600791836], [-77.02224296288566, -12.121230866580962], [-77.02225266043351, -12.121277847043014], [-77.02225583492388, -12.12132568493742], [-77.02225242842884, -12.121373507377333]], [[-77.0221927122725, -12.121125385206007], [-77.0222113429126, -12.121154652988812], [-77.02222691923205, -12.121185600791836]], [[-77.0221927122725, -12.121125385206007], [-77.0221717609632, -12.121098718650195], [-77.02214827494946, -12.121074182063035]], [[-77.02214827494946, -12.121074182063035], [-77.02211331736447, -12.121045114684959], [-77.02207482283455, -12.121020755689125], [-77.02203344202896, -12.121001516813049], [-77.02198987440268, -12.120987723249632], [-77.02194485637409, -12.120979608150131], [-77.02189914887747, -12.120977308683633], [-77.02185352450095, -12.120980863718072], [-77.02180875442777, -12.120990213163697], [-77.02176559540148, -12.121005198988389], [-77.02170770013925, -12.121037928976472], [-77.02165312145617, -12.121075776620394]], [[-77.02405022947802, -12.119789274314899], [-77.02395337579422, -12.119854364594467]], [[-77.02420640041507, -12.119857384136488], [-77.02412944656119, -12.119909019614543]], [[-77.02290286431574, -12.12073204980618], [-77.02222691923205, -12.121185600791836]], [[-77.02282391979094, -12.12061761022343], [-77.02214827494946, -12.121074182063035]], [[-77.02412944656119, -12.119909019614543], [-77.02290286431574, -12.12073204980618]], [[-77.02395337579422, -12.119854364594467], [-77.02282391979094, -12.12061761022343]], [[-77.0286973674821, -12.11920470609572], [-77.0286523318803, -12.119191158598397], [-77.02860796830942, -12.119184935257993], [-77.02856316016266, -12.11918434878754], [-77.02819147191421, -12.11918622327814]], [[-77.02889607747325, -12.119065175415466], [-77.0288852479113, -12.119065230269197], [-77.02818803823045, -12.119068747559183]], [[-77.02672081150666, -12.11907614285903], [-77.0261316872857, -12.119079109704787]], [[-77.02818803823045, -12.119068747559183], [-77.02745013582438, -12.119072467605521]], [[-77.02745013582438, -12.119072467605521], [-77.02672081150666, -12.11907614285903]], [[-77.0261316872857, -12.119079109704787], [-77.02549315918885, -12.11908858760804]], [[-77.02611018016434, -12.119196712736663], [-77.02589291206341, -12.119200648746098], [-77.02567583500444, -12.119210439164416], [-77.02545911187033, -12.119226076647903]], [[-77.02819147191421, -12.11918622327814], [-77.02745160460435, -12.119189954137719]], [[-77.02745160460435, -12.119189954137719], [-77.02672422067866, -12.119193619776853]], [[-77.02672422067866, -12.119193619776853], [-77.02611018016434, -12.119196712736663]], [[-77.0244466765156, -12.11969615898179], [-77.02420640041507, -12.119857384136488]], [[-77.02545911187033, -12.119226076647903], [-77.02526780795726, -12.119238472788624], [-77.02521112660008, -12.119243074240396], [-77.02515537392598, -12.119254132140524], [-77.02510130683757, -12.119271496366727], [-77.02504965935421, -12.11929493118169], [-77.02500113264705, -12.119324118432942], [-77.0244466765156, -12.11969615898179]], [[-77.02066932551037, -12.121742391465034], [-77.0206267900552, -12.121775610470833], [-77.0205873461838, -12.121812337906654], [-77.02054927323368, -12.121855312053787], [-77.02051674150104, -12.121902488274623], [-77.02049022528526, -12.121953178764144], [-77.02038511997553, -12.122147617981362]], [[-77.02066932551037, -12.121742391465034], [-77.02049358071733, -12.121848762803989], [-77.02040191138829, -12.121906189701317], [-77.02038227925303, -12.121916484911749], [-77.02036125697667, -12.121923645209813], [-77.02033935780427, -12.121927495781478], [-77.02023182005831, -12.121928040123507]], [[-77.02220065300043, -12.121510262493503], [-77.02217114333364, -12.12154932954741], [-77.02213635970668, -12.12158394047826], [-77.02204950512478, -12.121642264561002]], [[-77.02204950512478, -12.121642264561002], [-77.02105009794535, -12.122322837616938]], [[-77.02225242842884, -12.121373507377333], [-77.02224202098716, -12.121421418392716], [-77.02222463916986, -12.12146732921729], [-77.02220065300043, -12.121510262493503]], [[-77.02165312145617, -12.121075776620394], [-77.02066932551037, -12.121742391465034]]]}, "geometry_name": "geometria", "properties": {"tipo": "AVENIDA", "codigo": 199, "observacion": "INTERSECCION", "nomenclatura": "Av. Ricardo Palma", "clasificacion": "COLECTORAS", "cod_via": 199, "tipo_abreviatura": null, "nom_anterior": null}}, {"type": "Feature", "id": "wms_tg_vias.362", "geometry": {"type": "MultiLineString", "coordinates": [[[-77.02991878782457, -12.130792879325373], [-77.0299821022899, -12.13151020346374]], [[-77.02982555952309, -12.130828101647667], [-77.02987980383715, -12.131469186409237]], [[-77.02977050267621, -12.13017741075074], [-77.02982555952309, -12.130828101647667]], [[-77.02986208346765, -12.130150147748656], [-77.02986287654521, -12.130159421347962], [-77.02991878782457, -12.130792879325373]], [[-77.02974032816205, -12.129829006339142], [-77.0297688008434, -12.13015729267367], [-77.02977050267621, -12.13017741075074]], [[-77.02983115714777, -12.129788713229598], [-77.02986208346765, -12.130150147748656]], [[-77.02958146491687, -12.126870471224267], [-77.02965821405908, -12.127767482385195]], [[-77.02948646234027, -12.126901931023896], [-77.02956624170476, -12.127821803615104]], [[-77.02964266797458, -12.12870299587125], [-77.02974032816205, -12.129829006339142]], [[-77.02973466488865, -12.128660989704471], [-77.02983115714777, -12.129788713229598]], [[-77.02965821405908, -12.127767482385195], [-77.02973466488865, -12.128660989704471]], [[-77.02956624170476, -12.127821803615104], [-77.02964266797458, -12.12870299587125]], [[-77.02937499951501, -12.124563955848362], [-77.0293821886962, -12.124627949885458], [-77.02940090611978, -12.125078340378858], [-77.0294163625595, -12.12548216694687]], [[-77.02936790101103, -12.124500777286753], [-77.02937499951501, -12.124563955848362]], [[-77.02923907194696, -12.123506426975194], [-77.02927745915285, -12.123794379963446], [-77.02933684982534, -12.124224385494474], [-77.02936790101103, -12.124500777286753]], [[-77.02908403129032, -12.122378711352523], [-77.02909629783359, -12.122494341796209], [-77.0291470926237, -12.12284836564335], [-77.02916150664588, -12.122959856264263]], [[-77.02902466806954, -12.121689026226582], [-77.02903258459102, -12.121781711865705], [-77.02906960670728, -12.122242729340364], [-77.02908403129032, -12.122378711352523]], [[-77.0286974192954, -12.11920468222394], [-77.02873817071286, -12.119220323571994], [-77.02877279756024, -12.119245340334887], [-77.02880623800445, -12.119282616272983], [-77.02883690213996, -12.119322538436277], [-77.02887086061006, -12.119380784565756], [-77.02890563208315, -12.119454570996998], [-77.02894525856777, -12.119546065131212], [-77.02895383967969, -12.119843334796993]], [[-77.02897230924812, -12.120351893957489], [-77.02897538952388, -12.12042802738149], [-77.02900086489723, -12.12109551999147]], [[-77.02895383967969, -12.119843334796993], [-77.02897230924812, -12.120351893957489]], [[-77.02900769800277, -12.12132531256294], [-77.02900809098409, -12.121338536950715], [-77.02901787262074, -12.121571621300815], [-77.02901978670045, -12.121631868843023], [-77.02902466806954, -12.121689026226582]], [[-77.02900086489723, -12.12109551999147], [-77.02900769800277, -12.12132531256294]], [[-77.02922353977478, -12.123391748686162], [-77.02922567415679, -12.12340592829964], [-77.02923907194696, -12.123506426975194]], [[-77.02916150664588, -12.122959856264263], [-77.02917961618373, -12.123099935357665], [-77.02922353977478, -12.123391748686162]], [[-77.02944109273417, -12.125992388048479], [-77.02945084964702, -12.126187075859068], [-77.02950766564773, -12.126894909462996]], [[-77.0294163625595, -12.12548216694687], [-77.02941907897015, -12.125553126858875], [-77.02944109273417, -12.125992388048479]]]}, "geometry_name": "geometria", "properties": {"tipo": "AVENIDA", "codigo": 104, "observacion": "TRAMO", "nomenclatura": "Av. Jose A. Larco", "clasificacion": "COLECTORAS", "cod_via": 104, "tipo_abreviatura": null, "nom_anterior": null}}, {"type": "Feature", "id": "wms_tg_vias.363", "geometry": {"type": "MultiLineString", "coordinates": [[[-77.0290030357983, -12.118276097221026], [-77.02891969313606, -12.11877246170568], [-77.02890362244794, -12.118896928285372], [-77.0288993494273, -12.118974678226385], [-77.02889607747325, -12.119065175415466]], [[-77.0292195553328, -12.117987706374041], [-77.02915472430493, -12.118390981176242], [-77.0291346834339, -12.118536759739209], [-77.02912278169504, -12.118698261972995], [-77.02911285200129, -12.119041820625318]], [[-77.02906823042395, -12.117891610884561], [-77.0290030357983, -12.118276097221026]], [[-77.0293927552371, -12.116966318721234], [-77.0292195553328, -12.117987706374041]], [[-77.02922701348946, -12.116955176673956], [-77.02906823042395, -12.117891610884561]], [[-77.02993077167207, -12.113793515083115], [-77.02975033125739, -12.114857614592006]], [[-77.02976451422165, -12.113785208472818], [-77.02964586984325, -12.114484928307684]], [[-77.02956979603057, -12.115922272475016], [-77.0293927552371, -12.116966318721234]], [[-77.02940202150927, -12.115923051208128], [-77.02922701348946, -12.116955176673956]], [[-77.02975033125739, -12.114857614592006], [-77.02956979603057, -12.115922272475016]], [[-77.02964586984325, -12.114484928307684], [-77.02940202150927, -12.115923051208128]], [[-77.03029864395201, -12.11162406750112], [-77.03012344822608, -12.11265724898069]], [[-77.03013069153077, -12.111625612191967], [-77.02995668883554, -12.112651824688767]], [[-77.0299414426217, -12.113730584202473], [-77.02993077167207, -12.113793515083115]], [[-77.02977514649452, -12.113722502020755], [-77.02976451422165, -12.113785208472818]], [[-77.03012344822608, -12.11265724898069], [-77.0299414426217, -12.113730584202473]], [[-77.02995668883554, -12.112651824688767], [-77.02977514649452, -12.113722502020755]], [[-77.03052193983581, -12.109318140904552], [-77.03048265680829, -12.109549821917062]], [[-77.03070074206718, -12.109252761107783], [-77.03064885215339, -12.109558774269903]], [[-77.03061034474072, -12.108796748234042], [-77.03052193983581, -12.109318140904552]], [[-77.03077379932446, -12.1088219142088], [-77.03070074206718, -12.109252761107783]], [[-77.03097319483331, -12.106656737748274], [-77.03088673646891, -12.107166654022016]], [[-77.03131702307657, -12.105618300199026], [-77.03113613039223, -12.106685105184885]], [[-77.03095516571608, -12.107752328287685], [-77.03077379932446, -12.1088219142088]], [[-77.03079226343552, -12.107723834065348], [-77.03061034474072, -12.108796748234042]], [[-77.03088673646891, -12.107166654022016], [-77.03079226343552, -12.107723834065348]], [[-77.03113613039223, -12.106685105184885], [-77.03095516571608, -12.107752328287685]], [[-77.03148710189812, -12.103562577522068], [-77.03133599523359, -12.104516996176901]], [[-77.03115426173908, -12.105588835174151], [-77.03097319483331, -12.106656737748274]], [[-77.03149919519176, -12.10454394539064], [-77.03131702307657, -12.105618300199026]], [[-77.03164618425785, -12.103612904998224], [-77.03149919519176, -12.10454394539064]], [[-77.03133599523359, -12.104516996176901], [-77.03115426173908, -12.105588835174151]], [[-77.0304734371497, -12.110593256978216], [-77.03029864395201, -12.11162406750112]], [[-77.03030631050702, -12.110589863540216], [-77.03013069153077, -12.111625612191967]], [[-77.03064885215339, -12.109558774269903], [-77.0304734371497, -12.110593256978216]], [[-77.03048265680829, -12.109549821917062], [-77.03030631050702, -12.110589863540216]]]}, "geometry_name": "geometria", "properties": {"tipo": "AVENIDA", "codigo": 7, "observacion": "TRAMO", "nomenclatura": "Av. Arequipa", "clasificacion": "COLECTORAS", "cod_via": 7, "tipo_abreviatura": null, "nom_anterior": null}}, {"type": "Feature", "id": "wms_tg_vias.364", "geometry": {"type": "MultiLineString", "coordinates": [[[-77.04257913908336, -12.119207996848544], [-77.04261331843867, -12.119236064088758], [-77.04265125906299, -12.119258979415966], [-77.04269216533375, -12.119276262291258], [-77.04273517943778, -12.119287550289298], [-77.0427793993598, -12.1192926066988], [-77.04282389779816, -12.11929132548612], [-77.04286774161092, -12.119283733519243], [-77.04291001138377, -12.119269990003653]], [[-77.03986992640871, -12.119257411064659], [-77.03990286932532, -12.119284267638491], [-77.03993909464246, -12.119306660490206], [-77.03997798179296, -12.119324206013175], [-77.04001886460976, -12.1193366036391], [-77.04006104273857, -12.119343640987458], [-77.04010379363488, -12.11934519750342]], [[-77.04010379363488, -12.11934519750342], [-77.04014707806178, -12.119341137496727], [-77.04018943198243, -12.119331460582071], [-77.04023010604334, -12.11931633797042], [-77.04026838061296, -12.119296037221215], [-77.04030357851336, -12.119270917508901], [-77.04033507700169, -12.11924142326802]], [[-77.02930335914375, -12.11920006478839], [-77.03025862197815, -12.119192038815134]], [[-77.03025862197815, -12.119192038815134], [-77.03030114623213, -12.1191916451364]], [[-77.03030114623213, -12.1191916451364], [-77.03197615964635, -12.119176129899836]], [[-77.03197615964635, -12.119176129899836], [-77.03282718355108, -12.119168243160582]], [[-77.034768215874, -12.119150245103523], [-77.03583466907824, -12.119140350286697]], [[-77.03282718355108, -12.119168243160582], [-77.03371697475895, -12.119159994400004]], [[-77.03371697475895, -12.119159994400004], [-77.034768215874, -12.119150245103523]], [[-77.03977787950744, -12.11910373022329], [-77.03979239188519, -12.119146564356686], [-77.03981285766584, -12.119186976352191], [-77.0398388734424, -12.119224169632233], [-77.03986992640871, -12.119257411064659]], [[-77.04291001138377, -12.119269990003653], [-77.04295099894613, -12.119249691035181], [-77.04298845939621, -12.119223614884538], [-77.04302155814113, -12.119192342511719], [-77.04304955776463, -12.11915657064459], [-77.04307183445637, -12.119117096256623], [-77.04308789190961, -12.11907479881025], [-77.04309737237871, -12.1190306206635]], [[-77.04033507700169, -12.11924142326802], [-77.04035999849323, -12.119211292245307], [-77.0403810487046, -12.119178425812997], [-77.04039792088034, -12.119143302921811], [-77.04041036915008, -12.119106435404523]], [[-77.04250024649843, -12.119083675184262], [-77.04251400269278, -12.119118096670087], [-77.0425319251986, -12.119150608851266], [-77.04255374607105, -12.119180725662213], [-77.04257913908336, -12.119207996848544]], [[-77.03583466907824, -12.119140350286697], [-77.03690842944938, -12.11913038412457]], [[-77.03690842944938, -12.11913038412457], [-77.03707374621304, -12.119128849458184]], [[-77.04041036915008, -12.119106435404523], [-77.04112555762995, -12.119098650775877]], [[-77.03707374621304, -12.119128849458184], [-77.03810466572247, -12.1191192757099]], [[-77.04112555762995, -12.119098650775877], [-77.04167421919061, -12.119092674635016]], [[-77.03810466572247, -12.1191192757099], [-77.0390070582705, -12.11911089293935]], [[-77.04309737237871, -12.1190306206635], [-77.04395833989675, -12.119018127392307]], [[-77.0390070582705, -12.11911089293935], [-77.03977787950744, -12.11910373022329]], [[-77.04167421919061, -12.119092674635016], [-77.04250024649843, -12.119083675184262]], [[-77.04041036915008, -12.119106435404523], [-77.04041900651863, -12.119062246396133], [-77.04042129858607, -12.119017303997174]], [[-77.03976759278945, -12.119024486181377], [-77.03977022631092, -12.11906442367151], [-77.03977787950744, -12.11910373022329]], [[-77.04297976886221, -12.118750346684145], [-77.04300702310914, -12.118773532494421], [-77.04303133355775, -12.11879969665529]], [[-77.0398615188257, -12.11879803184104], [-77.0398931545412, -12.118770260638309], [-77.03992817677272, -12.118746751893164], [-77.03996599642157, -12.118727901038444], [-77.04000597733506, -12.118714025157843], [-77.04004744700678, -12.118705357652745], [-77.0400897078891, -12.118702044315977]], [[-77.0400897078891, -12.118702044315977], [-77.04013139234252, -12.11870406674191], [-77.0401724751837, -12.118711298939987], [-77.04021228673726, -12.11872362302058], [-77.04025017805063, -12.118740838093425], [-77.04028553147214, -12.118762663541938], [-77.04031777071887, -12.118788743597651]], [[-77.04266930396237, -12.118713313524069], [-77.04271349824789, -12.11869808888542], [-77.04275952964825, -12.118689645447205], [-77.0428063302453, -12.118688179094969], [-77.04285281427566, -12.118693723846992], [-77.04289790332048, -12.118706151065831], [-77.04294055132414, -12.118725172442298], [-77.04297976886221, -12.118750346684145]], [[-77.04167366908729, -12.118915529492883], [-77.04249730338688, -12.118906555892119]], [[-77.04112334740245, -12.118921524126705], [-77.04167366908729, -12.118915529492883]], [[-77.04249730338688, -12.118906555892119], [-77.04251286161373, -12.11886511549562], [-77.04253438782959, -12.118826346865688], [-77.04256142292128, -12.118791076858491], [-77.0425933902831, -12.118760057711459], [-77.04262960811451, -12.118733950999204], [-77.04266930396237, -12.118713313524069]], [[-77.0430945300299, -12.11893304261078], [-77.04309819953178, -12.118956767330413], [-77.04309994630461, -12.118980703621347]], [[-77.03976759278945, -12.119024486181377], [-77.03977005334625, -12.118984268451491], [-77.03977760400807, -12.118944668906158]], [[-77.04040700041449, -12.11892932895359], [-77.04041725675506, -12.118972827486296], [-77.04042129858607, -12.119017303997174]], [[-77.04309737237871, -12.1190306206635], [-77.04309970883179, -12.119005714541885], [-77.04309994630461, -12.118980703621347]], [[-77.04248528384197, -12.118993922948485], [-77.042489317614, -12.119039355580172], [-77.04250024649843, -12.119083675184262]], [[-77.02911458388058, -12.11904211225755], [-77.03030091944103, -12.119032573557856]], [[-77.03030091944103, -12.119032573557856], [-77.03032852836611, -12.11903231803443]], [[-77.03032852836611, -12.11903231803443], [-77.03139622580906, -12.119022429452638]], [[-77.03139622580906, -12.119022429452638], [-77.03197423920152, -12.119017074503061]], [[-77.03197423920152, -12.119017074503061], [-77.03246096515169, -12.119012563872326]], [[-77.03246096515169, -12.119012563872326], [-77.03352716036824, -12.119002680815859]], [[-77.04381656970406, -12.118918502533639], [-77.04399793141545, -12.118916098021668]], [[-77.03352716036824, -12.119002680815859], [-77.03476669512433, -12.11899118523713]], [[-77.03476669512433, -12.11899118523713], [-77.03583293830066, -12.11898129296884]], [[-77.03583293830066, -12.11898129296884], [-77.03690627464336, -12.118971330929815]], [[-77.03690627464336, -12.118971330929815], [-77.03707159130936, -12.11896979628043]], [[-77.03707159130936, -12.11896979628043], [-77.03810232285515, -12.118960224919268]], [[-77.0430945300299, -12.11893304261078], [-77.04381656970406, -12.118918502533639]], [[-77.04248528384197, -12.118993922948485], [-77.0424880416759, -12.11894980622457], [-77.04249730338688, -12.118906555892119]], [[-77.03810232285515, -12.118960224919268], [-77.03900429974314, -12.118951846199074]], [[-77.04303133355775, -12.11879969665529], [-77.04305327819324, -12.118829904889788], [-77.04307129627072, -12.118862531203266], [-77.04308511629597, -12.11889708398854], [-77.0430945300299, -12.11893304261078]], [[-77.03900429974314, -12.118951846199074], [-77.03977760400807, -12.118944668906158]], [[-77.04040700041449, -12.11892932895359], [-77.04112334740245, -12.118921524126705]], [[-77.03977760400807, -12.118944668906158], [-77.03979096865903, -12.118904216636956], [-77.0398096416291, -12.118865853707883], [-77.03983329627846, -12.118830251183423], [-77.0398615188257, -12.11879803184104]], [[-77.04031777071887, -12.118788743597651], [-77.04034689505583, -12.118819283168518], [-77.04037174209789, -12.118853286033826], [-77.04039189097993, -12.118890176246726], [-77.04040700041449, -12.11892932895359]]]}, "geometry_name": "geometria", "properties": {"tipo": "AVENIDA", "codigo": 105, "observacion": "TRAMO", "nomenclatura": "Av. Jose Pardo", "clasificacion": "COLECTORAS", "cod_via": 105, "tipo_abreviatura": null, "nom_anterior": null}}, {"type": "Feature", "id": "wms_tg_vias.365", "geometry": {"type": "MultiLineString", "coordinates": [[[-77.02610900252114, -12.130060282551847], [-77.02609760488036, -12.130063868191266], [-77.02608096954779, -12.130069736305686], [-77.02607124237483, -12.13007351940949], [-77.02606115606021, -12.130077789582849], [-77.02605120298969, -12.130082432055328], [-77.02604167488286, -12.130087275680483], [-77.02603290887134, -12.13009208119396], [-77.02601818389175, -12.130100963099949], [-77.02598963804799, -12.130119128819793], [-77.02589311399328, -12.130181526270015], [-77.02516476578937, -12.130641000725376]], [[-77.02642537325909, -12.129936895466217], [-77.02617409745032, -12.13003745785013], [-77.0261608789665, -12.13004246133404], [-77.02614541025156, -12.130047974758517], [-77.02610900252114, -12.130060282551847]], [[-77.02659613642945, -12.12987082481158], [-77.02642537325909, -12.129936895466217]], [[-77.0289289490918, -12.128985957748522], [-77.02821212320804, -12.129256934540331]], [[-77.0274953069285, -12.129529406329313], [-77.02659613642945, -12.12987082481158]], [[-77.02821212320804, -12.129256934540331], [-77.0274953069285, -12.129529406329313]], [[-77.0312831609709, -12.128082048476623], [-77.02973466488865, -12.128660989704471]], [[-77.03245087142675, -12.127647509256455], [-77.0312831609709, -12.128082048476623]], [[-77.03420274456424, -12.126983322733338], [-77.0341690720995, -12.12698766148443], [-77.03411269285535, -12.12702182807899], [-77.03402438859156, -12.127053874210803], [-77.03389951009856, -12.127101887730634], [-77.03384144616498, -12.127124292461493], [-77.03378256668806, -12.127144348331338]], [[-77.03304350342633, -12.127422985166026], [-77.03245087142675, -12.127647509256455]], [[-77.03375385023924, -12.12714455913154], [-77.03361944113924, -12.127198137120098], [-77.03351532, -12.12724835295935], [-77.03339599530219, -12.127292400785299], [-77.0332918264768, -12.127336337335102], [-77.03319633690408, -12.127367651020617], [-77.0330763172498, -12.127409727725185], [-77.03304350342633, -12.127422985166026]], [[-77.02964266797458, -12.12870299587125], [-77.02964186794766, -12.128703361449002], [-77.0289289490918, -12.128985957748522]], [[-77.02973466488865, -12.128660989704471], [-77.02964266797458, -12.12870299587125]]]}, "geometry_name": "geometria", "properties": {"tipo": "CALLE", "codigo": 465, "observacion": "TRAMO", "nomenclatura": "Ca. Jose Gonzales", "clasificacion": "LOCALES", "cod_via": 465, "tipo_abreviatura": null, "nom_anterior": null}}, {"type": "Feature", "id": "wms_tg_vias.366", "geometry": {"type": "MultiLineString", "coordinates": [[[-77.0284392216596, -12.132691619116372], [-77.02844013835497, -12.132727434911228], [-77.02844103117148, -12.13275378075977], [-77.02844184670153, -12.132771246337262], [-77.02844301425125, -12.13278886208017], [-77.02844452830956, -12.132806628028868], [-77.02845417864087, -12.132904259201991], [-77.02845574504916, -12.132922023863037], [-77.02845703351696, -12.132939474226392], [-77.02845851120445, -12.132965180411603], [-77.02846181520563, -12.133033777078538], [-77.02846320295858, -12.133059493864076], [-77.02846832872663, -12.133136627228021], [-77.02846979466372, -12.133162722136856], [-77.02847143497648, -12.133197781563148], [-77.02847636911231, -12.133311744776925], [-77.02847808104514, -12.133346800062698], [-77.02847969357767, -12.133373209326693], [-77.02848504412685, -12.133451154469519], [-77.02848869940964, -12.13352125611376], [-77.02849033520782, -12.133547461849417], [-77.02849216931261, -12.133573654382795], [-77.02849421998448, -12.133599819119102], [-77.02849585900205, -12.133617223529914], [-77.02849684044742, -12.13362590104996], [-77.02849896029407, -12.133640084375052], [-77.028500991054, -12.133650870027461], [-77.02850589019184, -12.13367327845071], [-77.02851086492183, -12.13369378018497], [-77.0285160533138, -12.13374385572525]], [[-77.0284365846054, -12.132588670069364], [-77.0284392216596, -12.132691619116372]], [[-77.02835737825154, -12.131390253043154], [-77.02836071810775, -12.131421103640612], [-77.02836293646203, -12.131443215377189], [-77.02836489268377, -12.131465038006581], [-77.02836686581193, -12.131491524172171], [-77.02837280419529, -12.131577500807515], [-77.02838681860584, -12.131786512708343], [-77.0283993011565, -12.131968839984008], [-77.02840521909793, -12.13205975789225], [-77.02841609555966, -12.132219794507101], [-77.02843174132516, -12.132454894663944], [-77.02843331183091, -12.132481944136567], [-77.02843438101952, -12.132508292309076], [-77.0284354249333, -12.132543441064795], [-77.0284365846054, -12.132588670069364]], [[-77.02804554501226, -12.126555970517549], [-77.0280994160209, -12.127458974551798]], [[-77.02798900549662, -12.125702765075275], [-77.02799718320139, -12.125823805903543], [-77.02800567576027, -12.12594615495045], [-77.02801063810446, -12.126020704695913], [-77.02803328586015, -12.126371458751098], [-77.02804005627102, -12.126484574411048], [-77.02804238955137, -12.126517531956551], [-77.02804554501226, -12.126555970517549]], [[-77.02816116320776, -12.12840022429053], [-77.02821212320804, -12.129256934540331]], [[-77.0280994160209, -12.127458974551798], [-77.02816116320776, -12.12840022429053]], [[-77.02829672796038, -12.13042004575796], [-77.02835737825154, -12.131390253043154]], [[-77.02821212320804, -12.129256934540331], [-77.02829672796038, -12.13042004575796]], [[-77.027775858575, -12.12236819655335], [-77.02783262773198, -12.123167365512508]], [[-77.02772444856981, -12.121540077178391], [-77.02772759082654, -12.121586279604092], [-77.0277322312857, -12.121667387094979], [-77.02774083915529, -12.121810664023844], [-77.0277478295304, -12.121934001156353], [-77.0277573721286, -12.122084282102612], [-77.02776656029998, -12.12223737106788], [-77.02777136986546, -12.122310340304262], [-77.02777372227597, -12.122341960091038], [-77.027775858575, -12.12236819655335]], [[-77.02772149431472, -12.121505506328619], [-77.02772444856981, -12.121540077178391]], [[-77.02766047403175, -12.12040457940641], [-77.02772149431472, -12.121505506328619]], [[-77.02785419004309, -12.123620387527431], [-77.02785901673055, -12.123705209198304], [-77.02787029745981, -12.1238824733107], [-77.02788599078575, -12.124120020940197], [-77.027893055278, -12.124230155525556], [-77.02790685244656, -12.124436291519057], [-77.0279200246474, -12.124644558746255], [-77.0279257135995, -12.124723991901302]], [[-77.02783262773198, -12.123167365512508], [-77.02785419004309, -12.123620387527431]], [[-77.02793043071252, -12.124789077845893], [-77.0279336861188, -12.124833701366976], [-77.02793664968168, -12.124877263238307], [-77.0279469238531, -12.125040418970386], [-77.02795623813618, -12.125184001569107], [-77.02796499674926, -12.125327585520095], [-77.02798198161855, -12.125596933259706], [-77.02798509184308, -12.125645189348848], [-77.02798900549662, -12.125702765075275]], [[-77.0279257135995, -12.124723991901302], [-77.02793043071252, -12.124789077845893]]]}, "geometry_name": "geometria", "properties": {"tipo": "CALLE", "codigo": 301, "observacion": "TRAMO", "nomenclatura": "Ca. Alcanfores", "clasificacion": "LOCALES", "cod_via": 301, "tipo_abreviatura": null, "nom_anterior": null}}, {"type": "Feature", "id": "wms_tg_vias.375", "geometry": {"type": "MultiLineString", "coordinates": [[[-77.02205412551511, -12.132341627701464], [-77.0217982455264, -12.132794634319227], [-77.02150309270314, -12.13324696946588], [-77.02146436722211, -12.13330812800937], [-77.02142929204271, -12.133371382966219], [-77.0213979840037, -12.13343652363324], [-77.02137054739553, -12.133503333026006]], [[-77.02248203939939, -12.129731448574363], [-77.02247337297321, -12.129758360527223]], [[-77.02190095925135, -12.131535833136406], [-77.02184168572609, -12.131700038424345], [-77.02177589020441, -12.131861821095242], [-77.02170367462712, -12.132020930458678], [-77.02162515088408, -12.132177119965897], [-77.02154044064042, -12.132330147592157], [-77.02144967514816, -12.132479776211861], [-77.02135299504315, -12.13262577396573], [-77.02125055012672, -12.132767914620295], [-77.02114249913427, -12.13290597791838], [-77.02102900948867, -12.13303974992076]], [[-77.02273006046339, -12.130432807738933], [-77.02242611449267, -12.131408847045499]], [[-77.02242611449267, -12.131408847045499], [-77.02231693403537, -12.131728320679517], [-77.0222464432415, -12.13192014282521], [-77.02208824173002, -12.132276173899607], [-77.02205412551511, -12.132341627701464]], [[-77.02247337297321, -12.129758360527223], [-77.02190095925135, -12.131535833136406]], [[-77.02306310757378, -12.129416340681848], [-77.02305311238891, -12.129446579340874]], [[-77.02337476232834, -12.128482958233088], [-77.02306310757378, -12.129416340681848]], [[-77.023708072427, -12.127488336956604], [-77.02337476232834, -12.128482958233088]], [[-77.02322510670217, -12.127370372963389], [-77.02320386335077, -12.127462298772356], [-77.02317924738595, -12.127553406426298], [-77.02317682825748, -12.127563063258036], [-77.02301557149406, -12.12809234150408], [-77.02297347520285, -12.12821472512856], [-77.02292072093721, -12.128370081759522]], [[-77.02250234348716, -12.129670165495163], [-77.02248203939939, -12.129731448574363]], [[-77.02301895815285, -12.129549911358122], [-77.02273006046339, -12.130432807738933]], [[-77.02305311238891, -12.129446579340874], [-77.02301895815285, -12.129549911358122]], [[-77.02292072093721, -12.128370081759522], [-77.02250234348716, -12.129670165495163]], [[-77.02387272967506, -12.125432017732875], [-77.02387015511057, -12.12543762481187]], [[-77.02389545898528, -12.12534771036517], [-77.02387272967506, -12.125432017732875]], [[-77.02432268910098, -12.123723209412955], [-77.02411062747743, -12.124549613099608]], [[-77.02472269628177, -12.122107324497149], [-77.02432268910098, -12.123723209412955]], [[-77.02522701790336, -12.122074380744317], [-77.02479425195422, -12.123701896021037]], [[-77.0247600319992, -12.12196735125971], [-77.02472269628177, -12.122107324497149]], [[-77.02443674346712, -12.125333496180396], [-77.02439766634863, -12.126247090497305]], [[-77.02444538654653, -12.125262626557435], [-77.02443674346712, -12.125333496180396]], [[-77.02389779285502, -12.125339053772377], [-77.02389545898528, -12.12534771036517]], [[-77.02411062747743, -12.124549613099608], [-77.02389779285502, -12.125339053772377]], [[-77.02479425195422, -12.123701896021037], [-77.02463598015308, -12.124358494441665], [-77.02456418042492, -12.124666306209575], [-77.02444538654653, -12.125262626557435]], [[-77.0240982192659, -12.126402717571136], [-77.02395405056116, -12.126840980167438], [-77.02381508952334, -12.127266458236454], [-77.02375669875741, -12.127399033029821], [-77.023708072427, -12.127488336956604]], [[-77.02368327235642, -12.125844724885392], [-77.02334871483181, -12.126909355360924], [-77.02322510670217, -12.127370372963389]], [[-77.02366216298964, -12.125469803956998], [-77.02373786263101, -12.125594227614954], [-77.02374411776275, -12.125618095009006], [-77.02373956478424, -12.12565878176264], [-77.02368327235642, -12.125844724885392]], [[-77.02387015511057, -12.12543762481187], [-77.02368327235642, -12.125844724885392]], [[-77.02443674346712, -12.125333496180396], [-77.02440800057988, -12.125501281142888], [-77.024393333177, -12.125563663693965], [-77.02436600940136, -12.125646364227716], [-77.02432581379071, -12.125729229298084], [-77.02430113390051, -12.125784838618227], [-77.02427078532018, -12.125869355315647], [-77.0242242009902, -12.126010119190992], [-77.02421327613041, -12.12604213973913], [-77.0240982192659, -12.126402717571136]], [[-77.02595696716077, -12.11994678262101], [-77.02577613925484, -12.1204070300817]], [[-77.02628904361123, -12.118301374596715], [-77.02627812481613, -12.118356897837675], [-77.026263451424, -12.118428998220208], [-77.02625305992535, -12.118479178790421], [-77.02623081795124, -12.118584719494594], [-77.02622354565047, -12.118620053848206], [-77.02615190675172, -12.118974051956048], [-77.0261414323082, -12.119027241019145], [-77.0261316872857, -12.119079109704787]], [[-77.02611018016434, -12.119196712736663], [-77.02595696716077, -12.11994678262101]], [[-77.02549315918885, -12.11908858760804], [-77.02545911187033, -12.119226076647903]], [[-77.0261316872857, -12.119079109704787], [-77.02611018016434, -12.119196712736663]], [[-77.02641496943716, -12.116681777705702], [-77.02642007631822, -12.116808958240926], [-77.02642007440203, -12.116809069423818]], [[-77.0263715977473, -12.11468582606618], [-77.02636911246499, -12.114909555792194], [-77.02637870911266, -12.11521509887089], [-77.02639374797457, -12.115419396915234]], [[-77.02645655786777, -12.116365037454752], [-77.0264698080493, -12.116510958667838], [-77.026474136162, -12.116569275326746], [-77.02647740423603, -12.11658364735863], [-77.02648357824658, -12.116596659607026], [-77.02649685156594, -12.116616649819045], [-77.02651443443033, -12.116627999724965]], [[-77.02643985682238, -12.116127581689485], [-77.02641496943716, -12.116681777705702]], [[-77.02643985682238, -12.116127581689485], [-77.02645655786777, -12.116365037454752]], [[-77.02639374797457, -12.115419396915234], [-77.02639690892966, -12.115463393077741], [-77.02640015424858, -12.115512482507969], [-77.0264172300994, -12.115786722513107], [-77.02642409263322, -12.11589900173301], [-77.02643985682238, -12.116127581689485]], [[-77.02641076849052, -12.117490559204999], [-77.02638214245175, -12.117724881918864], [-77.02635321978262, -12.11791759620542], [-77.02628904361123, -12.118301374596715]], [[-77.02642007440203, -12.116809069423818], [-77.02642398483341, -12.117129415059338], [-77.02642067755157, -12.117335094401534], [-77.02641076849052, -12.117490559204999]], [[-77.02632371742399, -12.112419587617174], [-77.02632387719629, -12.112487635377073], [-77.0263246075098, -12.112532817941947], [-77.02634230060897, -12.113318690770713], [-77.02634432554987, -12.113399845540105], [-77.02634773837522, -12.113496833092187]], [[-77.02637668782558, -12.11137870486965], [-77.02637288526442, -12.111408642507273], [-77.02637043810626, -12.111430266920284], [-77.02636932076976, -12.111441404626873], [-77.02636755921904, -12.111462842365082], [-77.02636555360942, -12.111498071350008], [-77.02635003699345, -12.111815835849187], [-77.02632551603688, -12.112312243158533], [-77.0263244043947, -12.112340327303123], [-77.02632391974461, -12.112363255137454], [-77.02632371961454, -12.112386520726586], [-77.02632371742399, -12.112419587617174]], [[-77.0266936097668, -12.10874847788671], [-77.02662559299232, -12.109296487030308]], [[-77.02679163243347, -12.108152244480754], [-77.02676433742757, -12.108249739252578], [-77.02674791020544, -12.108327099947964], [-77.0267228896326, -12.108489415789293], [-77.0266936097668, -12.10874847788671]], [[-77.02650413093322, -12.110348471809244], [-77.02649954649857, -12.110378495597063], [-77.02649473752473, -12.110411262287723], [-77.02648948830767, -12.11045019890554], [-77.02641828076626, -12.111009445880752], [-77.02641535869945, -12.111033984038249], [-77.02641350251677, -12.111051156473735], [-77.02641088360873, -12.111078138132717], [-77.02640426261591, -12.111150125437225], [-77.02640052384638, -12.111186083806027], [-77.02639530034395, -12.111230987205246], [-77.02638770746141, -12.111294067309226], [-77.02638351282228, -12.111327184711092], [-77.02637668782558, -12.11137870486965]], [[-77.02662559299232, -12.109296487030308], [-77.02650413093322, -12.110348471809244]], [[-77.02767235176242, -12.105451019520386], [-77.0276566511507, -12.105616677728735], [-77.02763505488538, -12.105781691988957], [-77.0276075895392, -12.105945859178046], [-77.02757428890943, -12.106108977215102]], [[-77.0276897322995, -12.104601908516193], [-77.02768406904526, -12.10505486905171], [-77.02767235176242, -12.105451019520386]], [[-77.0277058122208, -12.103921963537667], [-77.0276897322995, -12.104601908516193]], [[-77.02765380803629, -12.102934802240963], [-77.02767672437933, -12.103263555940579], [-77.02769406072473, -12.103592640276146], [-77.0277058122208, -12.103921963537667]], [[-77.02722614359729, -12.107053377877886], [-77.0270733737622, -12.107397740093909], [-77.02691521901603, -12.107779037940118], [-77.02681729392205, -12.10805590315612], [-77.02679163243347, -12.108152244480754]], [[-77.02757428890943, -12.106108977215102], [-77.02756267695361, -12.10615523781011], [-77.02755411862, -12.106187347705468], [-77.02753192179262, -12.106265418475902], [-77.02752441655096, -12.106291149706289], [-77.02751925899943, -12.106308254974577], [-77.02751383444955, -12.106325274523824], [-77.02750828308325, -12.106341432762996], [-77.02749090446028, -12.106389682301986], [-77.02747170481477, -12.106445150334716], [-77.02746309408828, -12.106468978983234], [-77.02745415166055, -12.106492789267564], [-77.02743899926928, -12.106532384808965], [-77.02742979803739, -12.106556100276007], [-77.02742040059124, -12.10657973854487], [-77.02740649241731, -12.106613088692487], [-77.02737810861984, -12.106679567179832], [-77.02736426045698, -12.106712351101939], [-77.02732545306091, -12.10680645754835], [-77.02730599186884, -12.106854291180714], [-77.0272505466241, -12.106991978980506], [-77.02722614359729, -12.107053377877886]], [[-77.02634948056915, -12.113560354743077], [-77.0263715977473, -12.11468582606618]], [[-77.02634773837522, -12.113496833092187], [-77.02634948056915, -12.113560354743077]], [[-77.02545016928605, -12.121273946434712], [-77.02522701790336, -12.122074380744317]], [[-77.0252260377891, -12.120168213407958], [-77.02515314689441, -12.120407476228245], [-77.02500743920392, -12.120824036841793], [-77.02496311602265, -12.120988765031202], [-77.02491350654078, -12.121258153553729], [-77.0247600319992, -12.12196735125971]], [[-77.02577613925484, -12.1204070300817], [-77.0257741980873, -12.120411970043625], [-77.02572284056708, -12.120546145704063], [-77.02571429614343, -12.12057065987831], [-77.02570239421638, -12.120601574079394], [-77.02568541589966, -12.120643829355759], [-77.02567721620065, -12.120664731185004], [-77.02565421365668, -12.120726246434037], [-77.02564407548365, -12.120752811254686], [-77.02563639460321, -12.120771992049159], [-77.02561447762073, -12.12082473238662], [-77.02556868862185, -12.120941108340688], [-77.02553293084328, -12.121029285258546], [-77.02552264119264, -12.121056106059717], [-77.02551321905541, -12.121082134204862], [-77.02550703147544, -12.121100562056142], [-77.02549050058794, -12.121152941274447], [-77.02545016928605, -12.121273946434712]], [[-77.02545911187033, -12.119226076647903], [-77.0252260377891, -12.120168213407958]]]}, "geometry_name": "geometria", "properties": {"tipo": "AVENIDA", "codigo": 33, "observacion": "TRAMO", "nomenclatura": "V\u00eda Expresa Luis Fern\u00e1n Bedoya Reyes", "clasificacion": "METROPOLITANA", "cod_via": 33, "tipo_abreviatura": null, "nom_anterior": null}}, {"type": "Feature", "id": "wms_tg_vias.27", "geometry": {"type": "MultiLineString", "coordinates": [[[-77.02869586986682, -12.123043348167066], [-77.0287060811743, -12.12310558482027], [-77.02872333241933, -12.123215387188745], [-77.02872861719376, -12.12324814597412], [-77.02873415887792, -12.123280625408615], [-77.02875435814101, -12.123396080311172], [-77.0287659121848, -12.123464855233212]]]}, "geometry_name": "geometria", "properties": {"tipo": "PASAJE", "codigo": 718, "observacion": "TRAMO", "nomenclatura": "Psje. Schell", "clasificacion": "LOCALES", "cod_via": 718, "tipo_abreviatura": "", "nom_anterior": ""}}, {"type": "Feature", "id": "wms_tg_vias.1134", "geometry": {"type": "MultiLineString", "coordinates": [[[-77.0264028915013, -12.12341684799954], [-77.02639772895586, -12.123759402313292]]]}, "geometry_name": "geometria", "properties": {"tipo": "PASAJE", "codigo": 0, "observacion": "TRAMO", "nomenclatura": "Psje. C", "clasificacion": "LOCALES", "cod_via": null, "tipo_abreviatura": "PSJE", "nom_anterior": ""}}, {"type": "Feature", "id": "wms_tg_vias.206", "geometry": {"type": "MultiLineString", "coordinates": [[[-77.02685334349162, -12.123336871849856], [-77.02680697037202, -12.123345592947542], [-77.0267643921443, -12.123353289380818], [-77.02651658337493, -12.123396951657895], [-77.0264028915013, -12.12341684799954]]]}, "geometry_name": "geometria", "properties": {"tipo": "CALLE", "codigo": 628, "observacion": "INTERSECCION", "nomenclatura": "Ca. Schell", "clasificacion": "LOCALES", "cod_via": 628, "tipo_abreviatura": null, "nom_anterior": null}}, {"type": "Feature", "id": "wms_tg_vias.1138", "geometry": {"type": "MultiLineString", "coordinates": [[[-77.0264028915013, -12.12341684799954], [-77.02632606152832, -12.123430327047341], [-77.02620937362175, -12.1234502488352], [-77.02614055261489, -12.123462211429656], [-77.02605482023144, -12.123476886161004], [-77.02601057346068, -12.123484642584947], [-77.02598393231231, -12.123489425096416], [-77.02596266498759, -12.123493426290754], [-77.02592876473514, -12.123500141793158], [-77.02589726342072, -12.12350658578373]]]}, "geometry_name": "geometria", "properties": {"tipo": "CALLE", "codigo": 628, "observacion": "INTERSECCION", "nomenclatura": "Ca. Schell", "clasificacion": "LOCALES", "cod_via": 628, "tipo_abreviatura": null, "nom_anterior": null}}, {"type": "Feature", "id": "wms_tg_vias.1141", "geometry": {"type": "MultiLineString", "coordinates": [[[-77.02479425195422, -12.123701896021037], [-77.02455847009416, -12.123712552819262]], [[-77.02589726342072, -12.12350658578373], [-77.02585270048746, -12.12351553481533], [-77.02581783960962, -12.123522147966085], [-77.025644529093, -12.123553155643629], [-77.02539271823164, -12.12359699083169], [-77.02528446735435, -12.123615665690942], [-77.02505423950144, -12.123656574479432], [-77.02479425195422, -12.123701896021037]], [[-77.02783262773198, -12.123167365512508], [-77.02685334349162, -12.123336871849856]], [[-77.02869586986682, -12.123043348167066], [-77.02783262773198, -12.123167365512508]], [[-77.03042980150427, -12.12270512872923], [-77.03039208296728, -12.122713376659389]], [[-77.03064329775286, -12.12265844546667], [-77.03042980150427, -12.12270512872923]], [[-77.03138546611179, -12.12249616235723], [-77.03132019124764, -12.122510435619986]], [[-77.03095241658059, -12.12259085397656], [-77.03064329775286, -12.12265844546667]], [[-77.03132019124764, -12.122510435619986], [-77.03095241658059, -12.12259085397656]], [[-77.02916150664588, -12.122959856264263], [-77.02912643757037, -12.122964172943888], [-77.02909405837123, -12.122971955017508], [-77.02906724164319, -12.122977913144942], [-77.02905015355506, -12.12298129377764], [-77.02899869798712, -12.122990552240166], [-77.02869586986682, -12.123043348167066]], [[-77.03039208296728, -12.122713376659389], [-77.02916150664588, -12.122959856264263]]]}, "geometry_name": "geometria", "properties": {"tipo": "CALLE", "codigo": 628, "observacion": "INTERSECCION", "nomenclatura": "Ca. Schell", "clasificacion": "LOCALES", "cod_via": 628, "tipo_abreviatura": null, "nom_anterior": null}}]}